{
  "Acoustic Snare": [
    0.01672534375,
    0.1144365625,
    0.93397840625,
    1.0457741249999999,
    1.14524590625,
    1.2552810625,
    1.3239429999999999,
    1.3987669062499999,
    1.47447109375,
    1.54841471875,
    1.6179569375,
    4.193659875,
    4.81953984375,
    5.8776379062499995,
    7.54489059375,
    8.20158040625,
    9.2693615625,
    9.559854375,
    10.96478325,
    12.644359875,
    12.96390196875,
    13.080979375,
    14.36002803125,
    14.87059115625,
    14.961260124999999,
    15.02552065625,
    15.09418259375,
    15.13291496875,
    16.01143565625,
    16.30544959375,
    16.59242128125,
    17.73326578125,
    19.38467340625,
    21.095059875,
    22.788721,
    23.41988265625,
    23.5228755625,
    24.4524525625,
    25.1320296875,
    25.2341423125,
    25.8045645625,
    26.62410640625,
    26.73502184375,
    26.82393025
  ],
  "High Tom": [
    0.21830975,
    0.31073928125,
    4.707744125,
    6.4110883437499995,
    6.6109121875,
    9.7887275,
    13.1742891875
  ],
  "Low-Mid Tom": [
    0.411971625,
    0.50968284375,
    4.6144343125,
    7.996474875,
    9.68573459375,
    16.1602031875,
    16.454217125
  ],
  "Bass Drum 1": [
    0.67517571875,
    0.7614432812499999,
    1.68749915625,
    3.34418846875,
    5.03961015625,
    6.7059825625,
    8.4084465,
    10.112671,
    13.48678903125,
    14.003514125,
    15.20157690625,
    16.71742121875,
    16.897878875,
    17.3221744375,
    18.5017513125,
    18.94453278125,
    20.25439128125,
    20.66988403125,
    21.95685521875,
    23.623227625,
    24.04664290625,
    25.34417746875,
    25.4770999375,
    26.99734565625
  ],
  "High Floor Tom": [
    0.841548875,
    6.3221799375,
    6.5123206875,
    9.88819928125,
    13.2869651875,
    16.74735078125
  ],
  "Crash Cymbal 1": [
    1.6954216874999999,
    6.7200670625,
    8.42517184375,
    9.98150909375,
    10.1003470625,
    13.390838375,
    13.50791578125,
    15.20861915625,
    16.9102028125,
    23.63819240625,
    27.0263949375
  ],
  "Closed Hi Hat": [
    2.49911846875,
    3.5616179375,
    5.47799021875,
    5.85122946875,
    7.0985879999999995,
    7.88027775,
    8.08186215625,
    8.3045733125,
    9.23503059375,
    10.4947130625,
    10.9348536875,
    11.257036625,
    11.5475294375,
    12.00087428125,
    12.591543,
    13.933091625,
    14.33097875,
    14.744710937499999,
    15.566893625,
    17.700695375,
    18.0140755,
    18.228864125,
    18.44805415625,
    18.55016678125,
    19.54840571875,
    19.73942675,
    19.96565903125,
    20.167243437499998,
    21.399637187499998,
    21.6197075,
    21.83801725,
    22.25791140625,
    22.45157328125,
    23.116185625,
    23.30016440625,
    24.0404809375,
    24.468297624999998,
    24.65931865625,
    24.7834383125,
    25.00086778125,
    26.2165361875,
    26.59241628125
  ],
  "Ride Cymbal 1": [
    3.36883634375,
    3.7623220625,
    3.9955965937499998,
    4.08714584375,
    4.4066879375,
    5.44453953125,
    6.08186315625,
    7.3503484375,
    7.4489399375,
    7.764080625,
    9.05193209375,
    9.45862203125,
    10.7482340625,
    11.16812821875,
    11.36531121875,
    11.78168425,
    12.228867124999999,
    12.4418951875,
    12.84770484375,
    14.1496408125,
    14.56425328125,
    14.779041906249999,
    15.77199915625,
    17.51143490625,
    18.12411065625,
    18.33713871875,
    18.55544846875,
    18.7517511875,
    18.9876665625,
    19.17868759375,
    19.27727909375,
    19.609145125,
    19.84594078125,
    20.05368715625,
    20.271116625,
    20.47622215625,
    20.6989333125,
    20.90227828125,
    21.3098485,
    21.52023571875,
    21.730622937499998,
    21.9418904375,
    22.14171428125,
    22.366186,
    22.55016478125,
    23.00438990625,
    23.219178531249998,
    24.25438928125,
    24.68748765625,
    24.90403684375,
    25.5915365,
    26.21389534375
  ],
  "Open Hi Hat": [
    19.93925059375
  ]
}