{
  "Acoustic Snare": [
    0.0,
    0.09107144375,
    0.6071429583333333,
    0.707142975,
    0.8160715645833333,
    1.6803574229166667,
    1.7910717270833334,
    1.8857146,
    2.0017860479166667,
    2.1125003520833334,
    2.22321465625,
    2.2821432375,
    2.34107181875,
    2.439286120833333,
    2.7535718875,
    3.2017862479166666
  ],
  "High Tom": [
    0.1714286,
    0.28214290416666665,
    0.9357144416666666,
    1.1553573354166666,
    2.5321432791666667,
    2.64107186875,
    2.869643335416667,
    3.0892862291666665
  ],
  "Bass Drum 1": [
    0.3714286333333333,
    0.48750008125,
    1.3375002229166666,
    1.4535716708333333
  ],
  "Low-Mid Tom": [
    1.0482144604166668,
    1.2607144958333334,
    1.56964311875,
    2.9767862104166665
  ],
  "Crash Cymbal 1": [
    3.2910719770833334
  ]
}