{
  "Bass Drum 1": [
    0.008152175000000001,
    0.334239175,
    0.9796196958333334
  ],
  "Open Hi Hat": [
    0.03532609166666667,
    0.34782613333333334,
    0.6671196541666666,
    0.986413175
  ],
  "Acoustic Snare": [
    0.652174,
    0.9741849125,
    1.2785327791666667,
    1.3328806125000001,
    1.4796197625,
    1.6317936958333334,
    1.785326325
  ],
  "Closed Hi Hat": [
    1.6114132583333334,
    1.9551633041666667
  ],
  "High Tom": [
    1.948369825,
    2.0991850625,
    2.258152475,
    2.422554670833333
  ]
}