{
  "Acoustic Snare": [
    0.0,
    0.023097829166666667,
    0.1630435,
    0.31657612916666666,
    0.45788049583333335,
    0.7894022791666667,
    0.9701088250000001,
    1.0176631791666666,
    1.116847975,
    1.2989132166666666,
    1.4673915,
    1.9714676541666667,
    1.9932067875000001,
    2.138587241666667,
    2.282609,
    2.436141629166667
  ],
  "High Tom": [
    0.644021825,
    1.6535328291666667
  ]
}