{
  "Closed Hi Hat": [
    0.38732374999999997,
    0.8362671875,
    1.25264021875,
    1.764083625,
    1.9920764687499999,
    2.2112665,
    3.4507025,
    3.8397868125,
    4.052814875,
    4.40140625,
    4.5757019375,
    4.7508779062499995,
    4.954222875,
    5.14876503125,
    5.3749973125,
    5.5836239687499996,
    5.802814,
    5.91108859375,
    6.130278625,
    6.34506725,
    6.6461234375,
    7.0616161875,
    7.2667217187499995,
    7.595066625,
    7.78608765625,
    8.0052776875,
    8.10651003125,
    8.83362234375,
    9.2271080625,
    9.6426008125,
    10.08538228125,
    10.5158398125,
    10.94101565625,
    11.3661915,
    11.7940081875,
    11.926050374999999,
    12.19277559375,
    12.66988803125,
    13.03608503125,
    13.46038059375,
    13.654922749999999,
    14.0510493125,
    14.49559134375,
    14.820415125,
    15.2341473125,
    15.299288125,
    15.52552040625,
    15.73678790625,
    16.57657621875,
    16.79840709375,
    17.0158365625,
    17.2306251875,
    17.44629409375,
    18.235906375,
    18.603863937499998,
    18.91460321875,
    19.13291296875,
    20.16460259375,
    22.38467190625,
    22.7940026875,
    23.10122084375,
    23.3221714375,
    23.53255865625,
    23.74558671875,
    23.9594950625,
    24.18572734375,
    24.366184999999998,
    25.18748740625,
    25.40403659375,
    25.838015249999998,
    26.50086703125,
    26.910197812499998,
    27.1285075625,
    27.56072565625,
    28.604739218749998,
    29.037837593749998,
    29.27375296875,
    29.9313230625,
    30.11178071875,
    30.3239285,
    30.5211115,
    30.75262546875,
    30.95068875,
    32.19628671875,
    32.40139225,
    32.598575249999996,
    33.27463125,
    33.461250875,
    33.8714619375,
    34.116180125,
    34.29135609375,
    35.55543996875,
    35.75086240625,
    35.97445384375,
    39.00262134375,
    39.18924096875,
    40.35825446875
  ],
  "Ride Cymbal 1": [
    1.68221746875,
    1.88028075,
    2.1038721875,
    2.30193546875,
    2.75263946875,
    3.15932940625,
    3.348589875,
    3.5545756875,
    3.757040375,
    4.179575375,
    4.299293625,
    4.65052584375,
    5.07042,
    5.2764058125,
    5.4841521875,
    5.69982109375,
    6.02112375,
    6.2271095625,
    6.44982071875,
    6.5580953125,
    6.7728839375,
    6.975348625,
    7.17693303125,
    7.38115828125,
    7.49383428125,
    7.70510178125,
    7.91636928125,
    9.03080534375,
    9.66284728125,
    10.11531184375,
    10.538727125,
    10.75263546875,
    11.179571875,
    11.39348021875,
    11.5915435,
    11.82657859375,
    12.235909375,
    12.34506425,
    12.54488809375,
    12.845064,
    13.0686554375,
    15.42868946875,
    15.64171753125,
    15.84242165625,
    15.940132875,
    16.2482313125,
    16.48150584375,
    16.67692828125,
    16.915484499999998,
    17.13995621875,
    17.34418146875,
    17.53608278125,
    17.82129390625,
    19.0193566875,
    19.235905875,
    19.33889878125,
    19.623229625,
    19.85210275,
    20.06337025,
    20.5017503125,
    22.573932375,
    23.00438990625,
    23.21213628125,
    23.42956575,
    23.635551562499998,
    23.8503401875,
    24.066889375,
    24.271114625,
    24.468297624999998,
    24.67692428125,
    25.088015625,
    25.2940014375,
    25.50614921875,
    25.740304031249998,
    25.96037434375,
    26.40051496875,
    26.6144233125,
    26.80544434375,
    27.03607803125,
    27.241183562499998,
    27.470056687499998,
    27.6707608125,
    27.778155124999998,
    28.0827324375,
    28.9278024375,
    29.158436124999998,
    29.374985312499998,
    29.468295125,
    29.792238625,
    30.017590625,
    30.221815875,
    30.43924534375,
    30.630266374999998,
    30.8503366875,
    31.06248446875,
    31.16195625,
    31.45332934375,
    31.6637165625,
    32.3080824375,
    32.500864031249996,
    32.71565265625,
    32.8221666875,
    33.15051159375,
    33.37234246875,
    33.559842375,
    33.78783521875,
    33.97093371875,
    34.1989265625,
    34.40579265625,
    34.524630625,
    34.81952484375,
    35.0334331875,
    35.65227090625,
    35.869700375,
    36.09417209375,
    36.18572134375,
    36.5087845625,
    36.74029853125,
    37.3855446875,
    37.605615,
    37.8186430625,
    37.9295585,
    38.257023124999996,
    38.48149484375,
    39.30015640625,
    39.433078875,
    39.8679378125
  ],
  "Acoustic Snare": [
    8.23150996875,
    8.26320009375,
    8.327460625,
    8.3609113125,
    9.2535165,
    10.95333959375,
    12.65228240625,
    12.98678928125,
    13.15052159375,
    13.2764018125,
    13.35650740625,
    13.46918340625,
    13.5792185625,
    14.14347884375,
    14.23502809375,
    14.33890128125,
    14.43749278125,
    14.65404196875,
    14.756154593749999,
    14.8292179375,
    14.87411228125,
    14.91284465625,
    14.96390096875,
    15.08009809375,
    16.04840746875,
    16.38291434375,
    18.197174,
    18.30896971875,
    18.4084415,
    18.4911879375,
    19.42692690625,
    20.59417984375,
    20.704215,
    20.80368678125,
    20.897876875,
    21.00439090625,
    21.1989330625,
    21.31601046875,
    21.42164421875,
    21.52815825,
    22.7834393125,
    24.86530446875,
    26.17604325,
    27.8855494375,
    28.188366187499998,
    28.30544359375,
    28.397873125,
    29.57304859375,
    31.269350562499998,
    31.55632225,
    31.742941875,
    32.9436455,
    34.61706015625,
    34.8221656875,
    34.933081125,
    35.130264125,
    36.306319875,
    36.60825634375,
    36.81248159375,
    37.285192625,
    37.48149534375,
    37.70156565625,
    38.04839646875,
    38.366178,
    38.5580793125,
    38.66987503125,
    38.76318484375,
    39.6954026875,
    39.93924059375,
    40.02198703125,
    40.08888840625
  ],
  "Bass Drum 1": [
    8.39524228125,
    9.87939646875,
    10.288727249999999,
    10.5299243125,
    13.9014015,
    14.0123169375,
    15.1602036875,
    15.609147125,
    17.63291371875,
    17.75351225,
    18.58361746875,
    20.3221729375,
    20.40932078125,
    21.8573834375,
    21.96037634375,
    23.63643184375,
    24.052804875,
    24.46565678125,
    24.87058615625,
    25.28871975,
    25.72533925,
    26.1742826875,
    26.59593740625,
    26.9999865,
    27.45509190625,
    27.904915625,
    28.278154875,
    28.7200560625,
    29.158436124999998,
    29.59241478125,
    29.997344156249998,
    30.42340028125,
    30.83889303125,
    31.27551253125,
    31.68220246875,
    32.0651248125,
    32.538716125,
    32.93924409375,
    33.35121571875,
    33.764067625,
    34.18220121875,
    34.624102406249996,
    35.02903178125,
    35.43396115625,
    35.86882009375,
    36.31248184375,
    36.71389009375,
    37.1531504375,
    37.59945303125,
    38.03959365625,
    38.482375125,
    38.8714594375,
    39.31776203125,
    39.7446984375
  ],
  "Crash Cymbal 1": [
    8.39700284375,
    12.00791653125,
    15.1848515625,
    18.59242028125,
    21.66284128125,
    21.855622874999998,
    21.95861578125,
    28.7235771875,
    32.09417409375,
    35.440123125,
    37.168115218749996,
    38.8749805625
  ],
  "High Tom": [
    9.5545726875,
    13.690134,
    13.808971968749999,
    21.10650353125,
    31.87410378125,
    31.96741359375,
    37.045756125
  ],
  "High Floor Tom": [
    10.11883296875,
    17.8221741875,
    21.72974265625,
    26.80896546875,
    28.50614771875,
    35.22621478125,
    35.3292076875
  ],
  "Open Hi Hat": [
    11.71214203125,
    12.13115590625,
    19.94805340625
  ],
  "Low-Mid Tom": [
    14.54840821875,
    17.8256953125,
    36.93660125
  ]
}