{
  "Acoustic Snare": [
    0.0,
    0.024456525,
    0.1630435,
    0.3369565666666667,
    0.48505441250000003,
    1.2581523416666667,
    1.312500175
  ],
  "High Tom": [
    0.6480979125,
    0.7948370625,
    0.9524457791666667,
    1.0991849291666667,
    1.6032610833333334,
    1.7513589291666667
  ],
  "Bass Drum 1": [
    1.4347828
  ],
  "High Floor Tom": [
    1.9171198208333333,
    2.0760872333333333,
    2.2391307333333335
  ]
}