{
  "Acoustic Snare": [
    0.0928029375,
    0.1950755625,
    0.3124996875,
    0.4185601875,
    0.65435540625,
    1.32670321875,
    1.7253770625,
    2.2253765625,
    3.151512,
    3.79545075,
    4.0757535,
    4.98389653125,
    5.8996153125,
    6.80397046875,
    7.68275746875,
    8.59752928125,
    9.030294,
    9.52366471875,
    10.15623984375,
    10.42328503125,
    11.3087008125,
    11.7480943125
  ],
  "Bass Drum 1": [
    0.6609841875,
    0.87026428125,
    1.526513625,
    1.98011165625,
    2.47442934375,
    2.9242395,
    3.86079159375,
    4.2935563125,
    4.38541228125,
    4.77177553125,
    5.6761306875,
    6.12972871875,
    6.35889515625,
    7.0123035937500005,
    7.4677955625,
    7.91571178125,
    8.14487821875,
    8.38540828125,
    8.84563509375,
    9.3124906875,
    9.7708235625,
    9.97631578125,
    10.6382469375,
    11.07290559375,
    11.3200644375,
    11.51419303125,
    11.75851096875
  ],
  "Closed Hi Hat": [
    0.87973396875,
    1.08427921875,
    1.3428016875,
    1.52272575,
    1.7632558125,
    1.9678010625,
    2.231058375,
    2.68086853125,
    2.90151225,
    3.16003471875,
    3.35132240625,
    3.617420625,
    3.8390113125,
    4.08806409375,
    4.2878745,
    4.53692728125,
    4.757571,
    4.999995,
    5.1950705625,
    5.45738090625,
    5.90813803125,
    6.3626830312500005,
    6.56533434375,
    6.8200689375,
    7.242417,
    7.44696225,
    7.69790896875,
    8.1420373125,
    8.34090075,
    8.61268078125,
    9.06911971875,
    9.53502834375,
    9.99999,
    10.44033046875,
    10.87025428125,
    11.82669271875
  ],
  "Open Hi Hat": [
    5.6723428125,
    10.20453525,
    11.08237528125,
    11.31343565625,
    11.75472309375
  ]
}