{
  "Bass Drum 1": [
    0.04821429375,
    0.4267857854166667,
    0.84107156875,
    1.0428573166666666,
    1.34464308125,
    1.4696431020833334,
    1.8892860291666667,
    2.12678606875,
    2.55535756875
  ],
  "Closed Hi Hat": [
    0.04821429375,
    0.22142860833333333,
    0.2714286166666667,
    0.3125000520833333,
    0.32678576875,
    0.36607148958333335,
    0.4303572145833333,
    0.53035723125,
    0.6267858187500001,
    0.6875001145833334,
    0.73392869375,
    0.77678584375,
    0.80892870625,
    0.8482144270833334,
    0.9517858729166667,
    1.0464287458333332,
    1.1482144770833334,
    1.2392859208333333,
    1.2928573583333334,
    1.32857165,
    1.3535716541666667,
    1.3696430854166666,
    1.4428573833333334,
    1.4892859625,
    1.607143125,
    1.67142885,
    1.71964314375,
    1.7964288708333334,
    1.83750030625,
    1.90178603125,
    2.0053574770833333,
    2.1232146395833333,
    2.2178575125,
    2.262500377083333,
    2.316071814583333,
    2.4089289729166667,
    2.462500410416667,
    2.562500427083333,
    2.6964290208333335,
    2.7678576041666667,
    2.81250046875,
    2.8392861875,
    2.8785719083333334,
    2.923214772916667,
    2.9589290645833333,
    2.9892862125
  ],
  "Open Hi Hat": [
    3.1910719604166666
  ]
}