{
  "Acoustic Snare": [
    0.0,
    0.14130436666666668,
    0.2975543875,
    0.448369625,
    1.0720110125,
    1.2418479916666667,
    1.4008154041666667
  ],
  "High Tom": [
    0.6209239958333334,
    0.7622283625,
    0.9307066458333334,
    1.5638589041666666,
    1.7201089250000001
  ],
  "High Floor Tom": [
    1.8913046,
    2.0502720125000002,
    2.2146742083333333
  ]
}