{
  "Bass Drum 1": [
    0.0,
    0.38571435
  ],
  "Closed Hi Hat": [
    0.014285716666666667,
    0.09464287291666666,
    0.17857145833333332,
    0.24285718333333334,
    0.28750004791666667,
    0.3339286270833333,
    0.3678572041666667,
    0.4089286395833333,
    0.58392866875,
    0.8053572770833334,
    0.9517858729166667,
    1.1125001854166667,
    1.264285925,
    1.4250002375,
    1.5571431166666667,
    1.7178574291666666,
    2.150000358333333,
    2.557143283333333,
    2.733929027083333,
    2.869643335416667,
    3.0571433666666668
  ],
  "Acoustic Snare": [
    2.6553575854166667,
    2.9500004916666667,
    3.1357148083333333
  ]
}