{
  "Bass Drum 1": [
    0.0644735875,
    2.0328916875
  ],
  "Closed Hi Hat": [
    0.14868398749999998,
    0.21973651249999998,
    0.48289401249999997,
    0.6013148875,
    0.6881568625,
    0.9302617624999999,
    1.0736826,
    1.1565772124999998
  ],
  "Acoustic Snare": [
    0.29342061249999996,
    0.7710514749999999,
    1.2421034,
    1.5552608249999997,
    1.71052375,
    1.8710498249999998
  ],
  "High Tom": [
    1.4105241999999998
  ]
}