{
  "Closed Hi Hat": [
    1.0250001708333334,
    1.0821430375,
    1.1321430458333333,
    1.1910716270833333,
    1.2339287770833334,
    1.26964306875,
    1.3785716583333334,
    1.4910716770833334,
    1.5964288375,
    1.714286,
    1.8178574458333334,
    2.0232146229166665,
    2.2517860895833333,
    2.4678575541666667,
    2.57678614375,
    2.692857591666667
  ],
  "Acoustic Snare": [
    1.9303574645833332,
    2.1303574979166666,
    2.339286104166667,
    2.792857608333333,
    2.9053576270833332,
    3.0017862145833334,
    3.11250051875
  ],
  "Bass Drum 1": [
    3.2464291125,
    3.335714841666667
  ]
}