{
  "Closed Hi Hat": [
    0.01609846875,
    0.87405215625,
    1.32575625,
    1.7708315625,
    2.22442959375,
    2.6761336875,
    3.10700446875,
    3.58332975,
    4.03124596875,
    4.51609396875,
    4.97632078125,
    5.4223430625,
    5.874994125,
    6.32575125,
    6.78503109375,
    7.21874278125,
    7.6571893125,
    8.13730246875,
    8.62025653125,
    9.07480153125,
    9.499990500000001,
    9.96211125,
    10.405292625,
    10.852261875,
    11.3124886875,
    11.75282915625,
    12.2253665625,
    12.685593375,
    13.12972171875,
    13.60131215625,
    14.0454405,
    14.5208188125,
    14.96494715625,
    15.83994628125,
    15.88729471875,
    16.32858215625,
    16.53691528125,
    16.776498375,
    17.2405130625,
    17.471573437500002,
    17.72252015625,
    17.93274721875,
    18.18085303125,
    18.38729221875,
    18.6458146875,
    19.51418503125,
    19.5738440625,
    19.7783893125,
    20.01418453125,
    30.91379484375,
    31.3579231875,
    31.78311215625,
    32.2404980625,
    32.68273246875,
    34.5302685,
    36.36265303125,
    41.768897625,
    42.2329123125,
    42.68461640625,
    43.16567653125,
    43.62022153125,
    44.05772109375,
    44.51605396875,
    44.935561125,
    45.39484096875,
    45.8654844375,
    46.329499125,
    46.77173353125,
    47.22438459375,
    47.67135384375,
    48.1306336875
  ],
  "Acoustic Snare": [
    0.2594694375,
    0.34943146875,
    0.45170409375,
    0.68087053125,
    1.33238503125,
    2.25283865625,
    2.52272475,
    3.132572625,
    3.458329875,
    4.060602,
    4.4829500625,
    4.98768440625,
    5.88351684375,
    6.1268878125,
    6.7935538125,
    7.15056103125,
    7.36078809375,
    7.473477375,
    7.57480303125,
    7.6799165625,
    8.63351409375,
    8.882566875,
    9.52745259375,
    9.98010365625,
    10.42707290625,
    10.666656,
    11.3427916875,
    11.5738520625,
    12.2518816875,
    12.49335871875,
    13.1496080625,
    13.36267603125,
    14.06911471875,
    14.28028875,
    14.7632428125,
    14.98388653125,
    15.20358328125,
    15.87593109375,
    16.3484685,
    16.76986959375,
    17.22252065625,
    17.70926259375,
    18.07858040625,
    18.321951375,
    18.63729196875,
    19.5605865,
    19.761343875,
    20.16380559375,
    20.43842653125,
    20.82289584375,
    21.0454335,
    21.35888015625,
    21.94410684375,
    22.25660653125,
    22.6799015625,
    22.897704375,
    23.1799010625,
    23.57289309375,
    24.0757335,
    24.64675565625,
    24.98577046875,
    25.37213371875,
    25.640125875,
    25.89864834375,
    26.25849646875,
    26.503761375,
    26.80963228125,
    27.7120935,
    28.3920170625,
    28.6211835,
    29.0397436875,
    29.2101980625,
    29.43084178125,
    29.53690228125,
    29.639174906250002,
    29.7480763125,
    34.55015484375,
    36.36644090625,
    37.74333346875,
    38.17704515625,
    39.2859455625,
    39.54257409375,
    39.98386153125,
    40.5586715625,
    40.65242146875,
    40.7594289375,
    44.541622125,
    44.96870503125,
    45.87779503125,
    46.56718828125,
    46.80014259375,
    47.46302071875,
    47.69786896875
  ],
  "Bass Drum 1": [
    0.65056753125,
    0.89488546875,
    1.78693003125,
    2.0170434375,
    2.46306571875,
    2.912875875,
    3.59942821875,
    3.81154921875,
    4.2746169375,
    4.53124546875,
    5.19033571875,
    5.66382009375,
    6.3427966875,
    6.56722828125,
    6.9980990625,
    7.24336396875,
    7.88162090625,
    8.15245396875,
    8.8579456875,
    9.29828615625,
    9.9791566875,
    10.19411859375,
    10.64392875,
    10.8768830625,
    11.52555665625,
    12.0170334375,
    12.44222240625,
    12.69411609375,
    12.90813103125,
    13.34089575,
    13.6079409375,
    13.81532709375,
    14.07100865625,
    14.2821826875,
    14.52555365625,
    14.731045875,
    14.973469875,
    15.17517421875,
    15.4336966875,
    16.06721878125,
    16.55017284375,
    16.98767240625,
    17.22630853125,
    18.16759546875,
    18.4147543125,
    18.87024628125,
    19.102253625,
    20.003767875,
    20.2139949375,
    20.670433875,
    21.12213796875,
    21.8030085,
    22.02933403125,
    22.47251540625,
    22.7064166875,
    23.62781728125,
    23.85130190625,
    24.284066625,
    24.73955859375,
    25.44694425,
    25.6761106875,
    26.10698146875,
    26.35129940625,
    27.24713184375,
    27.4829270625,
    27.94031296875,
    28.171373343750002,
    28.852243875,
    29.0814103125,
    29.76512175,
    29.98387153125,
    33.3484515,
    33.61644365625,
    34.10318559375,
    34.54826090625,
    34.98954834375,
    35.102237625,
    35.44693425,
    35.56530534375,
    35.921365593750004,
    36.37591059375,
    36.8010995625,
    36.89295553125,
    37.26037940625,
    37.723447125,
    38.18935575,
    38.617385625,
    38.723446125,
    39.06340790625,
    39.52931653125,
    39.99522515625,
    40.43272471875,
    40.5435200625,
    40.87117125,
    44.52173578125,
    44.746167375,
    45.17419725,
    45.662833125,
    46.090863,
    46.3541203125,
    46.56529434375,
    46.799195625,
    47.011316625,
    47.24900578125,
    47.46302071875,
    47.71491440625,
    47.94408084375,
    48.1571488125
  ],
  "Crash Cymbal 1": [
    0.8996203125,
    2.24999775,
    8.16381759375,
    15.42896184375,
    29.9867124375,
    33.617390625,
    40.87211821875,
    48.16756546875
  ],
  "Ride Cymbal 1": [
    1.34943046875,
    1.78124821875,
    2.2642022812500002,
    2.708330625,
    3.13920140625,
    3.61268578125,
    4.064389875,
    4.52366971875,
    4.99336621875,
    5.43181275,
    5.8920395625,
    6.34563759375,
    6.806811375,
    7.2480988125,
    8.640142875,
    9.08332425,
    9.53124046875,
    9.98957334375,
    10.4337016875,
    10.88351184375,
    11.3465795625,
    11.79070790625,
    12.253775625,
    12.700744875,
    13.155289875,
    14.06722078125,
    14.97631078125
  ],
  "High Floor Tom": [
    13.587107625,
    14.52365971875,
    32.92326253125,
    33.0018609375,
    33.353186343750004,
    33.8086783125,
    34.090875,
    34.55583665625,
    34.99333621875,
    35.46113878125,
    35.91568378125,
    36.1192820625,
    36.37591059375,
    36.82098590625,
    37.03784175,
    37.25848546875,
    37.47628828125,
    37.70734865625,
    37.905265125,
    38.18651484375,
    38.36833284375,
    38.62780228125,
    39.07477153125,
    39.5321574375,
    39.75090721875,
    39.996172125,
    40.19219465625,
    40.44030046875,
    44.52552365625,
    44.74143253125,
    44.97722775,
    45.155257875,
    45.4223030625,
    45.642946781250004,
    45.8938935,
    46.1003326875,
    46.34180971875,
    46.5510898125,
    46.80203653125,
    47.02268025,
    47.25279365625,
    47.48006615625,
    47.70165684375,
    47.9223005625
  ],
  "Open Hi Hat": [
    19.11267028125,
    20.21683584375,
    20.44600228125,
    20.66569903125,
    20.89297153125,
    21.11077434375,
    21.35888015625,
    21.81342515625,
    22.0283870625,
    22.26607621875,
    22.47725025,
    22.71493940625,
    22.897704375,
    23.18652984375,
    23.397703875,
    23.6344460625,
    23.852248875,
    24.0852031875,
    24.284066625,
    24.51607396875,
    24.7442934375,
    24.99524015625,
    25.45925484375,
    25.6798985625,
    25.9109589375,
    26.12023903125,
    26.36266303125,
    26.57478403125,
    26.82288984375,
    27.02175328125,
    27.26607121875,
    27.49334371875,
    27.72440409375,
    27.93652509375,
    28.1685324375,
    28.3958049375,
    28.624971375,
    28.84940296875,
    29.08235728125,
    29.30584190625
  ],
  "High Tom": [
    35.212086,
    37.0359478125
  ],
  "Low-Mid Tom": [
    35.6798885625,
    38.837082375
  ]
}