{
  "High Floor Tom": [
    0.0,
    0.14538045416666667,
    0.3084239541666667,
    0.4687500625,
    0.6304348666666667,
    0.7866848875,
    0.9565218666666667,
    1.1019023208333334,
    1.2635871250000001,
    1.4239132333333333,
    1.5828806458333333,
    1.8763589458333334
  ],
  "Acoustic Snare": [
    0.0,
    0.14538045416666667,
    0.31793482500000003,
    0.47961962916666667,
    0.6426631291666667,
    0.7880435833333334,
    0.9388588208333334,
    1.0910327541666667,
    1.2513588625,
    1.4048914916666666,
    1.573369775,
    1.915761125
  ],
  "Closed Hi Hat": [
    1.5774458625
  ],
  "Bass Drum 1": [
    1.7323371875
  ]
}