{
  "Open Hi Hat": [
    0.0,
    0.631578
  ],
  "Closed Hi Hat": [
    0.28947324999999996,
    0.3263153,
    0.46578877499999993,
    0.9407880624999999,
    1.2157876499999998
  ],
  "Acoustic Snare": [
    1.0697352375,
    1.3802610874999999,
    1.5421029499999999
  ],
  "Bass Drum 1": [
    1.6802606374999998
  ],
  "High Floor Tom": [
    1.8736813999999997
  ]
}