{
  "Closed Hi Hat": [
    0.42708290625,
    0.89677940625,
    1.09943071875,
    1.34185471875,
    1.5435590625,
    1.82102090625,
    2.02367221875,
    2.27745984375,
    2.47253540625,
    2.7253760625,
    2.92518646875,
    3.1666635,
    3.382572375,
    3.62594334375,
    3.85605675,
    4.54071515625,
    4.556813625,
    4.761358875,
    4.99715409375,
    5.185600875,
    5.4374945625,
    5.6515095,
    5.8939335,
    6.33806184375,
    6.556811625,
    6.7973416875,
    6.9943111875,
    7.2518866875,
    7.7215831875,
    8.17518121875,
    8.3844613125,
    8.6420368125,
    9.09752878125,
    9.5549146875,
    9.761353875,
    9.99146728125,
    10.2140049375,
    10.4450653125,
    10.65055753125,
    10.8939285,
    11.124988875,
    11.791654875,
    11.80775334375,
    12.00851071875,
    12.2480938125,
    12.45547996875,
    12.700744875,
    12.91381284375,
    13.16570653125,
    13.38350934375,
    13.6155166875,
    13.8427891875,
    14.06532684375,
    14.526500625,
    14.74998525,
    14.98578046875,
    15.212106,
    15.42706790625,
    15.64865859375,
    15.88918865625,
    16.10320359375,
    16.3465745625,
    16.56532434375,
    16.79543775,
    17.02555115625,
    17.26513425,
    17.47630828125,
    17.70452775,
    17.94032296875,
    18.16191365625
  ],
  "Bass Drum 1": [
    0.89488546875,
    4.5549196875,
    5.435600625,
    5.6609791875,
    6.11363025,
    6.54828890625,
    7.24999275,
    7.48578796875,
    7.9545375,
    8.39109009375,
    9.09563484375,
    9.3314300625,
    9.768929625,
    10.20548221875,
    10.666656,
    10.891087593750001,
    11.58048084375,
    11.81722303125,
    12.71305546875,
    12.943168875,
    13.37972146875,
    13.82479678125,
    14.51419003125,
    14.74335646875,
    15.20453025,
    15.6496055625,
    16.11267328125,
    16.34941546875,
    17.0132405625,
    17.4696795,
    17.70736865625,
    18.16570153125,
    18.3920270625
  ],
  "Acoustic Snare": [
    0.9185596875,
    3.83427646875,
    4.05965503125,
    4.9848435,
    5.88541078125,
    6.49715259375,
    6.78881896875,
    7.3844623125,
    7.7140074375,
    8.6306731875,
    9.54639196875,
    10.1685504375,
    10.43843653125,
    11.0927919375,
    11.3352159375,
    11.9677910625,
    12.2405180625,
    12.66191915625,
    12.86835834375,
    13.15907775,
    13.58047884375,
    13.76419078125,
    14.05585715625,
    14.6723338125,
    14.981045625,
    15.8844538125,
    16.5624834375,
    16.79449078125,
    17.257558500000002,
    17.928012375,
    18.17517121875,
    18.6079359375,
    18.670435875,
    18.7897539375
  ],
  "Open Hi Hat": [
    4.0662838125,
    11.3427916875,
    18.3844513125,
    18.61456471875
  ]
}