{
  "Acoustic Snare": [
    0.024456525,
    0.19293480833333335,
    0.3383152625,
    0.4891305,
    0.6453805208333333,
    0.8016305416666667,
    0.9633153458333333,
    1.12500015,
    1.3029893041666667,
    1.4660328041666668,
    1.6182067375,
    1.9605980875
  ],
  "High Floor Tom": [
    0.024456525,
    0.18885872083333333,
    0.3301630875,
    0.47961962916666667,
    0.6508153041666667,
    0.8029892375000001,
    0.9633153458333333,
    1.1209240625,
    1.2948371291666667,
    1.4538045416666667,
    1.6114132583333334,
    1.9225546041666668
  ],
  "Bass Drum 1": [
    1.77717415
  ]
}