{
  "Acoustic Snare": [
    1.2892859291666667,
    1.4982145354166667,
    1.7160717145833333,
    2.1410717854166665,
    2.3375003895833335,
    2.7553576020833335,
    3.1785719583333334,
    3.28392911875
  ],
  "Bass Drum 1": [
    1.3964288041666666,
    1.6089288395833334,
    2.503571845833333,
    2.6464290125
  ],
  "Closed Hi Hat": [
    1.864286025,
    1.93392889375,
    2.039286054166667,
    2.2357146583333334,
    2.4553575520833335,
    2.869643335416667,
    2.9767862104166665,
    3.0714290833333333
  ]
}