{
  "Closed Hi Hat": [
    1.9473654999999999,
    4.013151874999999,
    4.3197303625
  ],
  "Acoustic Snare": [
    2.4434173875,
    2.4934173124999996,
    2.5631540499999996,
    2.9921007749999995,
    3.2907845374999996,
    3.4513106124999995,
    3.5973630249999995,
    3.7578890999999994,
    4.05788865,
    4.385519737499999
  ],
  "Bass Drum 1": [
    3.9092046624999996,
    4.215783149999999,
    4.521045849999999
  ],
  "Open Hi Hat": [
    3.9184151749999994,
    4.2302568124999995,
    4.544730025
  ]
}