{
  "Bass Drum 1": [
    0.0,
    0.8413460416666666,
    1.0949517770833332,
    2.26802854375,
    4.317307116666666,
    4.588941695833333,
    5.45552811875,
    5.742787695833333,
    6.59495104375,
    6.878604852083333,
    8.03725854375,
    8.8918257375,
    9.2091333875,
    11.22475811875,
    11.490383083333333,
    12.639421391666666,
    13.524036658333333,
    13.798075083333332,
    14.663459583333333,
    14.936296085416666,
    15.8293248125,
    16.115382466666667,
    17.26802654375,
    18.133411043749998,
    18.43148792708333,
    19.311295502083333,
    20.437497275,
    20.735574158333332,
    21.612977887499998,
    21.895429772916668,
    22.733170045833333,
    23.0264392375,
    23.914660272916667,
    25.061294735416666,
    25.341342774999998,
    26.499996466666666,
    27.3533617375,
    27.65504438958333,
    28.483169279166667,
    29.97355369583333,
    30.8653805,
    31.13461123333333,
    31.971149583333332,
    32.26682262083333,
    33.14062058125,
    33.450716693749996,
    34.2908608125,
    34.57691846666667,
    35.45552411875,
    35.73557215833333,
    36.61417781041666,
    36.8725912375,
    37.764418041666666,
    38.067302616666666,
    39.19831208125,
    40.33292731458333,
    41.524032925,
    42.39061934791667,
    42.66706161875,
    43.499994199999996,
    43.819705695833335,
    44.96513823541667,
    45.85696503958333,
    46.13460923333333,
    46.98917642708333,
    48.43749354166667,
    49.58653185,
    50.44109904375,
    50.74638746458333,
    51.562493124999996,
    51.89302192708333,
    52.74638719791667,
    53.026435237499996,
    53.92547357916666,
    54.204319695833334,
    55.07691573333333,
    55.35215608125,
    59.69830934791666,
    59.973549695833334,
    64.27282796875,
    64.52643370416666,
    66.87859685208333,
    67.76922173333332,
    69.21874077083334,
    70.08051950208333,
    70.34374062083333,
    71.50600008125,
    72.36417304375,
    72.649028775,
    73.80287477499999,
    74.67186504375,
    74.97234577291667,
    76.1177783125,
    76.99037435,
    77.29085507916666,
    78.44229723333333,
    79.29325865833333,
    79.60215284791667,
    80.72114308333333,
    81.60215258125,
    81.87619100625,
    82.75479665833333,
    83.02162354583334
  ],
  "Ride Cymbal 1": [
    0.031249995833333332,
    0.274038425,
    0.41105763749999996,
    0.5384614666666666,
    0.8497595020833333,
    1.1322113875,
    1.4110575041666666,
    1.7079324645833334,
    1.975961275,
    2.2788458499999997,
    2.5624996583333335,
    2.836538083333333,
    3.1382207354166667,
    3.706730275,
    4.02764369375,
    4.591345541666667,
    4.825720510416667,
    5.177883925,
    5.42668196875,
    5.742787695833333,
    6.026441504166667,
    6.316104927083333,
    6.881008697916666,
    7.15023943125,
    7.2872586437499995,
    7.414662472916667,
    7.736777814583333,
    8.07331623125,
    8.63581615625,
    8.896633429166666,
    9.210335310416667,
    9.4543256625,
    9.817306383333333,
    10.098556345833334,
    10.38821976875,
    10.671873577083334,
    10.951921616666667,
    11.225960041666667,
    11.52764269375,
    11.78725804375,
    11.927883025,
    12.062498391666667,
    12.377402195833334,
    12.658652158333332,
    12.966344424999999,
    13.253604002083334,
    13.520430889583333,
    13.826921233333334,
    14.049276972916667,
    14.39422885,
    14.649036508333333,
    14.95312300625,
    15.249997966666665,
    15.549276772916667,
    15.83293058125,
    16.131007464583334,
    16.397834352083333,
    16.514420875,
    16.65504585625,
    16.975959275,
    17.270430389583332,
    17.572113041666665,
    17.872593770833333,
    18.139420658333332,
    19.039660922916667,
    19.311295502083333,
    19.61177623125,
    20.17427615625,
    20.438699197916666,
    20.742785695833334,
    20.99639143125,
    21.33052600208333,
    21.599756735416666,
    21.889420158333333,
    22.46033354375,
    23.045670004166666,
    23.652641077083334,
    23.91225642708333,
    24.20432369583333,
    24.780044772916668,
    25.037256277083333,
    25.35576585,
    25.612977354166667,
    25.7524004125,
    25.8822080875,
    26.200717660416665,
    26.512015695833334,
    26.802881041666666,
    27.08893869583333,
    27.354563660416666,
    28.241582772916665,
    28.498794277083334,
    28.793265391666665,
    29.39422685,
    29.98196715625,
    30.25119788958333,
    30.389419025,
    30.53725554375,
    30.838938195833332,
    31.12860161875,
    31.413457349999998,
    31.707928464583333,
    31.955524585416665,
    32.28485146458333,
    32.887014845833335,
    33.42667823541667,
    34.00840892708333,
    34.60576461666667,
    35.177879925,
    35.425476045833335,
    35.757206770833335,
    36.31730285,
    36.60456242708333,
    37.50840846041667,
    37.774033425,
    38.06489877083333,
    38.324514120833335,
    38.627398695833335,
    39.21393707916666,
    39.473552429166666,
    39.62980240833333,
    39.75360046875,
    40.0600908125,
    40.64542727291666,
    40.947109925,
    41.23677334791667,
    41.53485023125,
    41.80648481041666,
    42.13340784375,
    42.388215502083334,
    42.67667700208333,
    43.239176927083335,
    43.483167279166665,
    43.82571531041667,
    44.09614796666666,
    44.25359986875,
    44.379801775,
    44.67908058125,
    44.96754208125,
    45.25720550416666,
    45.55408046458333,
    45.83292658125,
    46.72475338541666,
    47.00600334791667,
    47.295666770833336,
    47.85576285,
    48.44470507916667,
    48.73076273333333,
    48.87739732916666,
    49.012012695833334,
    49.3197049625,
    49.87980104166667,
    50.17186831041666,
    50.459127887499996,
    51.305281620833334,
    51.58653158333333,
    51.89182000416667,
    52.46513723541666,
    53.635810156249995,
    53.93148319375,
    54.21393507916667,
    55.89782908541667,
    56.47475208541667,
    57.09614623333333,
    57.6706653875,
    58.25119415625,
    58.799271006249995,
    59.135809422916665,
    59.256001714583334,
    59.37499208333333,
    60.554078464583334,
    61.12138608125,
    61.69710715833333,
    61.960328277083335,
    62.126193639583335,
    62.27643400416667,
    62.843741620833335,
    63.40503962291667,
    65.17547207916667,
    65.42667396875,
    65.72835662083334,
    66.00600081458333,
    66.30888538958334,
    66.56970266249999,
    66.88340454375,
    67.4927794625,
    67.77523134791666,
    68.06609669375,
    68.64181777083333,
    68.91225042708334,
    69.245183075,
    69.81128876875,
    70.0889329625,
    70.36417331041666,
    70.62619250624999,
    70.93508669583333,
    71.23316357916667,
    71.51561546458333,
    72.1081634625,
    72.37499035,
    72.66465377291667,
    72.94109604375,
    73.06729795,
    73.19710562499999,
    73.50599981458333,
    73.80888438958333,
    74.40984584791667,
    74.68388427291667,
    74.97955731041667,
    75.24998996666666,
    75.56008607916667,
    75.79566297083333,
    76.12258600416666,
    76.72114361666667,
    76.99638396458333,
    77.31849930625,
    77.58292234791666,
    77.71393194583334,
    77.84494154375,
    78.15503765625,
    78.45071069375,
    79.03364330833332,
    79.30407596458333,
    79.60936438541667,
    79.89061434791667,
    80.17186431041667,
    80.75599884791666,
    81.34734492291666,
    81.60335450416666,
    81.908642925
  ],