{
  "Acoustic Snare": [
    2.3986806124999998,
    2.4578910499999997,
    2.5644698375,
    2.697364375,
    2.8421009999999995,
    2.9894692,
    3.1394689749999998
  ],
  "Bass Drum 1": [
    3.2789424499999997,
    4.202625275
  ],
  "Open Hi Hat": [
    3.3013108374999995
  ],
  "Closed Hi Hat": [
    3.4157843499999996
  ],
  "High Tom": [
    3.6013103874999994,
    3.7552575249999998,
    3.9039415124999994,
    4.0631518
  ],
  "High Floor Tom": [
    4.3802565875
  ]
}