{
  "Acoustic Snare": [
    0.016304350000000002,
    0.17934785,
    0.3301630875,
    0.4932065875,
    0.6630435666666666,
    0.8220109791666667,
    0.9741849125,
    1.1236414541666666,
    1.2812501708333333,
    1.4388588875000001,
    1.5978263000000001,
    1.9415763458333335
  ],
  "High Tom": [
    0.024456525,
    0.18750002500000001,
    0.33559787083333337,
    0.49048919583333334,
    0.6548913916666667,
    0.8029892375000001,
    0.9551631708333334,
    1.1059784083333333
  ],
  "High Floor Tom": [
    1.2853262583333334,
    1.4375001916666668,
    1.5923915166666667
  ],
  "Bass Drum 1": [
    1.7663045833333333
  ],
  "Crash Cymbal 1": [
    1.9524459125
  ]
}