{
  "High Floor Tom": [
    0.0,
    0.16168480416666667,
    0.31521743333333335,
    1.3152175666666668,
    1.4850545458333333,
    1.6372284791666667
  ],
  "High Tom": [
    0.009510870833333334,
    0.17391306666666667,
    0.32336960833333334,
    1.3260871333333333,
    1.4918480250000001,
    1.6263589125
  ],
  "Bass Drum 1": [
    0.45923919166666666,
    1.7989132833333334
  ],
  "Open Hi Hat": [
    0.627717475,
    1.956522
  ],
  "Acoustic Snare": [
    0.6317935625000001,
    0.9714675208333333,
    1.964674175
  ]
}