{
  "Closed Hi Hat": [
    0.0,
    1.2460507625,
    1.392103175
  ],
  "Acoustic Snare": [
    0.0,
    0.11447351249999999,
    0.28815746249999996,
    0.44473617499999996,
    0.6092096124999999,
    0.7513146624999999,
    0.9131565249999999,
    1.07894575,
    1.8592077374999998
  ],
  "High Tom": [
    1.2328928874999998,
    1.3776295124999998,
    1.5289450749999998
  ],
  "Bass Drum 1": [
    1.6749974874999998
  ],
  "High Floor Tom": [
    1.8355235624999997
  ]
}