{
  "Acoustic Snare": [
    1.735714575,
    1.8232145895833334,
    1.8750003125,
    1.9464288958333333,
    2.04107176875,
    2.144643214583333,
    2.262500377083333,
    2.5071432750000002,
    2.6107147208333332,
    2.7321433125,
    2.8303576145833333,
    2.9375004895833334,
    3.04285765,
    3.105357660416667,
    3.1910719604166666,
    3.2607148291666666
  ],
  "High Tom": [
    2.38392896875
  ],
  "High Floor Tom": [
    3.3303576979166665
  ]
}