{
  "Acoustic Snare": [
    0.27644227083333334,
    1.1262017729166667
  ],
  "High Floor Tom": [
    0.5588941562499999
  ],
  "Closed Hi Hat": [
    0.8100960458333333
  ],
  "High Tom": [
    1.5781247895833332,
    1.7259613083333334
  ],
  "Bass Drum 1": [
    1.99399011875
  ]
}