{
  "High Floor Tom": [
    0.27644227083333334,
    1.9567305083333333,
    6.038460733333333,
    6.318508772916666,
    6.604566427083333,
    10.950719693749999,
    11.245190808333334,
    15.527642160416667,
    15.822113275,
    20.168266541666664,
    20.463939579166667,
    24.499996733333333,
    24.77042938958333,
    29.408649925,
    29.692303733333333,
    34.024033925,
    38.61297562083333,
    45.53484969791666
  ],
  "Closed Hi Hat": [
    0.5216345458333334,
    1.1033652375,
    1.6454324729166667,
    2.83774000625,
    3.97716293125,
    5.135816622916667,
    6.319710695833333,
    7.436297085416666,
    8.598556545833333,
    9.781248695833334,
    10.961537,
    12.096152233333333,
    13.24038285,
    14.378603852083334,
    15.546872927083333,
    16.689901620833332,
    17.870189925,
    19.028843616666666,
    20.16706461875,
    21.325718310416665,
    22.52523738125,
    23.62379492708333,
    24.784852464583334,
    25.917063852083334,
    27.07451562083333,
    28.2475923875,
    29.42187107708333,
    30.54807285,
    31.697111158333332,
    32.849755235416666,
    34.044466614583335,
    35.15384146666666,
    36.302879775,
    37.441100777083335,
    38.626196772916664,
    42.085330927083334,
    43.23677308125,
    44.35215754791667,
    45.55408046458333,
    46.681484160416666
  ],
  "High Tom": [
    0.8149037375,
    0.84735565625,
    3.691105277083333,
    3.9831725458333334,
    8.598556545833333,
    8.900239197916667,
    13.248796310416667,
    13.537257810416666,
    17.846151466666665,
    18.168266808333332,
    22.501198922916664,
    26.778842583333333,
    27.064900237499998,
    31.405043889583332,
    31.695909235416664,
    36.302879775,
    43.234369235416665
  ],
  "Acoustic Snare": [
    1.1165863895833332,
    1.3894228916666667,
    1.5264421041666667,
    1.6754805458333333,
    1.8197112958333332,
    2.8509611583333334,
    5.17427815625,
    7.47115285,
    9.788460233333334,
    12.106969539583334,
    14.395430772916667,
    16.697113158333334,
    18.718747504166664,
    19.010814772916667,
    21.334131770833334,
    23.626198772916666,
    25.9399003875,
    28.270428922916665,
    30.552880541666667,
    32.88100523125,
    35.1850914625,
    37.439898854166664,
    42.118984768749996,
    44.388215235416666,
    46.67186877708333
  ],
  "Bass Drum 1": [
    2.2860573875,
    3.121393814583333,
    3.4098553145833335,
    4.566105160416667,
    5.435095429166666,
    5.746393464583333,
    6.8725952375,
    7.72716243125,
    9.20192185,
    10.084133270833332,
    10.378604385416667,
    11.539661922916666,
    12.373796427083333,
    12.694709845833334,
    13.826921233333334,
    14.688699964583334,
    14.966344158333333,
    16.144228616666666,
    17.293266925,
    18.46033407708333,
    19.310093579166665,
    19.585333927083333,
    20.769228,
    21.655045189583333,
    21.918266308333333,
    23.0841315375,
    23.911054504166668,
    24.207929464583334,
    25.064900504166665,
    25.358169695833332,
    26.164659972916667,
    26.512015695833334,
    27.692304,
    28.515621197916666,
    28.834130770833333,
    29.985572925,
    30.810092045833333,
    31.122592004166666,
    32.28004377291666,
    33.15023596458333,
    33.447110925,
    34.611774231249996,
    35.43268758333333,
    35.74158177291667,
    36.561293202083334,
    36.8870143125,
    37.710331510416665,
    38.016821854166665,
    38.93989865416667,
    39.21273515625,
    41.5168213875,
    42.35696550625,
    42.633407777083335,
    43.508407660416665,
    43.79807108333333,
    44.63581135625,
    44.985570925,
    45.826916966666666,
    46.13460923333333,
    46.9398975875,
    47.262012929166666
  ],
  "Ride Cymbal 1": [
    2.2848554645833334,
    2.8497592354166668,
    3.4302880041666666,
    3.99879754375,
    4.563701314583334,
    5.186297385416666,
    5.752403079166666,
    6.31730685,
    6.596152966666667,
    6.902643310416667,
    7.47475861875,
    7.749998966666666,
    8.056489310416666,
    8.331729658333334,
    8.48437386875,
    8.602162314583333,
    8.901441120833333,
    9.221152616666666,
    9.802883308333334,
    10.075719810416667,
    10.383412077083333,
    10.658652425,
    10.793267791666667,
    10.941104310416666,
    11.258411960416666,
    11.52043115625,
    12.116584922916667,
    12.387017579166667,
    12.693507922916666,
    12.96273865625,
    13.108171329166666,
    13.24398861875,
    13.540863579166666,
    13.836536616666667,
    14.115382733333332,
    14.408651925,
    14.669469197916666,
    14.968748004166667,
    15.233171045833332,
    15.383411410416667,
    15.51562293125,
    15.8293248125,
    16.12740169583333,
    16.405045889583334,
    16.711536233333334,
    16.987978504166666,
    17.28966115625,
    17.572113041666665,
    17.7115361,
    17.854564927083334,
    18.167064885416668,
    18.44591100208333,
    18.727160964583334,
    19.016824387499998,
    19.296872427083333,
    19.587737772916665,
    19.876199272916665,
    20.00720887083333,
    20.15985308125,
    20.471151116666665,
    20.75119915625,
    21.343747154166667,
    21.615381733333333,
    21.915862462499998,
    22.181487427083333,
    22.3341316375,
    22.486775847916665,
    23.09735268958333,
    23.312496891666665,
    23.640621847916666,
    23.911054504166668,
    24.21514100208333,
    24.77042938958333,
    25.354563927083333,
    25.944708079166666,
    26.20312150625,
    26.50840992708333,
    26.790861812499998,
    27.066102160416666,
    27.698313614583334,
    27.938698197916665,
    28.2764385375,
    28.5360538875,
    28.846149999999998,
    29.110573041666665,
    29.23917879375,
    29.39302492708333,
    29.698313347916667,
    30.557688233333334,
    30.813697814583332,
    31.133409310416667,
    31.401438120833333,
    31.703120772916666,
    32.28485146458333,
    32.89663022916667,
    33.159851347916664,
    33.459130154166665,
    33.71874550416666,
    33.856966639583334,
    34.019226233333335,
    34.61538,
    35.19590876875,
    35.4807645,
    35.74638946458333,
    36.01081250625,
    36.86297585416666,
    37.44711039166666,
    38.04446608125,
    38.31249489166667,
    41.50360023541666,
    42.118984768749996,
    42.68388853958333,
    42.94951350416667,
    43.789657622916664,
    44.38220562083333,
    45.246388197916666,
    46.687493775,
    47.298070616666664
  ],
  "Crash Cymbal 1": [
    29.980765233333333,
    39.206725541666664,
    46.12859961875
  ]
}