{
  "Acoustic Snare": [
    0.007894724999999998,
    0.3197363625,
    0.634209575,
    0.9460512124999999,
    1.2671033624999999,
    1.5828923624999998,
    1.9197339624999998
  ],
  "High Floor Tom": [
    0.010526299999999999,
    0.33026266249999997,
    0.6407885124999999,
    0.9539459374999999,
    1.2749980874999998,
    1.5842081499999998,
    1.8999971499999997
  ],
  "Closed Hi Hat": [
    1.5605239749999997
  ],
  "Bass Drum 1": [
    2.060523225
  ]
}