{
  "High Floor Tom": [
    0.008152175000000001,
    0.16168480416666667,
    0.32336960833333334,
    1.2948371291666667,
    1.4483697583333335,
    1.5978263000000001
  ],
  "High Tom": [
    0.008152175000000001,
    0.16576089166666666,
    0.30978265,
    1.2989132166666666,
    1.4483697583333335,
    1.5991849958333333
  ],
  "Bass Drum 1": [
    0.45923919166666666,
    1.7486415375
  ],
  "Acoustic Snare": [
    0.6263587791666667,
    1.9279893875
  ],
  "Open Hi Hat": [
    0.627717475,
    0.9646740416666667,
    1.9279893875,
    2.274456825
  ]
}