{
  "Acoustic Snare": [
    0.0,
    0.83293258125,
    1.13581715625
  ],
  "High Tom": [
    0.26442304166666664,
    0.5685095395833333
  ],
  "Closed Hi Hat": [
    0.5528845416666667,
    1.1298075416666666,
    1.6887016979166667
  ],
  "High Floor Tom": [
    1.3906248145833333,
    1.6899036208333333
  ],
  "Bass Drum 1": [
    2.0168266541666666
  ]
}