{
  "Acoustic Snare": [
    2.3749964374999997,
    2.4197332124999997,
    2.4802594374999996,
    2.5039436124999996,
    2.9842060499999996,
    3.0328901874999996,
    3.0618375124999995,
    3.1394689749999998,
    3.6223629874999994,
    3.6763102749999996,
    3.7065733874999998,
    3.7670996124999996
  ],
  "Bass Drum 1": [
    4.2355199625,
    4.538151087499999
  ],
  "Closed Hi Hat": [
    4.2355199625,
    4.349993475
  ],
  "Open Hi Hat": [
    4.55262475
  ]
}