{
  "Bass Drum 1": [
    0.0,
    1.7812502375
  ],
  "Open Hi Hat": [
    0.0054347833333333335
  ],
  "Acoustic Snare": [
    0.326087,
    0.48097832500000004,
    0.6480979125,
    0.8084240208333333,
    1.1154892791666666,
    1.2744566916666666,
    1.6250002166666666,
    2.1290763708333333
  ],
  "High Tom": [
    0.9769023041666667,
    1.964674175
  ],
  "High Floor Tom": [
    1.4524458458333334
  ]
}