{
  "Acoustic Snare": [
    0.0064655125,
    0.90840450625,
    1.047413025
  ],
  "Closed Hi Hat": [
    0.24676706041666668,
    0.7704735729166667,
    1.26400769375,
    1.771550425
  ],
  "High Tom": [
    0.40086177500000003,
    0.5624995875000001
  ],
  "Open Hi Hat": [
    0.4148703854166667
  ],
  "High Floor Tom": [
    1.4159472375,
    1.5711195375
  ]
}