{
  "High Tom": [
    0.0,
    1.2057291666666665,
    2.466145833333333,
    3.712239583333333,
    4.981770833333333,
    6.20703125,
    7.48046875,
    8.73046875,
    9.9921875,
    11.21875,
    12.477864583333332,
    13.708333333333332,
    14.96875,
    16.208333333333332,
    17.470052083333332,
    18.71875,
    19.993489583333332,
    21.25,
    21.407552083333332,
    22.4921875,
    23.725260416666664,
    24.989583333333332,
    26.196614583333332,
    27.455729166666664,
    28.701822916666664,
    29.981770833333332,
    31.220052083333332,
    32.46614583333333,
    33.71875,
    34.98958333333333,
    36.234375,
    37.4765625,
    38.701822916666664,
    39.98958333333333,
    41.22005208333333,
    42.479166666666664,
    43.7265625,
    44.97395833333333,
    46.20833333333333,
    47.475260416666664,
    48.72786458333333,
    51.19140625
  ],
  "Acoustic Snare": [
    0.15494791666666666,
    0.28385416666666663,
    0.42447916666666663,
    0.7434895833333333,
    1.0481770833333333,
    1.3671875,
    1.5338541666666665,
    1.6783854166666665,
    2.802083333333333,
    3.571614583333333,
    3.859375,
    4.024739583333333,
    4.162760416666666,
    5.126302083333333,
    5.295572916666666,
    5.440104166666666,
    5.751302083333333,
    6.0546875,
    6.358072916666666,
    6.53515625,
    6.68359375,
    7.639322916666666,
    7.794270833333333,
    7.94140625,
    8.25390625,
    8.58203125,
    8.876302083333332,
    9.048177083333332,
    9.186197916666666,
    10.123697916666666,
    10.299479166666666,
    10.454427083333332,
    10.765625,
    11.078125,
    11.37109375,
    11.510416666666666,
    11.579427083333332,
    11.669270833333332,
    12.64453125,
    12.8046875,
    12.9296875,
    13.264322916666666,
    13.555989583333332,
    13.854166666666666,
    14.022135416666666,
    14.180989583333332,
    15.106770833333332,
    15.276041666666666,
    15.424479166666666,
    15.756510416666666,
    16.053385416666664,
    16.34375,
    16.5234375,
    16.669270833333332,
    17.614583333333332,
    17.787760416666664,
    17.92578125,
    18.40625,
    18.88671875,
    19.046875,
    19.194010416666664,
    20.147135416666664,
    20.30078125,
    20.4453125,
    20.787760416666664,
    21.08984375,
    21.565104166666664,
    21.704427083333332,
    22.033854166666664,
    22.333333333333332,
    22.641927083333332,
    22.8125,
    22.951822916666664,
    23.276041666666664,
    23.578125,
    23.869791666666664,
    24.045572916666664,
    24.188802083333332,
    25.102864583333332,
    25.188802083333332,
    25.28125,
    25.427083333333332,
    25.75390625,
    26.028645833333332,
    26.34765625,
    26.51171875,
    26.662760416666664,
    27.278645833333332,
    27.614583333333332,
    27.765625,
    27.911458333333332,
    28.236979166666664,
    28.553385416666664,
    28.84765625,
    29.01171875,
    29.1640625,
    30.130208333333332,
    30.283854166666664,
    30.442708333333332,
    30.7578125,
    31.079427083333332,
    31.361979166666664,
    31.5234375,
    31.651041666666664,
    32.635416666666664,
    32.7734375,
    32.936197916666664,
    33.25,
    33.55859375,
    33.875,
    34.045572916666664,
    34.18880208333333,
    35.14453125,
    35.303385416666664,
    35.444010416666664,
    35.77734375,
    36.08203125,
    36.408854166666664,
    36.54817708333333,
    36.705729166666664,
    37.03255208333333,
    37.32161458333333,
    37.631510416666664,
    37.77083333333333,
    37.93098958333333,
    38.252604166666664,
    38.55078125,
    38.85677083333333,
    39.033854166666664,
    39.170572916666664,
    40.12109375,
    40.287760416666664,
    40.4375,
    40.77083333333333,
    41.07161458333333,
    41.369791666666664,
    41.533854166666664,
    41.67317708333333,
    42.63671875,
    42.8046875,
    42.947916666666664,
    43.28515625,
    43.57942708333333,
    43.869791666666664,
    44.037760416666664,
    44.186197916666664,
    45.108072916666664,
    45.279947916666664,
    45.4296875,
    45.541666666666664,
    45.908854166666664,
    46.361979166666664,
    46.52734375,
    46.678385416666664,
    47.627604166666664,
    47.79036458333333,
    47.93880208333333,
    48.26171875,
    48.56640625,
    48.87109375,
    49.026041666666664,
    49.1796875,
    49.658854166666664,
    50.21484375,
    50.256510416666664,
    50.416666666666664,
    50.717447916666664,
    51.053385416666664,
    51.33333333333333,
    51.49739583333333,
    51.635416666666664
  ],
  "Closed Hi Hat": [
    0.2890625,
    0.89453125,
    1.52734375,
    2.1549479166666665,
    2.76953125,
    3.3971354166666665,
    4.026041666666666,
    4.6640625,
    5.302083333333333,
    5.915364583333333,
    6.5390625,
    7.1875,
    7.813802083333333,
    8.430989583333332,
    9.06640625,
    9.674479166666666,
    10.317708333333332,
    10.938802083333332,
    11.559895833333332,
    12.1875,
    12.796875,
    13.4140625,
    14.044270833333332,
    14.66015625,
    15.29296875,
    15.916666666666666,
    16.526041666666664,
    17.158854166666664,
    17.770833333333332,
    18.412760416666664,
    19.033854166666664,
    19.690104166666664,
    20.32421875,
    20.962239583333332,
    21.545572916666664,
    22.192708333333332,
    22.83203125,
    23.4296875,
    24.048177083333332,
    24.677083333333332,
    25.303385416666664,
    25.923177083333332,
    26.516927083333332,
    27.16015625,
    27.76953125,
    28.397135416666664,
    29.01953125,
    29.696614583333332,
    30.32421875,
    30.940104166666664,
    31.528645833333332,
    32.18880208333333,
    32.846354166666664,
    33.44661458333333,
    34.053385416666664,
    34.69661458333333,
    35.32942708333333,
    35.95052083333333,
    36.545572916666664,
    37.18098958333333,
    37.795572916666664,
    38.401041666666664,
    39.045572916666664,
    39.69270833333333,
    40.315104166666664,
    40.940104166666664,
    41.54036458333333,
    42.201822916666664,
    42.834635416666664,
    43.44661458333333,
    44.04817708333333,
    44.6640625,
    45.276041666666664,
    45.90234375,
    46.51692708333333,
    47.1953125,
    47.80989583333333,
    48.432291666666664,
    49.041666666666664,
    49.697916666666664,
    50.268229166666664,
    50.90234375,
    51.502604166666664,
    52.13671875
  ],