{
  "Bass Drum 1": [
    0.010752666666666667,
    0.34946166666666667,
    0.9892453333333334,
    1.6223085833333335,
    2.5981130833333337,
    2.9233812500000003,
    3.5604767500000003,
    4.182787333333334,
    4.774184,
    5.134398333333333,
    5.452946083333334,
    6.0725685,
    6.7150403333333335,
    7.3588562500000005,
    7.696221166666668,
    8.016113,
    8.661273000000001,
    9.297024416666668,
    9.922023166666667,
    10.579279916666668,
    11.244601166666667,
    11.8628795,
    12.529544833333334,
    13.177393,
    13.835993833333335,
    14.470401166666667,
    15.071206416666667,
    15.411259500000002,
    16.416633833333336,
    17.064482,
    17.747276333333335,
    18.373619166666668,
    19.030875916666666,
    19.639745666666666,
    20.32254,
    20.638399583333335,
    21.628989,
    22.252643666666668,
    22.880330583333336,
    23.206942833333336,
    23.528178750000002,
    24.15989791666667,
    24.807746083333335,
    25.487852250000003,
    26.128980000000002,
    26.751290583333336,
    27.40585916666667,
    28.041610583333334,
    28.680050166666668,
    29.30101666666667,
    29.944832583333334,
    30.583272166666667,
    30.891067250000003,
    31.872248083333336,
    32.507999500000004,
    33.135686416666665,
    33.74052391666667,
    34.41390966666667,
    34.76874766666667,
    35.10880075,
    35.73514358333333,
    36.09535791666667,
    37.07922691666667,
    37.74186,
    38.368202833333335,
    39.94481258333334,
    40.09938216666667,
    41.06308991666667,
    41.193466,
    42.1853995,
    43.50394525,
    44.767383583333334,
    46.0402305,
    46.36012233333334,
    47.35205583333334,
    48.65447258333334,
    49.32113791666667,
    49.97167425,
    50.290222,
    51.362800500000006,
    51.552316250000004,
    52.53618525,
    53.85069875000001,
    56.532145,
    56.69746725,
    67.10336041666667
  ],
  "High Floor Tom": [
    0.03360208333333334,
    0.35887025,
    0.6827943333333334,
    0.9771485833333334,
    1.306449,
    1.6048355,
    1.9395122500000002,
    2.268812666666667,
    2.5927367500000003,
    2.8964995833333336,
    3.256713916666667,
    3.5456918333333336,
    3.8911212500000003,
    4.200260416666667,
    4.513431833333334,
    4.8239150833333335,
    5.1370865000000006,
    5.44756975,
    5.7822465,
    6.0725685,
    6.403213,
    6.72982525,
    7.0456848333333335,
    7.3628885,
    7.69756525,
    8.01208075,
    8.35078975,
    8.651864416666667,
    8.978476666666667,
    9.291648083333333,
    9.614228083333334,
    9.943528500000001,
    10.274173000000001,
    10.594064833333334,
    10.927397500000001,
    11.251321583333334,
    11.573901583333335,
    11.909922416666667,
    12.209653000000001,
    12.541641583333334,
    12.864221583333334,
    13.176048916666668,
    13.513413833333335,
    13.854811000000002,
    14.1693265,
    14.466368916666667,
    14.791637083333335,
    15.090023583333334,
    15.409915416666667,
    15.747280333333334,
    16.098086083333335,
    16.420666083333334,
    16.74593425,
    17.07926691666667,
    17.40587916666667,
    17.74055591666667,
    18.063135916666667,
    18.364210583333335,
    18.705607750000002,
    19.03625225,
    19.327918333333333,
    19.66393916666667,
    20.00668041666667,
    20.315819583333333,
    20.95022691666667,
    21.333290666666667,
    21.63974166666667,
    21.952913083333335,
    22.26205225,
    22.571191416666668,
    22.8789865,
    23.20559875,
    23.50667341666667,
    23.85075875,
    24.155865666666667,
    24.48785425,
    24.798337500000002,
    25.161240000000003,
    25.50263716666667,
    25.82521716666667,
    26.123603666666668,
    26.456936333333335,
    26.776828166666668,
    27.09672,
    27.412579583333336,
    27.73784775,
    28.041610583333334,
    28.35747016666667,
    28.678706083333335,
    29.01069466666667,
    29.30908116666667,
    29.642413833333336,
    29.956929333333335,
    30.283541583333335,
    30.594024833333336,
    31.565797083333337,
    31.868215833333334,
    32.19617216666667,
    32.49052641666667,
    32.82117091666667,
    33.119557416666666,
    33.451546,
    33.77681416666667,
    34.102082333333335,
    34.420630083333336,
    34.76202725,
    35.09401583333334,
    35.439445250000006,
    35.757993,
    36.08998158333333,
    36.14777716666667,
    36.39374441666667,
    36.757991000000004,
    37.06309791666667,
    37.40449508333334,
    37.73782775,
    38.06309591666667,
    38.382987750000005,
    38.702879583333335,
    39.01201875,
    39.322502,
    41.52814275,
    41.876260333333335,
    42.19884033333334,
    42.53351708333334,
    42.84131216666667,
    43.198838333333335,
    43.5079775,
    43.82786933333334,
    44.154481583333336,
    44.4595885,
    44.782168500000004,
    45.10743666666667,
    45.4111995,
    45.733779500000004,
    46.0402305,
    46.66657333333334,
    47.03888441666667,
    47.10608858333334,
    47.35339991666667,
    47.68270033333334,
    47.995871750000006,
    48.34130116666667,
    48.645064000000005,
    48.979740750000005,
    49.298288500000005,
    49.638341583333336,
    49.96360975,
    50.291566083333336,
    52.24451916666667,
    52.544249750000006,
    52.87220608333334,
    53.16790441666667,
    53.528118750000004,
    53.83322566666667,
    54.165214250000005,
    54.48779425,
    54.81709466666667,
    55.11951341666667,
    55.435373000000006,
    55.74854441666667,
    56.38429583333334,
    57.024079500000006,
    57.380261583333336,
    57.45284208333334,
    58.67595791666667,
    59.963589750000004,
    61.26331833333334,
    62.57514366666667,
    63.86008733333334,
    65.13831058333334,
    67.71088608333334,
    68.99582975,
    70.32109591666666,
    71.60738366666668,
    72.89232733333334,
    74.19340000000001,
    75.435333,
    76.73774975
  ],
  "Acoustic Snare": [
    0.6774180000000001,
    1.9327918333333334,
    3.2540257500000003,
    5.774182000000001,
    7.041652583333334,
    9.610195833333334,
    10.920677083333334,
    12.205620750000001,
    13.5080375,
    16.0886775,
    17.408567333333334,
    18.700231416666668,
    20.00668041666667,
    21.323882083333334,
    22.567159166666666,
    23.845382416666666,
    25.16392816666667,
    26.447527750000003,
    27.728439166666668,
    28.995909750000003,
    30.267412583333336,
    31.55101216666667,
    32.8144505,
    34.09132966666667,
    35.42869258333334,
    36.75127058333334,
    38.05771958333334,
    39.653146500000005,
    39.80233975,
    40.57653175,
    40.71900458333334,
    41.874916250000005,
    43.19211791666667,
    44.448835833333334,
    47.02813175,
    48.33592483333334,
    49.63027708333334,
    50.444791583333334,
    50.60339341666667,
    50.77005975,
    50.93134975,
    51.08591933333334,
    52.22032566666667,
    53.52677466666667,
    55.11413708333334
  ],