{
  "Closed Hi Hat": [
    0.0173076375
  ],
  "Acoustic Snare": [
    0.09903814791666667,
    0.43846015,
    0.7384592,
    0.96057388125,
    1.303842025,
    1.6153795
  ],
  "Ride Cymbal 1": [
    0.219230075,
    0.6384595166666667,
    1.0634581708333333,
    1.49999525
  ],
  "Bass Drum 1": [
    0.32499897083333334,
    0.8480742375,
    1.17691935,
    1.7346098916666668
  ],
  "Open Hi Hat": [
    0.5384598333333334,
    1.396149425
  ]
}