{
  "Bass Drum 1": [
    0.0,
    0.58928615625,
    1.1630961104166668,
    1.7238108166666668,
    2.2940493395833337,
    2.8916688354166666,
    3.46785974375,
    4.034526835416667,
    4.6119082208333335,
    5.191670560416667,
    5.779766239583334,
    6.340480945833334,
    6.905957560416667,
    7.48214846875,
    8.03929174375,
    8.59643501875,
    9.154768770833334,
    9.7357215875,
    10.305960110416667,
    10.876198633333335,
    11.438103816666667,
    12.005961385416667,
    12.589295156250001,
    13.129771752083334
  ],
  "Acoustic Snare": [
    0.2738097291666667,
    0.41071459375,
    0.5690480458333333,
    0.8726197020833334,
    1.0059531354166666,
    1.1630961104166668,
    1.2928581125,
    1.4416677479166669,
    1.5690487958333335,
    1.8678585437500002,
    2.0071443625,
    2.159525429166667,
    2.2857160000000003,
    2.6011924270833333,
    2.727382997916667,
    2.877383110416667,
    3.15357379375,
    3.298811997916667,
    3.4547644958333334,
    3.61071699375,
    3.74285995,
    3.8833362458333336,
    4.18214599375,
    4.31786038125,
    4.4583366770833335,
    4.60357488125,
    4.884527472916667,
    5.034527585416667,
    5.184527697916667,
    5.45714695,
    5.617861356250001,
    5.759528129166667,
    5.909528241666667,
    6.030956904166667,
    6.180957016666667,
    6.4869096270833335,
    6.629766877083334,
    6.776195558333334,
    6.911909945833334,
    7.188100629166667,
    7.323815016666667,
    7.4702436979166675,
    7.736910564583334,
    7.877386860416667,
    8.026196495833334,
    8.18929185625,
    8.309530041666667,
    8.4571492,
    8.734530360416667,
    8.858339977083334,
    9.004768658333333,
    9.139292568750001,
    9.427388022916666,
    9.585721475,
    9.723816816666668,
    10.0000075,
    10.150007612500001,
    10.291674385416668,
    10.448817360416667,
    10.5642936375,
    10.7214366125,
    11.014293975000001,
    11.154770270833334,
    11.294056089583334,
    11.4357228625,
    11.7071516375,
    11.871437475,
    12.008342339583335,
    12.282152068750001,
    12.434533135416668,
    12.596438018750002,
    12.74643813125,
    12.804771508333333,
    12.894057289583333,
    13.064295512500001,
    13.338105241666668,
    13.496438693750001,
    13.64643880625
  ],
  "Open Hi Hat": [
    6.51786203125,
    12.626199945833335
  ]
}