{
  "High Tom": [
    0.9460527104166667,
    1.54342118125,
    1.6355264520833335,
    1.8342106791666668
  ],
  "Acoustic Snare": [
    1.0486842979166666,
    1.1381579895833334,
    1.2421053666666668,
    1.3407895854166667,
    1.4368422250000001,
    4.919737252083333,
    4.964474097916667,
    4.9973688375,
    5.026316208333333
  ],
  "Low-Mid Tom": [
    1.92631595,
    2.0381580645833335
  ],
  "High Floor Tom": [
    2.1500001791666667,
    2.2526317666666666,
    2.355263354166667
  ],
  "Bass Drum 1": [
    2.4447370458333335
  ],
  "Crash Cymbal 1": [
    2.4644738895833336
  ]
}