{
  "Closed Hi Hat": [
    0.27125,
    0.58,
    0.895,
    1.2,
    1.49875,
    1.795,
    2.0975,
    2.40125,
    2.6925,
    2.9875000000000003,
    3.59625,
    3.8675,
    4.1625,
    4.17375,
    4.4775,
    4.785,
    5.07875,
    5.3875,
    5.65875,
    5.6825
  ],
  "Bass Drum 1": [
    0.27375,
    1.4975,
    2.1,
    2.40875,
    3.29375,
    3.8712500000000003,
    4.64875,
    5.09375,
    6.27625
  ],
  "Acoustic Snare": [
    0.5825,
    1.8,
    2.99375,
    4.1675,
    4.32125,
    4.79,
    5.3925,
    5.78375,
    5.89,
    6.005,
    6.60125
  ],
  "Open Hi Hat": [
    3.295,
    3.59875
  ],
  "Crash Cymbal 1": [
    6.5975
  ]
}