{
  "Bass Drum 1": [
    0.0,
    1.4583326041666669,
    2.2022047812500003,
    2.3394596145833333,
    3.8051451562500005,
    4.55514478125,
    4.671566291666667,
    6.1544086875,
    6.894604395833333,
    7.023280802083334,
    8.498770260416668,
    9.252446354166667,
    9.394603145833335,
    9.474259968750001,
    10.87131809375,
    11.604160864583335,
    11.737739229166667,
    13.230385541666667,
    13.2867580625,
    13.979159677083334,
    14.107836083333334,
    14.199747802083335,
    15.560041239583335,
    16.313717333333333,
    16.455874125,
    16.54043290625,
    17.897049875,
    18.650725968750002,
    18.792882760416667,
    20.26101928125,
    21.026950270833336,
    21.155626677083333,
    22.637243583333333,
    23.367635375000003,
    23.508566677083333,
    24.965673791666667,
    25.729153802083335,
    25.862732166666667,
    27.328417708333337,
    27.386015718750002,
    28.058809500000002,
    28.194838843750002,
    29.67277928125,
    30.4043965625,
    30.55513178125,
    32.02449379166667,
    32.77694439583333,
    32.91052276041667,
    34.397041625,
    34.453414145833335,
    35.13110988541667,
    35.27081569791667,
    35.35905094791667,
    36.747530645833336,
    36.80390316666667,
    37.485275375
  ],
  "Acoustic Snare": [
    0.2046567604166667,
    0.22916655208333336,
    0.57720559375,
    0.9142152291666668,
    1.1127445416666668,
    1.3627444166666667,
    1.4031855729166667,
    1.4215679166666668,
    1.7438716770833333,
    2.572302635416667,
    2.6066163437500003,
    2.914214229166667,
    4.096811677083334,
    4.19485084375,
    4.610291812500001,
    5.2585758020833335,
    6.447300697916667,
    7.624996187500001,
    8.807593635416668,
    10.015926364583335,
    10.694847593750001,
    10.723033854166667,
    11.176465,
    11.2573473125,
    11.681366708333334,
    12.346807552083334,
    12.86396415625,
    13.528179510416667,
    14.274502666666669,
    14.6985220625,
    15.431364833333335,
    15.463227562500002,
    15.486511864583335,
    15.506119697916668,
    15.575972604166667,
    15.8749920625,
    16.405629052083334,
    16.59925640625,
    16.658079906250002,
    17.044109125000002,
    18.199745802083335,
    18.68626516666667,
    18.714451427083336,
    19.388470697916667,
    19.453421645833334,
    20.574744614583334,
    21.03920516666667,
    21.078420833333336,
    21.115185520833336,
    21.751214614583336,
    21.814940072916666,
    22.935037552083337,
    22.992635562500002,
    23.367635375000003,
    23.40072359375,
    24.100478145833335,
    24.193615354166667,
    24.838222875000003,
    24.89949735416667,
    25.284301083333336,
    25.73895771875,
    25.784300833333337,
    25.824741989583334,
    25.961996822916667,
    26.455869125000003,
    26.973025729166668,
    27.181358958333334,
    27.213221687500003,
    27.26346676041667,
    27.613956781250003,
    28.17523101041667,
    28.379887770833335,
    28.46934851041667,
    28.797779718750004,
    28.88111301041667,
    29.537975427083335,
    29.56861266666667,
    29.977926187500003,
    30.506112197916668,
    31.16542559375,
    32.349248531250005,
    32.45096416666667,
    32.86885611458334,
    33.08944423958334,
    33.1396893125,
    33.175228510416666,
    33.203414770833334,
    33.514689125000004,
    34.261012281250004,
    34.324737739583334,
    34.3455710625,
    34.69606108333333,
    35.22424709375,
    35.507335187500004,
    35.5514528125,
    35.87008010416667,
    36.66419735416667,
    36.69973655208334,
    37.05635402083334
  ],
  "Closed Hi Hat": [
    0.27328417708333336,
    0.57720559375,
    0.87867603125,
    1.1691170625,
    1.4460777083333334,
    2.046567604166667,
    2.6188712395833336,
    2.91543971875,
    3.223037604166667,
    3.509802166666667,
    3.8014686875000003,
    4.098037166666667,
    4.399507604166667,
    4.664213354166667,
    4.96690928125,
    5.263477760416667,
    5.567399177083334,
    5.863967656250001,
    6.138477322916667,
    6.448526187500001,
    6.745094666666668,
    7.020829822916667,
    7.319849281250001,
    7.622545208333334,
    7.9178881979166675,
    8.219358635416667,
    8.501221239583334,
    8.8014661875,
    9.090681729166667,
    9.388475697916668,
    9.705877500000001,
    10.012249895833333,
    10.318622291666667,
    10.598033916666667,
    10.868867114583335,
    11.174014020833335,
    11.471807989583334,
    11.741415697916668,
    12.04778809375,
    12.34190559375,
    12.65072896875,
    12.938719020833334,
    13.220581625000001,
    13.531855979166668,
    13.819846031250002,
    14.098032166666668,
    14.405630052083334,
    14.6985220625,
    15.001217989583335,
    15.275727656250002,
    15.571070645833334,
    15.8749920625,
    16.16543309375,
    16.443619229166668,
    16.747540645833336,
    17.044109125000002,
    17.34925603125,
    17.623765697916667,
    17.912981239583335,
    18.20464776041667,
    18.49876526041667,
    18.776951395833336,
    19.085774770833336,
    19.392147166666668,
    19.699745052083333,
    19.985284125,
    20.26469575,
    20.574744614583334,
    20.87131309375,
    21.155626677083333,
    21.458322604166668,
    21.75244010416667,
    22.056361520833335,
    22.34802804166667,
    22.626214177083334,
    22.931361083333336,
    23.226704072916668,
    23.513468635416668,
    23.817390052083336,
    24.100478145833335,
    24.401948583333336,
    24.68993863541667,
    24.980379666666668,
    25.280624614583335,
    25.57719309375,
    25.861506677083334,
    26.155624177083336,
    26.458320104166667,
    26.76101603125,
    27.037976677083336,
    27.31983928125,
    27.621309718750002,
    27.912976239583337,
    28.178907479166668,
    28.199740802083337,
    28.49508379166667,
    28.794103250000003,
    29.098024666666667,
    29.38111276041667,
    29.669102812500004,
    29.979151677083337,
    30.280622114583334,
    30.544102375,
    30.850474770833337,
    31.161749125000004,
    31.468121520833336,
    32.051454562500005,
    32.349248531250005,
    32.64581701041667,
    32.905620802083334,
    33.216895156250004,
    33.51959108333334,
    33.822287010416666,
    34.1102770625,
    34.397041625,
    35.001207989583335,
    35.267139229166666,
    35.57841358333334,
    35.87130559375,
    36.174001520833336,
    36.461991572916666,
    36.749981625000004,
    37.04287363541667,
    37.05390304166667,
    37.36395190625
  ],
  "Open Hi Hat": [
    1.7475481458333335,
    2.3174008020833337,
    31.75611157291667,
    34.691159125000006
  ]
}