{
  "Acoustic Snare": [
    2.37368065,
    2.439470025,
    2.4697331374999996,
    2.523680425,
    3.9710466749999997,
    4.1157832999999995
  ],
  "Bass Drum 1": [
    2.9486797874999997,
    3.2763108749999996,
    4.2618357125
  ],
  "Open Hi Hat": [
    2.9644692374999995,
    3.2828898124999997
  ],
  "Closed Hi Hat": [
    3.0513112124999995,
    3.4631526999999998,
    4.4355196625,
    4.589466799999999
  ],
  "High Tom": [
    4.421046,
    4.5749931375
  ]
}