{
  "Acoustic Snare": [
    0.0,
    0.8425479645833334
  ],
  "Closed Hi Hat": [
    0.5144230083333333,
    1.1153844666666666
  ],
  "High Tom": [
    0.5637018479166667
  ],
  "High Floor Tom": [
    1.4122594270833333,
    1.6995190041666666
  ]
}