{
  "Closed Hi Hat": [
    0.2513158104166667,
    0.41447371875,
    0.5763158375,
    0.7657895375,
    0.8210527000000001,
    0.8868421791666667,
    1.0039474520833334,
    1.0842106166666667,
    1.1552632541666668,
    1.2302632604166668,
    1.3776316937500002
  ],
  "Acoustic Snare": [
    1.55921065625,
    1.7092106687500002,
    1.8723685770833334
  ],
  "High Tom": [
    2.031579116666667
  ],
  "High Floor Tom": [
    2.197368604166667
  ]
}