{
  "Closed Hi Hat": [
    0.11842106250000001,
    0.1723684354166667,
    0.2526316,
    0.3618421354166667,
    0.45394740625,
    0.5302632020833333,
    0.6092105770833334
  ],
  "Acoustic Snare": [
    0.9368421833333334,
    1.0250000854166668,
    1.1131579875,
    1.21973694375,
    1.3118422145833335,
    1.4368422250000001,
    1.6592106645833333,
    1.7736843583333335,
    1.8684212083333334
  ],
  "High Tom": [
    1.54736855,
    2.0723685937500003,
    2.296052822916667,
    2.3973686208333334
  ],
  "Low-Mid Tom": [
    2.1842107083333335
  ]
}