{
  "Closed Hi Hat": [
    0.0
  ],
  "Acoustic Snare": [
    0.0,
    0.83653835,
    1.1322113875
  ],
  "High Tom": [
    0.56610569375
  ],
  "High Floor Tom": [
    1.4206728874999999,
    1.716345925,
    2.002403579166667,
    2.2908650791666667,
    2.5937496541666665
  ],
  "Crash Cymbal 1": [
    2.87379769375
  ]
}