{
  "Closed Hi Hat": [
    0.0,
    0.6118411874999999,
    1.2263139499999998
  ],
  "Acoustic Snare": [
    0.10789457499999999,
    0.17763131249999997,
    0.260525925,
    0.7223673374999999,
    0.8131566749999999,
    1.0552615749999998,
    1.3723663624999998,
    1.5460503124999998,
    1.9039445124999999
  ],
  "Bass Drum 1": [
    0.4223677875,
    1.6947343
  ],
  "High Tom": [
    0.5973675249999999
  ],
  "High Floor Tom": [
    0.9171038874999999,
    1.8657866749999998
  ]
}