{
  "Bass Drum 1": [
    2.35262805,
    4.2013094875,
    4.5144669125
  ],
  "Acoustic Snare": [
    2.4986804625,
    2.6749959874999996,
    2.8328904875,
    2.9947323499999996,
    3.1460479125,
    3.3052581999999995,
    3.4605211249999996,
    3.6092051124999998,
    3.7618364625,
    3.9144678124999994,
    4.072362312499999,
    4.372361862499999
  ],
  "High Floor Tom": [
    2.5065751874999997,
    2.6776275624999997,
    2.8276273374999996,
    2.9842060499999996,
    3.1407847624999996,
    3.2934161124999997,
    3.4539421874999996,
    3.5973630249999995,
    3.7539417374999995,
    3.8973625749999994,
    4.0486781375,
    4.335519812499999
  ],
  "Closed Hi Hat": [
    4.0486781375,
    4.326309299999999,
    4.63683515
  ]
}