{
  "Acoustic Snare": [
    0.006578947916666667,
    0.2750000229166667,
    0.29736844583333333,
    0.6144737354166667,
    0.6328947895833333,
    1.40921064375,
    1.53552644375,
    1.67763171875,
    1.8500001541666669
  ],
  "High Tom": [
    0.014473685416666666,
    0.9092106020833334,
    0.9447369208333334,
    1.2184211541666667,
    1.2460527354166668,
    2.0157896416666667
  ],
  "Bass Drum 1": [
    0.1263158,
    0.4171052979166667,
    0.773684275,
    1.1026316708333335,
    1.3776316937500002
  ],
  "High Floor Tom": [
    2.1710528125
  ]
}