{
  "Bass Drum 1": [
    0.006510416666666666,
    2.493489583333333,
    4.993489583333333,
    5.924479166666666,
    7.4765625,
    9.94921875,
    10.408854166666666,
    12.477864583333332,
    12.94921875,
    14.971354166666666,
    16.194010416666664,
    16.6640625,
    17.477864583333332,
    17.924479166666664,
    19.162760416666664,
    19.966145833333332,
    20.447916666666664,
    24.984375,
    25.4453125,
    27.489583333333332,
    27.919270833333332,
    29.958333333333332,
    30.430989583333332,
    32.479166666666664,
    32.94140625,
    34.0390625,
    34.1796875,
    34.79036458333333,
    35.00130208333333,
    35.48046875,
    38.59375,
    39.95052083333333
  ],
  "Closed Hi Hat": [
    0.018229166666666664,
    0.16015625,
    0.44921875,
    0.6080729166666666,
    0.7578125,
    0.9166666666666666,
    1.07421875,
    1.23046875,
    1.3841145833333333,
    1.515625,
    1.69140625,
    1.8645833333333333,
    2.009114583333333,
    2.173177083333333,
    2.3111979166666665,
    2.49609375,
    2.6484375,
    2.778645833333333,
    2.938802083333333,
    3.098958333333333,
    3.263020833333333,
    3.5533854166666665,
    3.734375,
    3.891927083333333,
    4.053385416666666,
    4.196614583333333,
    4.372395833333333,
    4.51953125,
    4.67578125,
    4.838541666666666,
    5.005208333333333,
    5.157552083333333,
    5.303385416666666,
    5.622395833333333,
    5.7734375,
    6.080729166666666,
    6.244791666666666,
    6.393229166666666,
    7.17578125,
    7.315104166666666,
    7.62890625,
    7.7734375,
    8.098958333333332,
    8.244791666666666,
    8.411458333333332,
    8.580729166666666,
    8.725260416666666,
    8.868489583333332,
    9.020833333333332,
    9.647135416666666,
    9.803385416666666,
    10.09765625,
    10.252604166666666,
    10.420572916666666,
    10.546875,
    10.705729166666666,
    10.865885416666666,
    11.033854166666666,
    11.1875,
    11.356770833333332,
    11.524739583333332,
    11.677083333333332,
    12.16796875,
    12.325520833333332,
    12.498697916666666,
    12.635416666666666,
    12.78125,
    12.953125,
    13.095052083333332,
    13.24609375,
    13.421875,
    13.571614583333332,
    13.744791666666666,
    13.895833333333332,
    14.80859375,
    15.135416666666666,
    15.299479166666666,
    15.447916666666666,
    15.600260416666666,
    15.766927083333332,
    15.903645833333332,
    16.040364583333332,
    16.348958333333332,
    16.5078125,
    16.670572916666664,
    17.173177083333332,
    17.322916666666664,
    17.614583333333332,
    17.76171875,
    17.934895833333332,
    18.393229166666664,
    18.544270833333332,
    18.692708333333332,
    19.639322916666664,
    19.80078125,
    20.149739583333332,
    20.467447916666664,
    20.743489583333332,
    20.903645833333332,
    21.061197916666664,
    21.21875,
    21.395833333333332,
    21.557291666666664,
    22.177083333333332,
    22.321614583333332,
    22.510416666666664,
    23.14453125,
    23.286458333333332,
    23.442708333333332,
    23.591145833333332,
    24.83203125,
    25.15625,
    25.45703125,
    25.592447916666664,
    25.920572916666664,
    26.084635416666664,
    26.240885416666664,
    26.381510416666664,
    26.549479166666664,
    27.171875,
    27.325520833333332,
    27.50390625,
    27.625,
    27.768229166666664,
    27.92578125,
    28.088541666666664,
    28.21484375,
    28.389322916666664,
    28.536458333333332,
    28.697916666666664,
    28.846354166666664,
    29.639322916666664,
    30.135416666666664,
    30.299479166666664,
    30.4609375,
    30.595052083333332,
    30.756510416666664,
    30.919270833333332,
    31.0859375,
    31.391927083333332,
    31.466145833333332,
    31.545572916666664,
    32.182291666666664,
    32.64192708333333,
    32.78645833333333,
    33.09114583333333,
    33.2421875,
    33.39583333333333,
    33.5546875,
    34.82161458333333,
    35.17708333333333,
    35.265625,
    35.4765625,
    35.77083333333333,
    35.921875,
    36.0859375,
    36.26302083333333,
    36.40364583333333,
    36.553385416666664,
    37.16927083333333,
    37.328125,
    37.63411458333333,
    37.79036458333333,
    37.9375,
    38.2578125,
    38.56380208333333,
    38.73567708333333,
    38.904947916666664,
    39.049479166666664,
    39.201822916666664,
    39.359375,
    39.51692708333333
  ],
  "Acoustic Snare": [
    5.466145833333333,
    6.872395833333333,
    7.04296875,
    7.9296875,
    9.330729166666666,
    9.494791666666666,
    11.856770833333332,
    12.028645833333332,
    14.372395833333332,
    14.5234375,
    16.850260416666664,
    17.022135416666664,
    19.338541666666664,
    19.484375,
    21.876302083333332,
    22.040364583333332,
    22.67578125,
    24.212239583333332,
    24.364583333333332,
    24.520833333333332,
    26.859375,
    27.03125,
    29.330729166666664,
    29.493489583333332,
    31.860677083333332,
    32.022135416666664,
    33.70052083333333,
    33.858072916666664,
    36.85546875,
    37.02734375,
    38.096354166666664,
    38.408854166666664,
    39.658854166666664,
    39.81380208333333
  ],
  "High Tom": [
    6.579427083333333,
    6.708333333333333,
    9.170572916666666,
    14.067708333333332,
    14.21484375,
    18.852864583333332,
    18.934895833333332,
    19.0078125,
    21.703125,
    26.709635416666664,
    29.013020833333332,
    34.3671875,
    34.52083333333333,
    34.7109375,
    36.71484375
  ],
  "High Floor Tom": [
    14.671875,
    23.7421875,
    23.895833333333332,
    24.045572916666664,
    24.680989583333332
  ],
  "Ride Cymbal 1": [
    14.970052083333332,
    29.165364583333332
  ],
  "Crash Cymbal 1": [
    19.971354166666664,
    24.984375,
    29.962239583333332,
    31.694010416666664,
    32.5,
    35.0078125
  ],
  "Low-Mid Tom": [
    22.83984375,
    22.98828125
  ]
}