{
  "Low-Mid Tom": [
    2.1197336625
  ],
  "Bass Drum 1": [
    2.3434175374999997,
    3.5789419999999996,
    3.8973625749999994,
    4.215783149999999
  ],
  "Acoustic Snare": [
    2.4776278625,
    2.6473644499999995,
    2.80525895,
    2.9657850249999997,
    3.1302584624999996,
    3.2947318999999995,
    3.4368369499999996,
    3.7420996499999997,
    4.0736780999999995,
    4.368414499999999,
    4.421046,
    4.5618352625
  ],
  "High Floor Tom": [
    2.4802594374999996,
    2.6513118125,
    2.8065747374999996,
    2.9671008124999996,
    3.1368373999999997,
    3.3092055624999994,
    3.4565737624999997,
    3.7368364999999995,
    4.055257074999999
  ],
  "Closed Hi Hat": [
    2.502627825,
    3.4289422249999997,
    3.6947312999999995,
    4.005257149999999,
    4.3618355625,
    4.690782437499999
  ]
}