{
  "Acoustic Snare": [
    0.016393433333333336,
    0.3340162041666667,
    0.6465160270833334,
    0.9754092833333334,
    1.290982875,
    1.452868029166667,
    1.618851541666667
  ],
  "Closed Hi Hat": [
    0.50717184375,
    0.9538929020833334,
    1.1588108187500001,
    1.4344254166666668
  ]
}