{
  "Closed Hi Hat": [
    0.7802632229166667,
    0.8486842812500001,
    0.9144737604166667,
    1.0250000854166668,
    1.1026316708333335,
    1.1828948354166666,
    1.2657895791666667,
    1.4157895916666667
  ],
  "Acoustic Snare": [
    1.5815790791666668,
    1.7223685645833333,
    1.88289489375
  ],
  "High Tom": [
    2.036842275
  ],
  "High Floor Tom": [
    2.185526497916667
  ]
}