{
  "Closed Hi Hat": [
    0.10416666666666666,
    0.17447916666666666,
    0.23307291666666666,
    0.3958333333333333,
    0.5598958333333333,
    0.6966145833333333,
    2.3125,
    2.6744791666666665,
    2.802083333333333,
    2.98046875,
    3.1393229166666665,
    3.2916666666666665,
    3.4557291666666665,
    3.6041666666666665,
    3.7682291666666665,
    3.907552083333333,
    4.075520833333333,
    4.223958333333333,
    4.686197916666666,
    4.837239583333333,
    5.006510416666666,
    5.145833333333333,
    5.287760416666666,
    5.454427083333333,
    5.58203125,
    5.73046875,
    5.9140625,
    6.0703125,
    6.197916666666666,
    6.375,
    6.522135416666666,
    6.6875,
    7.145833333333333,
    7.309895833333333,
    7.611979166666666,
    7.756510416666666,
    7.9296875,
    8.075520833333332,
    8.240885416666666,
    8.391927083333332,
    8.553385416666666,
    8.8515625,
    9.01171875,
    9.166666666666666,
    9.640625,
    9.803385416666666,
    10.110677083333332,
    10.263020833333332,
    10.434895833333332,
    10.604166666666666,
    10.751302083333332,
    10.930989583333332,
    11.07421875,
    11.229166666666666,
    11.38671875,
    11.548177083333332,
    12.145833333333332,
    12.31640625,
    12.640625,
    12.776041666666666,
    12.94140625,
    13.091145833333332,
    13.24609375,
    13.404947916666666,
    13.565104166666666,
    14.83984375,
    14.989583333333332,
    15.157552083333332,
    15.30078125,
    15.442708333333332,
    15.59765625,
    15.752604166666666,
    15.890625,
    16.1484375,
    19.311197916666664
  ],
  "Acoustic Snare": [
    0.8541666666666666,
    1.0130208333333333,
    1.1783854166666665,
    1.3450520833333333,
    1.6380208333333333,
    1.8125,
    4.381510416666666,
    4.56640625,
    6.84765625,
    7.001302083333333,
    9.330729166666666,
    9.46875,
    11.852864583333332,
    12.010416666666666,
    13.713541666666666,
    13.876302083333332,
    14.39453125,
    14.55859375,
    16.21484375,
    16.369791666666664,
    16.845052083333332
  ],
  "High Tom": [
    1.4791666666666665,
    1.9635416666666665,
    9.955729166666666,
    11.709635416666666,
    16.536458333333332,
    16.680989583333332,
    17.006510416666664
  ],
  "High Floor Tom": [
    2.1328125,
    14.053385416666666,
    14.216145833333332,
    17.157552083333332,
    17.32421875
  ],
  "Bass Drum 1": [
    2.2890625,
    2.47265625,
    5.013020833333333,
    5.447916666666666,
    5.907552083333333,
    7.47265625,
    7.934895833333333,
    8.376302083333332,
    10.889322916666666,
    12.473958333333332,
    12.953125,
    15.0234375,
    15.455729166666666,
    17.493489583333332
  ],
  "Crash Cymbal 1": [
    2.481770833333333,
    12.477864583333332,
    14.688802083333332
  ],
  "Open Hi Hat": [
    16.052083333333332
  ],
  "Ride Cymbal 1": [
    17.493489583333332
  ]
}