{
  "Acoustic Snare": [
    0.022368387499999996,
    0.060526224999999996,
    0.1855260375,
    0.32894687499999997,
    0.9328933374999999,
    1.2315770999999998,
    1.2723665124999999,
    1.4065768374999998,
    1.5592081875,
    2.1631546499999996,
    2.2039440624999997
  ],
  "Closed Hi Hat": [
    0.042105199999999995,
    0.5513149624999999,
    0.9210512499999999,
    1.7078921749999998,
    1.8236814749999999
  ],
  "Bass Drum 1": [
    0.43420987499999997,
    0.744735725,
    1.1026299249999998,
    1.6986816624999999,
    2.0210495999999996
  ],
  "Open Hi Hat": [
    0.46578877499999993,
    0.7842093499999999
  ]
}