{
  "Closed Hi Hat": [
    0.0,
    0.4651636708333334,
    0.9415978270833335,
    1.4477450812500001
  ],
  "Acoustic Snare": [
    0.008196716666666668,
    0.33606538333333336,
    0.4077866541666667,
    0.49077841041666675,
    0.8176224875000001,
    0.8924175270833334,
    0.9999994333333335
  ],
  "High Tom": [
    1.3135238458333336,
    1.5081958666666668
  ]
}