{
  "Ride Cymbal 1": [
    0.0
  ],
  "Acoustic Snare": [
    0.13684211666666668,
    0.1802631729166667,
    0.21842107083333334,
    0.25000002083333334,
    0.29605265625,
    0.44605266875000005,
    0.6078947875,
    1.0802632479166667,
    1.2421053666666668
  ],
  "Bass Drum 1": [
    0.29342107708333337
  ],
  "High Tom": [
    0.7565790104166668,
    0.9223684979166668,
    1.40921064375
  ],
  "Open Hi Hat": [
    1.4236843291666668
  ],
  "Low-Mid Tom": [
    1.5565790770833334,
    1.7171054062500002,
    1.8697369979166667
  ],
  "High Floor Tom": [
    2.0302633270833335,
    2.17894755,
    2.331579141666667
  ]
}