{
  "Acoustic Snare": [
    0.0,
    0.28381131458333336,
    0.6014340854166668,
    0.7961061062500001
  ],
  "Closed Hi Hat": [
    0.19057366250000002,
    0.4497948270833334,
    0.9446715958333335,
    1.4272532895833334
  ],
  "High Tom": [
    1.1249993625,
    1.4487696708333335
  ]
}