{
  "Closed Hi Hat": [
    0.12894737916666668,
    0.19605264791666668,
    0.27368423333333336,
    0.43157898333333333,
    0.9171053395833334,
    1.0881579854166668,
    1.263158,
    1.4302632770833335
  ],
  "High Tom": [
    0.6013158395833333
  ],
  "High Floor Tom": [
    1.59868434375,
    1.752631725,
    1.9065791062500002
  ]
}