{
  "Closed Hi Hat": [
    0.0078125,
    0.55078125,
    1.1927083333333333,
    1.8489583333333333,
    2.4947916666666665,
    3.0703125,
    3.7265625,
    4.36328125,
    4.993489583333333,
    5.571614583333333,
    6.2265625,
    6.88671875,
    7.493489583333333,
    8.126302083333332,
    8.755208333333332,
    9.37109375,
    10.009114583333332,
    10.609375,
    11.265625,
    11.860677083333332,
    12.513020833333332,
    13.096354166666666,
    13.720052083333332,
    14.3359375,
    14.970052083333332,
    15.5546875,
    16.194010416666664,
    16.850260416666664,
    17.477864583333332,
    18.078125,
    18.734375,
    19.359375,
    19.97265625,
    20.57421875,
    21.192708333333332,
    21.8203125,
    22.45703125,
    23.069010416666664,
    23.709635416666664,
    24.365885416666664,
    24.98828125,
    25.552083333333332,
    26.236979166666664,
    26.8671875,
    27.485677083333332,
    28.084635416666664,
    28.7421875,
    29.345052083333332,
    29.66015625,
    29.975260416666664,
    30.2578125,
    30.555989583333332,
    30.90625,
    31.229166666666664,
    31.5078125,
    31.833333333333332,
    32.12890625,
    32.4609375,
    32.76171875,
    33.065104166666664,
    33.404947916666664,
    33.713541666666664,
    34.01302083333333,
    34.33203125,
    34.64583333333333,
    34.99739583333333,
    35.58203125,
    36.21875,
    36.87630208333333,
    37.50911458333333,
    38.11848958333333,
    38.7109375,
    39.34375,
    39.983072916666664,
    40.62239583333333,
    41.209635416666664,
    41.50911458333333,
    41.830729166666664,
    42.486979166666664,
    43.05989583333333,
    43.725260416666664,
    44.338541666666664,
    44.97786458333333,
    45.57421875,
    46.22005208333333,
    46.861979166666664,
    47.47786458333333,
    48.06640625,
    48.74609375,
    49.36848958333333,
    49.994791666666664,
    50.57552083333333,
    51.2421875,
    51.84895833333333,
    52.490885416666664,
    53.10286458333333,
    53.725260416666664,
    54.3359375,
    57.420572916666664
  ],
  "Bass Drum 1": [
    0.01171875,
    2.5,
    3.40625,
    5.015625,
    5.9140625,
    7.520833333333333,
    8.47265625,
    10.032552083333332,
    10.955729166666666,
    12.548177083333332,
    14.989583333333332,
    15.91796875,
    17.50390625,
    18.42578125,
    19.9921875,
    20.9140625,
    22.467447916666664,
    23.421875,
    24.98828125,
    25.916666666666664,
    27.497395833333332,
    29.940104166666664,
    32.44661458333333,
    34.975260416666664,
    35.94661458333333,
    37.52864583333333,
    38.43098958333333,
    39.02473958333333,
    40.006510416666664,
    40.91927083333333,
    42.51171875,
    44.80078125,
    44.959635416666664,
    45.912760416666664,
    46.541666666666664,
    47.752604166666664,
    48.436197916666664,
    50.014322916666664,
    50.91536458333333,
    52.510416666666664,
    52.822916666666664,
    54.97395833333333
  ],
  "Ride Cymbal 1": [
    0.0234375,
    0.30859375,
    0.59765625,
    0.8893229166666666,
    1.20703125,
    1.5286458333333333,
    1.6888020833333333,
    1.8515625,
    2.1783854166666665,
    2.3268229166666665,
    2.485677083333333,
    2.8033854166666665,
    3.0924479166666665,
    3.40234375,
    3.734375,
    4.052083333333333,
    4.192708333333333,
    4.354166666666666,
    4.70703125,
    4.845052083333333,
    5.0,
    5.32421875,
    5.622395833333333,
    5.934895833333333,
    6.243489583333333,
    6.561197916666666,
    6.704427083333333,
    6.889322916666666,
    7.192708333333333,
    7.50390625,
    7.8203125,
    8.138020833333332,
    8.458333333333332,
    8.786458333333332,
    9.088541666666666,
    9.220052083333332,
    9.376302083333332,
    9.692708333333332,
    9.83984375,
    10.013020833333332,
    10.321614583333332,
    10.61328125,
    10.9296875,
    11.252604166666666,
    11.569010416666666,
    11.720052083333332,
    11.885416666666666,
    12.197916666666666,
    12.373697916666666,
    12.524739583333332,
    12.8203125,
    13.111979166666666,
    13.419270833333332,
    13.572916666666666,
    13.72265625,
    14.013020833333332,
    14.16796875,
    14.3359375,
    14.665364583333332,
    14.811197916666666,
    14.97265625,
    15.2890625,
    15.60546875,
    15.907552083333332,
    16.2265625,
    16.532552083333332,
    16.704427083333332,
    16.8671875,
    17.178385416666664,
    17.334635416666664,
    17.486979166666664,
    17.796875,
    18.106770833333332,
    18.434895833333332,
    18.74609375,
    19.033854166666664,
    19.197916666666664,
    19.352864583333332,
    19.674479166666664,
    19.829427083333332,
    19.98046875,
    20.30078125,
    20.626302083333332,
    20.911458333333332,
    21.223958333333332,
    21.497395833333332,
    21.661458333333332,
    21.813802083333332,
    22.130208333333332,
    22.30078125,
    22.454427083333332,
    22.786458333333332,
    23.095052083333332,
    23.421875,
    23.729166666666664,
    24.048177083333332,
    24.2109375,
    24.361979166666664,
    25.27734375,
    25.938802083333332,
    26.247395833333332,
    26.557291666666664,
    26.708333333333332,
    26.88671875,
    27.1875,
    27.494791666666664,
    27.796875,
    28.104166666666664,
    28.408854166666664,
    28.733072916666664,
    29.033854166666664,
    29.3671875,
    29.66015625,
    29.95703125,
    30.256510416666664,
    30.604166666666664,
    30.92578125,
    31.225260416666664,
    31.52734375,
    31.680989583333332,
    31.84375,
    32.162760416666664,
    32.48567708333333,
    32.78255208333333,
    33.10677083333333,
    33.42578125,
    35.276041666666664,
    35.635416666666664,
    35.944010416666664,
    36.25390625,
    36.55208333333333,
    36.71484375,
    36.889322916666664,
    37.3828125,
    37.53125,
    37.822916666666664,
    38.131510416666664,
    38.428385416666664,
    38.729166666666664,
    39.0390625,
    39.36458333333333,
    39.686197916666664,
    39.830729166666664,
    39.99348958333333,
    40.2890625,
    40.608072916666664,
    40.912760416666664,
    41.22005208333333,
    41.51953125,
    41.861979166666664,
    42.20052083333333,
    42.515625,
    42.8046875,
    43.1015625,
    43.24348958333333,
    43.401041666666664,
    43.72265625,
    45.248697916666664,
    45.62109375,
    45.921875,
    46.23958333333333,
    46.526041666666664,
    46.697916666666664,
    46.859375,
    47.18359375,
    47.33723958333333,
    47.49609375,
    47.80598958333333,
    48.11328125,
    48.428385416666664,
    48.744791666666664,
    49.05598958333333,
    49.221354166666664,
    49.381510416666664,
    49.69140625,
    49.842447916666664,
    50.296875,
    50.6171875,
    50.921875,
    51.24609375,
    51.53645833333333,
    51.87109375,
    52.1796875,
    52.502604166666664,
    52.815104166666664,
    53.127604166666664,
    53.43098958333333,
    53.721354166666664
  ],