{
  "Acoustic Snare": [
    0.024999962499999997,
    0.05921043749999999,
    0.210526,
    0.3144732125,
    0.6157885499999999,
    1.0749983875,
    1.2342086749999999
  ],
  "Bass Drum 1": [
    0.43026251249999997,
    0.74210415,
    1.4184189249999999
  ],
  "Open Hi Hat": [
    0.45920983749999994
  ],
  "Closed Hi Hat": [
    0.539472875,
    0.7671041124999999,
    0.9039460125,
    1.5671029124999998
  ],
  "High Tom": [
    1.5526292499999998,
    1.7118395374999997
  ],
  "High Floor Tom": [
    1.8894708499999997
  ]
}