{
  "Closed Hi Hat": [
    0.17763159375,
    0.2473684416666667,
    0.331578975,
    0.47500003958333337,
    0.8105263833333334,
    0.963157975,
    1.1118421979166666,
    1.4421053833333335,
    1.5921053958333333,
    1.74078961875
  ],
  "Bass Drum 1": [
    0.6342105791666667,
    1.9144738437500002
  ],
  "High Floor Tom": [
    1.9105264750000002
  ]
}