{
  "Closed Hi Hat": [
    0.0,
    0.47233579791666674,
    0.9364748791666668,
    1.4569663875000003
  ],
  "Acoustic Snare": [
    0.024590150000000005,
    0.18237694583333336,
    0.3463112791666667
  ],
  "High Tom": [
    0.6403684895833334,
    0.8002044645833335,
    1.0010240229166667
  ],
  "High Floor Tom": [
    1.2889336958333335,
    1.4754090000000002
  ]
}