{
  "Closed Hi Hat": [
    0.0,
    0.8868407749999999
  ],
  "Acoustic Snare": [
    0.0171052375,
    0.021052599999999998,
    0.19342076249999998,
    0.24999962499999998,
    0.32894687499999997,
    0.40131518749999995,
    0.4776308625,
    0.5986833125,
    1.0381563374999998,
    1.11052465,
    1.2052613499999998,
    1.28947175,
    1.371050575,
    1.8539445874999998,
    2.0210495999999996
  ],
  "High Tom": [
    0.9171038874999999
  ],
  "High Floor Tom": [
    1.5144714124999998
  ]
}