{
  "Closed Hi Hat": [
    0.6471354166666666,
    1.2591145833333333,
    1.8958333333333333,
    3.078125,
    4.311197916666666
  ],
  "Acoustic Snare": [
    0.9518229166666666,
    1.2799479166666665,
    1.4375,
    1.7265625,
    1.88671875
  ],
  "High Floor Tom": [
    0.9544270833333333,
    1.2838541666666665,
    2.1783854166666665
  ],
  "Low-Mid Tom": [
    1.5729166666666665
  ],
  "High Tom": [
    2.0377604166666665
  ],
  "Bass Drum 1": [
    2.34765625,
    2.48046875
  ],
  "Crash Cymbal 1": [
    2.484375
  ]
}