{
  "Closed Hi Hat": [
    0.0,
    0.19364743125000003,
    0.44877023750000006,
    0.9334011104166668,
    1.443646722916667,
    1.9456956187500003
  ],
  "Acoustic Snare": [
    0.014344254166666669,
    0.15676220625,
    0.3114752333333334,
    1.3012287708333334,
    1.4702860520833336,
    1.6362695645833336
  ],
  "High Tom": [
    0.6198766979166668,
    0.7745897250000001,
    0.9538929020833334
  ],
  "High Floor Tom": [
    1.2961058229166669,
    1.4641385145833334,
    1.6209007208333335
  ]
}