{
  "Closed Hi Hat": [
    0.18489583333333331,
    0.2747395833333333,
    0.4375,
    0.5807291666666666,
    0.7591145833333333
  ],
  "Acoustic Snare": [
    0.91796875,
    1.0703125,
    1.3645833333333333,
    1.5221354166666665
  ],
  "High Tom": [
    1.234375,
    1.68359375
  ],
  "High Floor Tom": [
    1.8372395833333333,
    1.984375,
    2.1393229166666665
  ],
  "Bass Drum 1": [
    2.34765625
  ]
}