{
  "Closed Hi Hat": [
    0.2776316020833334,
    0.89605270625,
    2.826316025,
    3.4315792333333337,
    3.768421366666667,
    4.544737220833333,
    4.727631972916667,
    4.88289514375,
    5.077632002083334,
    5.201316222916667,
    5.3407899187500005,
    5.513158354166667,
    5.792105745833334,
    5.963158391666667,
    6.119737352083334,
    6.2934215770833335,
    6.440790010416667,
    6.867105835416667,
    7.0500005875000005,
    7.513158520833334,
    7.546053260416667,
    7.689474325,
    7.846053285416667,
    8.01710593125,
    8.327632272916667,
    8.49868491875,
    8.653948089583334,
    8.81447441875,
    8.952632325,
    9.109211285416666,
    9.743421864583334,
    9.91184293125,
    10.080263997916667,
    10.226316641666667,
    10.378948233333334,
    12.953948447916668,
    13.382895852083333,
    13.5552642875,
    13.738159039583334,
    13.89079063125,
    14.05263275,
    14.209211710416668,
    14.377632777083335,
    14.682895960416667,
    14.8421065,
    15.007895987500001,
    15.185527581250001,
    15.322369697916667,
    15.484211816666667,
    15.653948672916668,
    15.946053960416668,
    16.1131592375,
    16.272369777083334,
    16.430264527083335,
    16.584211908333334,
    17.203948802083335,
    17.363159341666666,
    17.521054091666667,
    17.836843591666668,
    17.989475183333333,
    18.175001514583336,
    18.478948908333333,
    18.625001552083333,
    18.786843670833335,
    18.944738420833335
  ],
  "Open Hi Hat": [
    0.5934211020833333,
    4.07763191875,
    6.5697373895833335,
    6.759211089583333,
    7.215790075,
    7.380263772916667
  ],
  "Acoustic Snare": [
    0.9105263916666667,
    1.0184211375,
    1.1092106187500002,
    1.18815799375,
    1.2657895791666667,
    1.42500011875,
    1.5736843416666668,
    3.1197371020833335,
    3.5736845083333333,
    3.930263485416667,
    4.406579314583333,
    5.653947839583334,
    6.9078953125,
    8.169737522916668,
    9.396053414583333,
    9.452632366666666,
    9.60394816875,
    10.68552720625,
    10.730264052083333,
    10.988158810416667,
    11.035527235416668,
    11.148685139583334,
    11.473685166666668,
    11.631579916666666,
    13.248685314583334,
    14.523685420833335,
    15.798685527083334,
    17.039475104166666,
    18.319738368750002,
    19.418422670833333,
    19.58289636875,
    19.73552796041667,
    19.865791129166666,
    20.0447385125,
    20.186843787500003,
    20.340791168750002,
    21.139475445833334,
    21.293422827083333,
    21.45658073541667,
    21.610528116666668,
    22.063159733333336
  ],
  "High Tom": [
    1.7223685645833333,
    11.314474627083333,
    11.796053614583334,
    20.5026332875,
    20.657896458333333,
    21.91184393125,
    22.23026501041667
  ],
  "Low-Mid Tom": [
    1.88289489375,
    2.04078964375,
    11.9605273125,
    12.1184220625,
    12.268422075,
    21.755264970833334
  ],
  "High Floor Tom": [
    2.2078949208333336,
    2.3605265125,
    12.428948404166666,
    22.39605449791667
  ],
  "Ride Cymbal 1": [
    2.5184212625,
    12.581579995833334
  ],
  "Bass Drum 1": [
    2.5210528416666667,
    2.9473686666666667,
    3.4302634437500004,
    4.0723687604166665,
    5.03289515625,
    5.465789929166667,
    5.975000497916667,
    6.5460531770833335,
    7.538158522916667,
    8.005263825,
    8.481579654166667,
    9.08289549375,
    10.07368505,
    10.51579035,
    10.840790377083334,
    12.593422102083334,
    13.08552740625,
    13.559211656250001,
    14.211843289583333,
    15.171053895833333,
    15.632896039583335,
    16.102632920833333,
    16.698685602083334,
    16.871054037500002,
    17.672369893750002,
    18.147369933333334,
    18.61052786666667,
    19.126317383333333,
    19.260527920833333,
    20.76973857291667,
    20.930264902083334,
    22.569738722916668
  ],
  "Crash Cymbal 1": [
    17.672369893750002,
    22.564475564583333
  ]
}