{
  "High Tom": [
    0.0026315749999999997,
    0.9118407374999999
  ],
  "Acoustic Snare": [
    0.128947175,
    0.20921021249999996,
    0.28421009999999997,
    0.36447313749999993,
    0.5868412249999999,
    1.0407879125,
    1.134208825,
    1.2052613499999998,
    1.2842086,
    1.5394713749999998
  ],
  "Closed Hi Hat": [
    0.45263089999999995,
    0.5815780749999999,
    1.3828926624999998,
    1.5421029499999999
  ],
  "Bass Drum 1": [
    0.45920983749999994,
    1.4065768374999998
  ],
  "High Floor Tom": [
    1.9092076624999998,
    2.071049525
  ]
}