{
  "Acoustic Snare": [
    0.0,
    0.07684421875000001,
    0.17213105000000004,
    0.31967195000000004,
    0.4866800520833334,
    0.6383193104166668,
    1.6301220270833336,
    1.6813515062500002
  ],
  "Closed Hi Hat": [
    0.005122947916666667,
    0.48463087291666673,
    0.9518437229166667,
    1.4549172083333335
  ],
  "High Tom": [
    0.8094257708333334,
    0.9743846937500001
  ],
  "High Floor Tom": [
    1.1393436166666668,
    1.3002041812500003,
    1.4549172083333335
  ],
  "Open Hi Hat": [
    1.6321712062500002
  ]
}