{
  "Closed Hi Hat": [
    0.0013157895833333334
  ],
  "Acoustic Snare": [
    0.0394736875,
    0.19078948958333333,
    0.9644737645833333,
    1.1184211458333333,
    1.7263159333333333,
    1.88289489375,
    2.039473854166667
  ],
  "High Tom": [
    0.35131581875,
    0.49868425208333333
  ],
  "Bass Drum 1": [
    0.6460526854166667,
    0.7947369083333333,
    1.41710538125,
    1.6723685604166667,
    2.42763178125
  ],
  "Low-Mid Tom": [
    1.2802632645833334,
    1.5723685520833335
  ],
  "High Floor Tom": [
    2.1960528145833336,
    2.36447388125
  ]
}