{
  "Closed Hi Hat": [
    0.0
  ],
  "High Floor Tom": [
    0.1565787125,
    1.8486814374999998
  ],
  "Acoustic Snare": [
    0.30526269999999994,
    0.36184156249999994,
    0.43157829999999997,
    0.48947294999999996,
    0.5473676,
    0.6605253249999999,
    0.9499985749999998,
    1.8749971874999998
  ],
  "High Tom": [
    1.1249983124999998,
    1.3999978999999998,
    1.5671029124999998
  ],
  "Bass Drum 1": [
    1.684208
  ]
}