{
  "Closed Hi Hat": [
    0.140625,
    0.21354166666666666,
    0.29557291666666663,
    0.45572916666666663,
    0.6171875,
    0.7838541666666666,
    4.37109375
  ],
  "High Tom": [
    0.9388020833333333,
    1.0924479166666665,
    1.2473958333333333,
    2.0026041666666665
  ],
  "Acoustic Snare": [
    1.3854166666666665,
    1.515625,
    1.6953125,
    1.8580729166666665,
    2.1549479166666665
  ],
  "Bass Drum 1": [
    2.2890625,
    2.4557291666666665
  ],
  "Crash Cymbal 1": [
    2.493489583333333
  ]
}