{
  "High Floor Tom": [
    0.14999977499999997,
    1.8697340374999998
  ],
  "Acoustic Snare": [
    0.28947324999999996,
    0.34868368749999995,
    0.4249993625,
    0.49210452499999996,
    0.5434202374999999,
    0.6671042624999999,
    0.9631564499999999,
    1.8999971499999997
  ],
  "High Tom": [
    1.1368403999999999,
    1.413155775,
    1.5789449999999998
  ],
  "Bass Drum 1": [
    1.7197342624999998
  ]
}