{
  "Acoustic Snare": [
    0.0,
    0.13114746666666668,
    0.30430310625000007,
    0.4590161333333334,
    0.6301225937500001,
    0.8032782333333335,
    1.6229499000000003
  ],
  "Closed Hi Hat": [
    0.0,
    0.47233579791666674,
    0.9538929020833334,
    1.4405729541666668
  ],
  "High Tom": [
    0.9702863354166668,
    1.1249993625
  ],
  "High Floor Tom": [
    1.2991795916666669,
    1.45389261875
  ],
  "Open Hi Hat": [
    1.609630235416667
  ]
}