{
  "Bass Drum 1": [
    0.0013157895833333334,
    0.43815793125,
    0.9578948166666668,
    1.5750001312500002,
    2.5276317895833333,
    2.984210775,
    3.4631581833333334,
    4.07763191875,
    5.035526735416667,
    5.48289519375,
    5.973684708333334,
    6.448684747916667,
    6.60394791875,
    7.568421683333334,
    8.015790141666667,
    8.34079016875,
    10.086842945833334,
    10.519737718750001,
    10.593421935416668,
    11.02500091875,
    11.492106220833334,
    11.653948339583334,
    12.62763263125,
    13.08552740625,
    13.568422183333334,
    14.98815914375,
    15.128948629166667,
    15.578948666666667,
    16.094738183333334,
    18.426317325,
    18.735527877083335,
    19.005264741666668
  ],
  "Closed Hi Hat": [
    0.0394736875,
    0.17105264583333335,
    0.331578975,
    0.5052632,
    0.7960526979166667,
    0.9513158687500001,
    1.1197369354166666,
    1.2802632645833334,
    1.4276316979166668,
    1.5828948687500002,
    1.7289475125,
    2.04868438125,
    2.2039475520833336,
    2.355263354166667,
    2.5118423145833333,
    2.6789475916666667,
    2.8197370770833334,
    2.98815814375,
    3.286842379166667,
    3.4526318666666667,
    3.6131581958333334,
    3.7657897875,
    3.9236845375000002,
    4.0802634979166665,
    4.24342140625,
    4.551316168750001,
    5.023684629166667,
    5.185526747916667,
    5.33684255,
    5.49078993125,
    5.8026320625,
    5.9605268125,
    6.1302636687500005,
    6.292105787500001,
    6.459211064583334,
    6.61184265625,
    6.771053195833334,
    7.078947958333334,
    7.240790077083334,
    7.405263775000001,
    7.573684841666667,
    7.7250006437500005,
    7.869737497916667,
    8.028948037500001,
    8.336842800000001,
    8.650000720833333,
    8.811842839583333,
    8.967106010416668,
    9.125000760416667,
    9.405263941666668,
    10.240790327083333,
    10.394737708333334,
    10.563158775,
    10.869737747916668,
    11.022369339583333,
    11.194737775,
    11.367106210416667,
    11.521053591666668,
    11.672369393750001,
    11.825000985416667,
    12.161843118750001,
    12.609211577083334,
    12.632895789583333,
    12.796053697916667,
    12.942106341666667,
    13.100001091666668,
    13.407895854166668,
    13.568422183333334,
    13.727632722916667,
    13.873685366666667,
    14.469738047916668,
    15.285527589583333,
    15.43815918125,
    15.625001302083334,
    15.922369747916667,
    16.077632918750002,
    16.217106614583333,
    16.381580312500002,
    16.478948741666667,
    16.59079085625,
    16.643422439583333,
    16.715790866666666,
    16.877632985416668,
    17.196054064583333,
    17.363159341666666,
    17.511843564583334,
    17.678948841666667,
    17.8342120125,
    18.128948879166668,
    19.0973700125,
    19.23158055,
    19.509212152083336
  ],
  "Acoustic Snare": [
    0.6394737375,
    1.8947370000000001,
    3.1381581562500003,
    4.400000366666667,
    5.647368891666667,
    6.917105839583334,
    6.963158475,
    8.181579629166666,
    8.497369129166668,
    9.440790260416668,
    9.609211327083333,
    9.75789555,
    10.703948260416666,
    11.99605363125,
    13.250001104166667,
    14.04079064375,
    14.189474866666668,
    14.503948577083333,
    14.665790695833334,
    15.759211839583335,
    17.036843525000002,
    17.97500149791667,
    18.27894889166667,
    18.605264708333333,
    18.905264733333333,
    19.382896352083336,
    19.4289489875,
    19.468422675,
    19.521054258333333,
    19.534212154166667,
    19.692106904166668,
    19.836843758333334
  ],
  "Open Hi Hat": [
    4.702631970833334,
    5.022368839583334,
    9.27236919375,
    12.314474710416667,
    12.468422091666667
  ],
  "Crash Cymbal 1": [
    10.06973768125,
    15.136843366666668
  ],
  "High Tom": [
    14.355264354166668,
    19.221054233333334
  ],
  "Low-Mid Tom": [
    14.826317025
  ]
}