{
  "Closed Hi Hat": [
    0.0,
    0.08854166666666666,
    0.19140625,
    0.3098958333333333,
    3.071614583333333,
    3.6627604166666665,
    4.529947916666666
  ],
  "Acoustic Snare": [
    0.5260416666666666,
    0.6171875,
    0.7122395833333333,
    0.8072916666666666,
    0.9205729166666666,
    1.1276041666666665,
    1.24609375,
    1.3528645833333333,
    1.4466145833333333,
    1.55078125
  ],
  "High Tom": [
    1.0325520833333333,
    1.6471354166666665,
    1.7395833333333333
  ],
  "Low-Mid Tom": [
    1.8385416666666665,
    1.9322916666666665
  ],
  "High Floor Tom": [
    2.03125,
    2.140625,
    2.24609375
  ],
  "Bass Drum 1": [
    2.4635416666666665
  ],
  "Ride Cymbal 1": [
    2.46484375,
    4.671875
  ]
}