{
  "Acoustic Snare": [
    0.0986840625,
    0.23026281250000002,
    0.3508766666666667,
    0.5175430833333334,
    0.6436393854166668,
    0.7730251562500001,
    1.0350861666666669,
    1.1502175729166668,
    1.3037261145833334,
    1.4298224166666669
  ],
  "Bass Drum 1": [
    0.4989027604166667
  ],
  "Closed Hi Hat": [
    1.55591871875
  ],
  "High Tom": [
    1.584427447916667,
    1.7192956666666668,
    1.8410060104166668
  ]
}