{
  "Acoustic Snare": [
    0.0
  ],
  "Closed Hi Hat": [
    0.2392239625,
    0.74030118125,
    1.2553870104166667,
    1.76185215625
  ],
  "High Tom": [
    0.37068938333333334,
    0.530172025,
    0.7769390854166667,
    0.8997838229166667,
    1.1303871020833334,
    1.2661628645833334
  ],
  "High Floor Tom": [
    1.5269385354166667
  ]
}