{
  "Closed Hi Hat": [
    0.02307685,
    0.3634603875
  ],
  "Acoustic Snare": [
    0.10096121875,
    0.4365370791666667,
    0.75865144375,
    0.9634584875,
    1.2855728520833334,
    1.5942257208333332,
    1.8096096541666666
  ],
  "Ride Cymbal 1": [
    0.21153779166666667,
    0.6596132958333334,
    1.0615351,
    1.4817260770833334
  ],
  "Open Hi Hat": [
    0.5586520770833333,
    1.3740341104166667
  ],
  "Bass Drum 1": [
    0.84518963125,
    1.1663424604166668,
    1.7124945770833333
  ]
}