{
  "Bass Drum 1": [
    0.040322500000000004,
    1.6034914166666667,
    2.60886575,
    4.202948583333334,
    5.1612800000000005,
    6.790309000000001,
    7.760737166666667,
    8.080629,
    8.719068583333334,
    9.361540416666667,
    10.315839583333334,
    11.303740833333334,
    13.189489750000002,
    13.833305666666668,
    15.458302416666667,
    16.4435155,
    17.077922833333336,
    17.719050583333335,
    18.048351,
    18.381683666666667,
    19.051037166666667,
    20.631679166666668,
    21.594042833333333,
    22.22845016666667,
    23.194846083333335,
    24.154521583333334,
    24.826563250000003,
    25.81043225,
    26.75263466666667,
    27.399138750000002,
    28.395104500000002,
    29.335962833333337,
    29.997251833333337,
    30.95827141666667,
    31.90988241666667,
    33.52815875,
    33.856115083333336,
    34.51606,
    35.162564083333336,
    36.09804608333334,
    37.06981833333334,
    37.729763250000005,
    38.35610608333334,
    38.67196566666667,
    41.19212191666667,
    42.19884033333334,
    43.82652525,
    44.81711466666667,
    45.44748975,
    46.09264975,
    46.42195016666667,
    47.40581916666667,
    49.02678366666667,
    49.338611,
    49.99452366666667,
    51.63833758333334,
    52.548282,
    53.19209791666667,
    54.161182000000004,
    54.50392325000001,
    55.12488975,
    55.774082,
    56.723004833333334,
    57.69746525,
    59.331870583333334,
    59.94611666666667,
    61.68401641666667,
    61.82648925
  ],
  "Acoustic Snare": [
    0.6424718333333334,
    0.9260734166666668,
    1.9516090000000001,
    3.2405849166666667,
    4.5241845000000005,
    5.794343250000001,
    7.098104083333334,
    8.3951445,
    9.682776333333335,
    10.96772,
    12.249975500000001,
    13.509381583333335,
    13.576585750000001,
    14.797013416666667,
    16.150505333333335,
    17.396470583333333,
    17.474427416666668,
    18.70426366666667,
    19.508025500000002,
    19.825229166666666,
    19.973078333333333,
    21.279527333333334,
    22.553718333333336,
    23.830597500000003,
    25.154519583333336,
    25.46365875,
    26.440807333333336,
    27.719030583333335,
    29.006662416666668,
    30.299670583333334,
    30.62359466666667,
    31.58327016666667,
    32.88837508333334,
    34.18272733333333,
    35.47035916666667,
    35.77815425,
    36.752614666666666,
    38.044278750000004,
    38.876266333333334,
    38.99588975,
    39.15180341666667,
    39.29696441666667,
    39.44615766666667,
    39.600727250000006,
    40.10610258333334,
    40.15448958333334,
    40.193468,
    40.22438191666667,
    40.38163966666667,
    40.548306000000004,
    40.69077883333333,
    41.90448608333334,
    43.18674158333334,
    43.41523575,
    44.49050241666667,
    45.7821665,
    46.02275741666667,
    47.08995958333334,
    48.403129,
    49.674631833333336,
    50.97032816666667,
    52.241831000000005,
    53.5240865,
    53.725699000000006,
    54.80903016666667,
    56.09128566666667,
    56.40983341666667,
    57.38967016666667,
    58.04289466666667,
    58.678646083333334,
    59.612784000000005,
    59.64235383333334,
    60.459556500000005,
    60.72030866666667,
    60.89100725,
    61.02675966666667,
    61.19477008333334
  ],
  "Closed Hi Hat": [
    0.6465040833333334,
    1.2916640833333335,
    1.6451580000000001,
    1.9677380000000002,
    2.6223065833333337,
    3.2540257500000003,
    3.8790245000000003,
    4.20563675,
    4.526872666666667,
    5.147839166666667,
    5.463698750000001,
    5.809128166666667,
    6.469073083333334,
    6.803749833333334,
    7.106168583333334,
    7.767457583333334,
    8.091381666666667,
    8.401864916666668,
    9.040304500000001,
    9.370949000000001,
    9.688152666666667,
    10.309119166666667,
    10.315839583333334,
    10.651860416666667,
    10.975784500000001,
    11.295676333333335,
    11.607503666666668,
    12.262072250000001,
    12.557770583333333,
    12.889759166666668,
    13.202930583333334,
    13.517446083333335,
    13.857499166666667,
    14.155885666666668,
    14.473089333333334,
    15.424700333333334,
    15.481151833333334,
    15.817172666666668,
    16.158569833333335,
    16.758031000000003,
    17.084643250000003,
    17.400502833333334,
    17.72980325,
    18.049695083333333,
    18.38706,
    18.710984083333333,
    19.04431675,
    19.348079583333334,
    19.68006816666667,
    20.603453416666667,
    21.29431225,
    21.9112465,
    22.225762,
    22.565815083333334,
    22.838664,
    23.18006116666667,
    23.478447666666668,
    23.83462975,
    24.155865666666667,
    24.501295083333336,
    24.82118691666667,
    25.162584083333336,
    25.788926916666668,
    25.811776333333334,
    26.450215916666668,
    26.75397875,
    27.07118241666667,
    27.3951065,
    27.727095083333335,
    28.397792666666668,
    29.020103250000002,
    29.641069750000003,
    30.310423250000003,
    30.932733833333334,
    30.95558325,
    31.589990583333336,
    32.247247333333334,
    32.89778366666667,
    33.52815875,
    33.852082833333334,
    34.186759583333334,
    34.823855083333335,
    35.47439141666667,
    36.75530283333334,
    37.39777466666667,
    37.71632241666667,
    38.05234325,
    38.66793341666667,
    39.903146,
    40.548306000000004,
    41.90851833333333,
    42.22303383333334,
    42.54292566666667,
    42.8144305,
    43.20018241666667,
    43.830557500000005,
    44.49856691666667,
    45.132974250000004,
    45.4757155,
    45.79291916666667,
    46.104746500000005,
    46.43270283333334,
    46.71630441666667,
    47.10071225,
    47.411195500000005,
    47.75259266666667,
    48.40716125,
    49.02678366666667,
    49.34129916666667,
    49.67866408333334,
    49.97705058333334,
    50.322480000000006,
    50.658500833333335,
    50.97973675,
    51.61952041666667,
    51.635649416666666,
    52.252583666666666,
    52.878926500000006,
    53.197474250000006,
    53.52677466666667,
    54.16790241666667,
    54.4756975,
    54.81575058333333,
    55.134298333333334,
    55.4434375,
    55.76198525,
    56.09397383333334,
    56.70418766666667,
    57.36144441666667,
    57.396390583333336,
    57.731067333333336,
    58.04692691666667,
    58.348001583333335,
    58.68805466666667,
    58.98912933333334,
    59.01063466666667,
    60.57514766666667,
    61.19477008333334
  ],
  "Open Hi Hat": [
    4.825259166666667,
    9.991915500000001,
    14.798357500000002,
    25.448873833333334,
    30.612842,
    51.275435083333335,
    59.315741583333335
  ],
  "Crash Cymbal 1": [
    20.631679166666668,
    36.08729341666667,
    41.19212191666667,
    56.73241341666667,
    61.814392500000004
  ],
  "High Floor Tom": [
    35.77143383333333,
    40.856101083333336,
    56.40580116666667,
    61.65444658333334
  ],
  "High Tom": [
    60.24719133333334,
    60.276761166666674,
    61.34933966666667
  ],
  "Low-Mid Tom": [
    61.505253333333336
  ]
}