{
  "Ride Cymbal 1": [
    0.234375,
    0.5041666666666667,
    0.7822916666666666,
    1.0354166666666667,
    1.296875,
    1.5354166666666667,
    1.7791666666666666,
    2.01875,
    2.271875,
    2.5145833333333334,
    2.7697916666666664,
    3.01875,
    3.267708333333333,
    3.5083333333333333,
    3.7624999999999997,
    4.0,
    4.247916666666667,
    4.503125,
    4.75,
    4.996875,
    5.241666666666666,
    5.489583333333333,
    5.753125,
    6.009375,
    6.257291666666666,
    6.510416666666667,
    6.765625,
    7.005208333333333,
    7.267708333333333,
    7.516666666666667,
    7.776041666666667,
    8.022916666666667,
    8.273958333333333,
    8.530208333333333,
    8.783333333333333,
    9.038541666666667,
    9.279166666666667,
    9.538541666666667,
    9.794791666666667,
    10.03125,
    10.275,
    10.53125,
    10.7875,
    11.028125,
    11.260416666666666,
    11.51875,
    11.771875,
    12.021875,
    12.264583333333333,
    12.517708333333333,
    12.767708333333333,
    13.004166666666666,
    13.237499999999999,
    13.498958333333333,
    13.766666666666666,
    14.0125,
    14.265625,
    14.520833333333334,
    14.763541666666667,
    15.989583333333334,
    16.228125,
    16.515625,
    16.770833333333332,
    17.004166666666666,
    17.246875,
    17.5125,
    17.770833333333332,
    18.03333333333333,
    18.289583333333333,
    18.5375,
    18.785416666666666,
    19.044791666666665,
    19.29895833333333,
    19.538541666666667,
    19.789583333333333,
    20.038541666666667,
    20.291666666666668,
    20.535416666666666,
    20.78125,
    21.029166666666665,
    21.269791666666666,
    21.540625,
    21.794791666666665,
    22.036458333333332,
    22.276041666666668,
    22.527083333333334,
    22.764583333333334,
    23.00625,
    23.242708333333333,
    23.507291666666667,
    23.765625
  ],
  "Acoustic Snare": [
    0.49895833333333334,
    1.53125,
    2.5197916666666664,
    3.511458333333333,
    4.505208333333333,
    5.130208333333333,
    5.489583333333333,
    6.517708333333333,
    7.148958333333333,
    7.5125,
    8.53125,
    9.532291666666666,
    10.534375,
    11.526041666666666,
    12.514583333333333,
    13.13125,
    13.505208333333334,
    14.518749999999999,
    14.903125,
    15.132291666666667,
    15.269791666666666,
    15.366666666666667,
    15.492708333333333,
    16.51875,
    17.141666666666666,
    17.511458333333334,
    18.5375,
    19.178125,
    19.540625,
    20.538541666666667,
    20.909375,
    21.540625,
    22.527083333333334,
    22.8875,
    23.504166666666666
  ],
  "Bass Drum 1": [
    1.2875,
    1.7635416666666666,
    2.003125,
    3.2541666666666664,
    3.747916666666667,
    3.9989583333333334,
    5.364583333333333,
    5.747916666666667,
    5.995833333333334,
    7.3999999999999995,
    7.7593749999999995,
    7.992708333333333,
    9.277083333333334,
    9.398958333333333,
    9.778125,
    10.007291666666667,
    11.265625,
    11.767708333333333,
    12.013541666666667,
    13.376041666666666,
    13.74375,
    14.011458333333334,
    15.997916666666667,
    17.422916666666666,
    17.76770833333333,
    18.008333333333333,
    19.430208333333333,
    19.775,
    20.025,
    21.282291666666666,
    21.76770833333333,
    22.029166666666665,
    23.248958333333334,
    23.753125
  ],
  "High Tom": [
    15.728125
  ]
}