{
  "Acoustic Snare": [
    0.0013157895833333334,
    0.03157895,
    0.17894738333333335,
    1.1118421979166666,
    1.2407895770833335,
    1.7289475125,
    1.98947385,
    2.0447370125,
    2.1473686
  ],
  "High Floor Tom": [
    0.3263158166666667,
    0.48026319791666666,
    0.9592106062500001,
    1.55921065625,
    1.8644738395833333
  ],
  "Bass Drum 1": [
    0.6394737375,
    0.7828948020833334
  ],
  "Closed Hi Hat": [
    1.0657895625
  ],
  "High Tom": [
    1.3986843270833333
  ]
}