{
  "Ride Cymbal 1": [
    0.06125,
    0.23,
    0.36875,
    0.63375,
    0.80875,
    0.9225,
    1.21125,
    1.495,
    1.8,
    2.08125,
    2.4075,
    2.69375,
    2.995,
    3.31625,
    3.59875,
    3.89875,
    4.2025,
    4.5075,
    4.80625,
    5.1175,
    5.42375,
    5.70375,
    5.99875,
    6.29875,
    6.60125,
    6.9,
    7.1975,
    7.495,
    7.7975,
    8.088750000000001,
    8.395,
    8.700000000000001
  ],
  "Bass Drum 1": [
    0.08750000000000001,
    1.21875,
    2.11375,
    2.41125,
    2.85125,
    3.765,
    4.20625,
    4.39125,
    4.66875,
    5.12125,
    5.29,
    5.6000000000000005,
    6.16375,
    6.78125,
    7.1875,
    7.36625,
    7.6312500000000005,
    8.0925,
    8.26125,
    8.55875,
    8.76125
  ],
  "Acoustic Snare": [
    0.64,
    1.79375,
    3.00125,
    3.15875,
    3.45875,
    3.89875,
    4.0625,
    4.1275,
    4.79625,
    4.96125,
    5.43375,
    5.84875,
    6.29125,
    6.445,
    6.89625,
    7.0425,
    7.0825000000000005,
    7.125,
    7.7825,
    7.93875,
    8.008750000000001,
    8.3875,
    8.84875,
    8.9925,
    9.15
  ],
  "High Tom": [
    9.3,
    9.43375
  ]
}