{
  "Ride Cymbal 1": [
    0.0
  ],
  "Acoustic Snare": [
    0.13932291666666666,
    0.4609375,
    0.6028645833333333,
    1.21875,
    1.3619791666666665,
    1.51953125,
    1.6575520833333333,
    1.8072916666666665,
    1.9583333333333333,
    4.69921875,
    4.850260416666666
  ],
  "High Tom": [
    0.7526041666666666,
    0.9010416666666666,
    2.1236979166666665
  ],
  "High Floor Tom": [
    1.0611979166666665,
    2.2760416666666665
  ],
  "Bass Drum 1": [
    2.4127604166666665,
    4.5546875
  ],
  "Crash Cymbal 1": [
    2.4479166666666665
  ],
  "Closed Hi Hat": [
    3.828125
  ]
}