{
  "High Floor Tom": [
    0.30131533749999995,
    0.9407880624999999
  ],
  "Open Hi Hat": [
    0.30789427499999994,
    0.9434196374999999
  ],
  "Bass Drum 1": [
    0.3118416375,
    0.9513143624999999,
    1.7236816249999998,
    2.0328916875
  ],
  "Closed Hi Hat": [
    0.6105253999999999,
    1.8552603749999999
  ],
  "Acoustic Snare": [
    1.27894545,
    1.4289452249999999,
    1.5855239374999999,
    1.8763129749999998,
    1.9131550249999998
  ]
}