{
  "Closed Hi Hat": [
    0.002049179166666667,
    0.48155710416666675,
    0.9784830520833334,
    1.4600401562500003,
    1.9456956187500003
  ],
  "Acoustic Snare": [
    0.008196716666666668,
    0.1864753041666667,
    0.4948767687500001,
    0.6690569979166667,
    0.9877043583333335,
    1.1495895125000002,
    1.2930320541666669,
    1.4661876937500002,
    1.6249990791666669
  ],
  "High Floor Tom": [
    0.016393433333333336,
    0.18852448333333335,
    0.4969259479166667,
    0.6608602812500001,
    0.9846305895833335
  ],
  "Bass Drum 1": [
    0.32581948750000006,
    0.8094257708333334
  ],
  "Open Hi Hat": [
    1.6229499000000003
  ]
}