{
  "Bass Drum 1": [
    1.2042986666666669,
    1.4596745,
    1.7567169166666667
  ],
  "Acoustic Snare": [
    1.2956963333333333,
    1.3198898333333333,
    1.7997275833333335,
    1.9381681666666668,
    2.087361416666667,
    2.2499955000000003,
    2.7231128333333334,
    2.8857469166666667
  ],
  "High Tom": [
    1.6102118333333335,
    1.6344053333333335,
    2.405909166666667,
    3.0456928333333337
  ],
  "Low-Mid Tom": [
    2.564511
  ],
  "High Floor Tom": [
    3.2150473333333336,
    3.3844018333333334,
    3.5349391666666667
  ]
}