{
  "Closed Hi Hat": [
    0.0
  ],
  "Acoustic Snare": [
    0.0,
    0.28684167499999996,
    0.36184156249999994,
    0.9210512499999999,
    1.1960508374999999,
    1.27894545,
    1.8802603374999998
  ],
  "High Tom": [
    0.43947302499999996,
    1.3592084875
  ],
  "High Floor Tom": [
    0.5249992124999999,
    1.4407873125
  ],
  "Bass Drum 1": [
    0.5921043749999999,
    1.51052405
  ]
}