{
  "Closed Hi Hat": [
    0.0010245895833333335,
    0.47950792500000006,
    0.9682371562500002,
    1.4313516479166668
  ],
  "Acoustic Snare": [
    0.1895490729166667,
    0.2663932916666667,
    0.3432375104166667,
    0.5143439708333334,
    0.6577865125000001,
    0.9764338729166668,
    1.2612697770833334,
    1.7397531125000003
  ],
  "High Tom": [
    0.8360651000000001,
    1.1362698479166669
  ],
  "High Floor Tom": [
    1.4569663875000003,
    1.6239744895833335
  ]
}