{
  "High Tom": [
    0.9765625,
    1.1184895833333333
  ],
  "Bass Drum 1": [
    1.3046875,
    1.4401041666666665
  ],
  "Acoustic Snare": [
    1.58203125,
    1.72265625
  ]
}