{
  "Bass Drum 1": [
    2.4596725,
    3.3763373333333337
  ],
  "High Tom": [
    2.534941166666667,
    2.595424916666667,
    2.74193,
    3.458326416666667,
    3.518810166666667
  ],
  "Acoustic Snare": [
    2.889779166666667,
    3.0389724166666667,
    3.196230166666667,
    3.6787560833333335,
    3.822573,
    3.990583416666667,
    4.142464833333333,
    4.248647416666667,
    4.357518166666667,
    4.4690770833333335,
    4.569883333333333,
    4.684130416666667
  ],
  "High Floor Tom": [
    4.790313,
    4.8964955833333335,
    5.002678166666667
  ]
}