{
  "Closed Hi Hat": [
    0.0,
    0.4754095666666667,
    0.9600404395833335,
    1.4426221333333336,
    1.944671029166667
  ],
  "Acoustic Snare": [
    0.13217205625000003,
    0.21311463333333336,
    0.3022539270833334,
    0.4692620291666667,
    0.6106553916666667,
    1.2551222395833335,
    1.6301220270833336
  ],
  "High Tom": [
    0.7766389041666668,
    1.1065567500000002
  ],
  "Bass Drum 1": [
    1.45389261875
  ],
  "High Floor Tom": [
    1.6086056458333335
  ]
}