{
  "Bass Drum 1": [
    0.1484375,
    2.649739583333333,
    4.84765625
  ],
  "High Tom": [
    0.22265625,
    0.2786458333333333,
    1.6393229166666665,
    3.259114583333333,
    3.567708333333333,
    4.544270833333333
  ],
  "Acoustic Snare": [
    0.7109375,
    0.8723958333333333,
    1.0286458333333333,
    1.1822916666666665,
    1.34375,
    1.80078125,
    2.9479166666666665,
    3.095052083333333,
    3.415364583333333,
    3.727864583333333,
    3.8697916666666665,
    4.044270833333333,
    4.204427083333333,
    4.37890625
  ],
  "Low-Mid Tom": [
    1.5013020833333333
  ],
  "High Floor Tom": [
    2.73828125,
    2.8033854166666665,
    4.697916666666666
  ],
  "Crash Cymbal 1": [
    4.881510416666666
  ]
}