{
  "Closed Hi Hat": [
    0.0
  ],
  "Acoustic Snare": [
    0.009210512499999999,
    0.276315375,
    0.35394683749999994,
    0.9263143999999999,
    1.2197350125,
    1.29999805,
    1.8789445499999997
  ],
  "High Tom": [
    0.41184148749999994,
    1.3671032124999998
  ],
  "High Floor Tom": [
    0.5223676374999999,
    1.4631557
  ],
  "Bass Drum 1": [
    0.5828938625,
    1.5302608624999998
  ]
}