{
  "Bass Drum 1": [
    2.4112855,
    2.8857469166666667,
    3.2150473333333336,
    3.5470359166666667,
    3.9045620833333334,
    4.208324916666667,
    4.518808166666667,
    4.795689333333334
  ],
  "Acoustic Snare": [
    2.5335970833333334,
    2.7016075,
    2.881714666666667,
    3.564509,
    3.9018739166666667,
    4.041658583333334,
    4.206980833333334,
    4.3521418333333335,
    4.518808166666667,
    4.678754083333334
  ],
  "Crash Cymbal 1": [
    2.538973416666667
  ],
  "Low-Mid Tom": [
    3.2338645,
    3.56854125,
    3.897841666666667
  ],
  "High Floor Tom": [
    4.826603250000001,
    4.9757965
  ]
}