{
  "Bass Drum 1": [
    0.0,
    0.48463087291666673,
    0.9959010750000001
  ],
  "High Floor Tom": [
    0.13217205625000003,
    0.6465160270833334,
    1.2756140312500002
  ],
  "Acoustic Snare": [
    0.15266384791666668,
    0.6956963270833334
  ],
  "High Tom": [
    1.4692614625000002
  ]
}