{
  "Acoustic Snare": [
    0.0,
    0.0065789375,
    0.6052622499999999,
    0.64736745,
    1.01578795,
    1.09999835,
    1.2118402874999998,
    1.355261125,
    1.5092082624999998,
    1.5578923999999998,
    1.807892025,
    2.1368389
  ],
  "Closed Hi Hat": [
    1.2223665874999998,
    1.6657869749999998,
    1.7868394249999997,
    1.9999969999999998,
    2.1539441375
  ],
  "Bass Drum 1": [
    1.6802606374999998,
    1.9907864874999999
  ]
}