{
  "Bass Drum 1": [
    0.0,
    0.4661882604166667,
    0.9815568208333335
  ],
  "High Floor Tom": [
    0.14754090000000003,
    0.6413930791666668,
    1.2991795916666669,
    1.4743844104166668
  ],
  "Acoustic Snare": [
    0.1649589229166667,
    0.6526635645833334,
    1.3043025395833334,
    1.4692614625000002
  ]
}