{
  "Acoustic Snare": [
    0.0,
    0.027631537499999997,
    0.6526306,
    0.6789463499999999,
    1.0934194124999999,
    1.160524575,
    1.2710507249999998,
    1.4105241999999998,
    1.5697344874999999,
    1.8644708874999998
  ],
  "Closed Hi Hat": [
    1.25789285,
    1.802628875,
    2.1631546499999996
  ],
  "Bass Drum 1": [
    1.7157869,
    2.00526015
  ],
  "Open Hi Hat": [
    1.7184184749999998,
    2.018418025
  ]
}