{
  "Acoustic Snare": [
    0.0,
    0.09553561875000001,
    0.19464266250000004,
    0.3017854125,
    0.6133922437500001,
    0.8205348937500001,
    1.0249989750000001,
    1.1223203062500002,
    1.23482019375,
    1.5437484562500001
  ],
  "High Tom": [
    0.41339244375000006,
    0.5124994875000001,
    0.7232135625000001,
    0.9160705125000002
  ],
  "Closed Hi Hat": [
    1.3285701
  ],
  "High Floor Tom": [
    1.4348199937500001
  ],
  "Bass Drum 1": [
    1.5321413250000002,
    1.6678554750000003
  ],
  "Crash Cymbal 1": [
    1.6571412000000003
  ]
}