{
  "Bass Drum 1": [
    0.6478481666666667,
    0.96774,
    1.2983845,
    1.6102118333333335
  ],
  "High Floor Tom": [
    0.661289,
    0.97983675,
    1.3131694166666668
  ],
  "Acoustic Snare": [
    0.6639771666666667,
    0.9811808333333334,
    1.3198898333333333,
    1.5013410833333334,
    1.5604807500000002,
    1.6451580000000001,
    1.7835985833333334,
    1.9448885833333334,
    2.10080225,
    2.25402775
  ]
}