{
  "Acoustic Snare": [
    0.0,
    0.63684115,
    1.4276294374999998,
    1.5776292124999998
  ],
  "Bass Drum 1": [
    0.3263153,
    0.48684137499999997,
    0.7842093499999999,
    1.7052606
  ],
  "High Tom": [
    0.6276306374999999,
    2.0223653875
  ],
  "Closed Hi Hat": [
    0.9644722374999999,
    2.1592072874999997
  ],
  "High Floor Tom": [
    1.8776287624999999
  ]
}