{
  "Bass Drum 1": [
    0.0,
    0.13729500416666668,
    0.6086062125000001,
    0.7786880833333334,
    1.3186467937500002,
    1.4590155666666669
  ],
  "Acoustic Snare": [
    0.2715162395833334,
    0.46721285000000007,
    0.9559420812500001,
    1.1321714895833335,
    1.6506138187500001
  ],
  "High Floor Tom": [
    0.29815556875000004,
    0.46721285000000007,
    0.9456961854166668,
    1.1229501833333335,
    1.6362695645833336
  ]
}