{
  "Acoustic Snare": [
    0.0,
    0.05779558333333334,
    0.1370965,
    0.2123651666666667,
    0.29435425000000004,
    0.37768741666666666,
    0.4583324166666667,
    0.5389774166666667
  ],
  "High Tom": [
    0.61693425,
    0.70564375,
    0.7755360833333333,
    0.8548370000000001,
    0.9287615833333334,
    1.0107506666666668,
    1.0887075000000002,
    1.1680084166666667,
    1.2446211666666667,
    1.3252661666666667,
    1.4072552500000002,
    1.4852120833333333
  ],
  "Crash Cymbal 1": [
    1.2405889166666668
  ],
  "Bass Drum 1": [
    1.258062,
    1.8817166666666667
  ],
  "Low-Mid Tom": [
    1.564513,
    1.6465020833333335,
    1.7244589166666668,
    1.7970394166666668,
    1.8763403333333335,
    1.9556412500000002,
    2.030909916666667,
    2.115587166666667
  ],
  "High Floor Tom": [
    2.1948880833333333,
    2.2755330833333334,
    2.357522166666667,
    2.4408553333333334
  ]
}