{
  "Closed Hi Hat": [
    0.7955349187500002,
    1.45446283125,
    1.5151770562500002,
    1.5741055687500003,
    1.6392840750000002,
    1.6767840375000003,
    1.7874982125000003,
    1.8892838250000001,
    1.9321409250000003,
    1.9964265750000003,
    2.0526765187500002,
    2.1026764687500004,
    2.2839262875000004,
    2.34374765625,
    2.38660475625,
    2.4553546875000003,
    2.5258903312500003,
    2.7258901312500003,
    2.82589003125,
    2.9330327812500006,
    3.04731838125,
    3.3687466312500005,
    3.5723178562500006,
    3.7946390625000004,
    3.9874960125000007,
    4.0624959375000005,
    4.11696016875,
    4.1732101125000005,
    4.23303148125,
    4.3392813750000006
  ],
  "Acoustic Snare": [
    3.1473182812500005,
    3.2544610312500004,
    4.433924137500001,
    4.54553116875,
    4.6401739312500005,
    4.7383881187500005
  ],
  "High Floor Tom": [
    4.84195944375,
    4.946423625
  ],
  "Bass Drum 1": [
    5.0392806750000005
  ],
  "Crash Cymbal 1": [
    5.052673518750001
  ]
}