{
  "Bass Drum 1": [
    0.0,
    0.5120957500000001,
    1.0107506666666668,
    1.5228464166666669
  ],
  "Crash Cymbal 1": [
    0.0
  ],
  "Acoustic Snare": [
    0.08736541666666667,
    0.193548,
    0.26344033333333333,
    0.34274125,
    0.42876258333333334,
    0.5994611666666667,
    0.6962351666666667,
    0.7674715833333334,
    0.8427402500000001,
    0.9301056666666667,
    1.1102128333333334,
    1.2029545833333335,
    1.28628775,
    1.3629005,
    1.45161,
    1.6223085833333335,
    1.7137062500000002,
    1.7889749166666669,
    1.8749962500000001,
    1.9569853333333334,
    2.0456948333333336,
    2.12499575,
    2.209673,
    2.290318
  ],
  "High Tom": [
    0.5107516666666667,
    1.02015925,
    1.53628725
  ],
  "High Floor Tom": [
    2.3682748333333334,
    2.4408553333333334,
    2.4838660000000004,
    2.499995
  ]
}