{
  "Closed Hi Hat": [
    0.0010245895833333335
  ],
  "Acoustic Snare": [
    0.021516381250000004,
    0.19057366250000002
  ],
  "Bass Drum 1": [
    0.3913932208333334,
    0.5051226645833334,
    0.9784830520833334,
    1.12807313125,
    1.6301220270833336,
    1.7961055395833336
  ],
  "High Tom": [
    0.6772537145833334,
    0.8309421520833334
  ],
  "High Floor Tom": [
    1.3073763083333334,
    1.4713106416666668
  ]
}