{
  "Closed Hi Hat": [
    0.0
  ],
  "Acoustic Snare": [
    0.37767819375000006,
    0.5080352062500001,
    0.674999325,
    0.8187491812500001,
    0.9607133250000002,
    1.11339174375,
    1.25803445625,
    1.41160573125,
    1.5589270125,
    1.6973197312500001,
    1.8357124500000002,
    1.9848194437500002,
    2.1267835875000003,
    2.2660691625000005,
    2.4098190187500004,
    2.54374745625,
    2.6892830250000004,
    2.7223187062500003,
    2.8401757312500004,
    2.9794613062500006,
    3.1169611687500005,
    3.2660681625000003
  ],
  "High Floor Tom": [
    0.38214247500000004,
    0.5732137125000001,
    0.8160706125000001,
    1.02142755,
    1.2607130250000003,
    1.4714271,
    1.6964268750000002,
    1.9124980875000002,
    2.13481929375,
    2.3535690750000002,
    2.5696402875000004,
    2.7714258000000003,
    2.9839255875000004,
    3.1999968000000005
  ],
  "Bass Drum 1": [
    3.3785680500000006
  ],
  "Crash Cymbal 1": [
    3.3901751812500005
  ]
}