{
  "Closed Hi Hat": [
    0.0,
    0.47900000000000004,
    0.713,
    1.1300000000000001
  ],
  "Acoustic Snare": [
    0.018000000000000002,
    0.106,
    0.248,
    0.355,
    0.47600000000000003,
    0.582,
    0.705,
    0.8140000000000001,
    0.9380000000000001,
    1.172,
    1.287,
    1.415
  ],
  "Open Hi Hat": [
    1.043
  ],
  "Bass Drum 1": [
    1.057
  ],
  "High Tom": [
    1.528
  ],
  "High Floor Tom": [
    1.6620000000000001
  ]
}