{
  "Closed Hi Hat": [
    0.39999960000000007,
    3.6642820500000006,
    4.07946020625
  ],
  "Acoustic Snare": [
    0.8517848625000001,
    0.9517847625000001,
    1.15982026875,
    1.36696291875,
    1.5794627062500002,
    2.0249979750000002,
    2.1339264375000004,
    2.2312477687500003,
    2.34731908125,
    2.4508904062500005,
    2.78303293125,
    3.0919611937500004,
    3.2098182187500006,
    3.3008895562500005,
    3.4062465937500006,
    3.6508892062500005,
    3.8008890562500004,
    3.8687461312500004,
    3.9714246000000006,
    4.071424500000001,
    4.162495837500001,
    4.474995525000001,
    4.55803115625,
    4.6767810375000005,
    4.739280975000001,
    4.826780887500001,
    4.900887956250001
  ],
  "High Floor Tom": [
    1.2839272875,
    1.4910699375000003,
    1.9205337937500002,
    3.6758891812500005,
    4.974995025000001,
    5.040173531250001
  ],
  "Bass Drum 1": [
    1.7196411375000002,
    1.8303553125000003,
    3.5383893187500006,
    3.5883892687500003,
    5.0999949
  ],
  "High Tom": [
    2.56517600625,
    2.6839258875000005,
    2.8866042562500005,
    4.273210012500001,
    4.3571385000000005
  ],
  "Low-Mid Tom": [
    2.9999970000000005
  ],
  "Crash Cymbal 1": [
    5.114280600000001
  ]
}