{
  "Bass Drum 1": [
    0.025537583333333336,
    0.5134398333333333,
    0.9865571666666667,
    1.4085993333333333
  ],
  "Crash Cymbal 1": [
    0.029569833333333337,
    0.5026871666666667,
    0.9744604166666667,
    1.42338425
  ],
  "Acoustic Snare": [
    0.1048385,
    0.21102108333333336,
    0.2768811666666667,
    0.3467735,
    0.44354750000000004,
    0.6008052500000001,
    0.758063,
    0.8292994166666667,
    0.9045680833333334,
    1.0591376666666668,
    1.14919125,
    1.2123631666666668,
    1.2822555,
    1.3629005,
    1.5107496666666667,
    1.5900505833333334,
    1.66531925,
    1.7258030000000002,
    1.8212329166666668,
    1.8938134166666667,
    1.9731143333333334,
    2.0483830000000003,
    2.123651666666667
  ],
  "Closed Hi Hat": [
    0.9973098333333333,
    1.8010716666666668
  ],
  "High Floor Tom": [
    2.2016085000000003,
    2.2755330833333334
  ]
}