{
  "High Floor Tom": [
    0.12602451875,
    0.6075816229166667,
    0.7991798750000001,
    1.2889336958333335,
    1.4692614625000002
  ],
  "Acoustic Snare": [
    0.13934418333333334,
    1.283810747916667,
    1.4590155666666669
  ],
  "Bass Drum 1": [
    0.28381131458333336,
    0.43032762500000005,
    0.9682371562500002,
    1.1014338020833334,
    1.6331957958333336,
    1.818646510416667
  ],
  "High Tom": [
    0.6178275187500001,
    0.7899585687500001
  ]
}