{
  "Closed Hi Hat": [
    0.0,
    0.429
  ],
  "High Tom": [
    0.0,
    1.042,
    1.42
  ],
  "Acoustic Snare": [
    0.08600000000000001,
    0.132,
    0.167,
    0.203,
    0.274,
    0.343,
    0.447,
    0.5740000000000001,
    0.6890000000000001,
    0.799,
    0.927
  ],
  "Bass Drum 1": [
    1.162
  ],
  "High Floor Tom": [
    1.295
  ]
}