{
  "High Floor Tom": [
    0.0,
    0.1588113854166667,
    0.6372947208333334,
    0.8196716666666668,
    1.3124992562500002,
    1.4877040750000001
  ],
  "Acoustic Snare": [
    0.0030737687500000006,
    0.1588113854166667,
    1.29405664375,
    1.4856548958333335
  ],
  "Bass Drum 1": [
    0.331967025,
    0.4764341562500001,
    0.9948764854166668,
    1.1403682062500002,
    1.6270482583333337,
    1.7879088229166669
  ],
  "High Tom": [
    0.6352455416666668,
    0.8155733083333334
  ]
}