{
  "High Tom": [
    0.0,
    0.44892383333333336,
    0.9462346666666668,
    1.4126315833333334
  ],
  "Acoustic Snare": [
    0.06317191666666667,
    0.16129000000000002,
    0.2204296666666667,
    0.29569833333333334,
    0.39247233333333337,
    0.5537623333333334,
    0.6330632500000001,
    0.7016115,
    0.7688156666666667,
    0.8749982500000001,
    1.0349441666666668,
    1.1115569166666668,
    1.1895137500000001,
    1.2513415833333335,
    1.3494596666666667,
    1.51209375,
    1.5846742500000002,
    1.6599429166666668,
    1.7271470833333333,
    1.81854475,
    1.8938134166666667,
    1.9784906666666668,
    2.05241525,
    2.127683916666667,
    2.2016085000000003,
    2.2822535
  ],
  "Bass Drum 1": [
    0.44892383333333336,
    0.9583314166666668,
    1.4112875
  ],
  "High Floor Tom": [
    2.35080175,
    2.4327908333333337
  ]
}