{
  "Closed Hi Hat": [
    0.0,
    0.39732103125000007,
    0.49999950000000004,
    0.7633920937500001,
    1.3642843500000001,
    1.5598198687500002,
    1.8883909687500002,
    2.2374977625000003,
    2.4589261125000004
  ],
  "Acoustic Snare": [
    1.2651773062500002,
    1.6776768937500002,
    1.9937480062500004,
    2.33481909375,
    2.6866044562500004,
    2.7901757812500003,
    2.9008899562500003,
    3.0053541375000004,
    3.1089254625000002,
    3.5562464437500005,
    3.6624963375000004,
    3.7562462437500006,
    3.8562461437500004,
    3.9624960375000007,
    4.053567375000001,
    4.146424425,
    4.19553151875,
    4.241960043750001,
    4.278567150000001,
    4.395531318750001,
    4.686602456250001
  ],
  "Bass Drum 1": [
    1.4839270875000001,
    1.8169624687500003,
    2.15624784375,
    3.2455324687500005,
    3.3696394875000006,
    5.0205306937500005,
    5.1187448812500005
  ],
  "High Tom": [
    2.5669617187500005,
    4.481245518750001,
    4.5848168437500005,
    4.79731663125
  ],
  "High Floor Tom": [
    3.4553536875000006,
    4.898209387500001
  ],
  "Crash Cymbal 1": [
    4.998209287500001,
    5.108923462500001
  ]
}