{
  "Bass Drum 1": [
    0.006720416666666667,
    0.9583314166666668,
    2.571231416666667,
    3.03628425,
    3.4798317500000002,
    5.135742416666667,
    5.651870416666667,
    6.1370845,
    7.723102833333334,
    8.145145000000001,
    10.194872083333333,
    10.329280416666668,
    10.790301000000001,
    11.266106500000001,
    12.89916775,
    14.006692416666667,
    14.385723916666668,
    15.325238166666667,
    15.451582,
    16.448891833333334,
    18.047006916666668,
    20.61555016666667,
    21.60345141666667,
    23.2338245,
    24.18812366666667,
    25.78489466666667,
    26.790269000000002,
    28.376287333333334,
    28.87763041666667,
    29.79295116666667,
    30.904508083333337,
    31.4434855,
    31.907194250000003,
    32.529504833333334,
    33.54563183333334,
    34.04697491666667,
    34.525468583333335,
    36.12761591666667,
    36.56041075,
    37.065786083333336,
    38.69481508333334,
    39.162556083333335,
    39.670619583333334,
    41.2660465,
    41.751260583333334,
    42.2660445,
    43.84803058333333,
    44.342653250000005,
    44.806362,
    45.62759691666667,
    46.467649,
    46.90582016666667,
    47.395066500000006,
    48.02006525
  ],
  "Ride Cymbal 1": [
    0.025537583333333336,
    0.32392408333333333,
    0.6666653333333333,
    0.9892453333333334,
    1.3024167500000001,
    1.6034914166666667,
    1.7661255,
    1.9247273333333335,
    2.2513395833333334,
    2.5792959166666667,
    2.8790265,
    3.1935420000000003,
    3.4878962500000004,
    3.821228916666667,
    4.135744416666667,
    4.291658083333334,
    4.483862,
    4.802409750000001,
    5.142462833333334,
    5.4596665,
    5.805095916666667,
    6.127675916666667,
    6.459664500000001,
    6.7634273333333335,
    6.926061416666667,
    7.096760000000001,
    7.4112755,
    7.728479166666667,
    8.026865666666668,
    8.37498325,
    8.537617333333333,
    8.696219166666667,
    9.025519583333335,
    10.315839583333334,
    10.643795916666667,
    10.944870583333334,
    11.260730166666667,
    11.596751000000001,
    11.9112665,
    12.079276916666668,
    12.243255083333334,
    13.212339166666668,
    13.537607333333334,
    13.864219583333334,
    15.460990583333334,
    15.780882416666667,
    16.13303225,
    16.447547750000002,
    16.791633083333334,
    17.106148583333333,
    17.274159,
    17.71367425,
    18.034910166666666,
    18.373619166666668,
    18.708295916666668,
    20.622270583333336,
    20.954259166666667,
    21.290280000000003,
    21.59538691666667,
    21.926031416666667,
    22.225762,
    22.419310000000003,
    22.595384916666667,
    22.893771416666667,
    23.241889,
    23.549684083333336,
    23.864199583333335,
    24.1854355,
    24.508015500000003,
    24.80505791666667,
    24.973068333333334,
    25.150487333333334,
    25.462314666666668,
    26.112851000000003,
    26.477097583333336,
    26.791613083333335,
    27.119569416666668,
    27.432740833333334,
    27.577901833333335,
    27.74860041666667,
    28.048331,
    30.909884416666667,
    31.623592666666667,
    31.912570583333334,
    32.220365666666666,
    32.544289750000004,
    32.721708750000005,
    32.904504083333336,
    33.23783675,
    33.872244083333335,
    34.029501833333335,
    34.21364125,
    34.839984083333334,
    35.15987591666667,
    35.31041325,
    35.81982083333334,
    36.14374491666667,
    36.439443250000004,
    36.57653975,
    37.0886355,
    37.39777466666667,
    37.70691383333334,
    37.86551566666667,
    38.37492325,
    38.706911833333336,
    38.999922000000005,
    39.14911525,
    39.67734,
    39.987823250000005,
    40.30502691666667,
    41.26201425,
    41.598035083333336,
    41.74588425,
    42.283517583333335,
    42.60340941666667,
    42.919269,
    43.09131166666667,
    43.22034366666667,
    43.53485916666667,
    44.17464283333334,
    44.32114791666667,
    44.84534041666667,
    45.158511833333336,
    45.45286608333333,
    45.61684425,
    46.15044533333334,
    46.47168125,
    46.77678816666667,
    47.403131,
    47.7176465,
    48.02006525,
    48.17866708333334,
    48.330548500000006,
    48.66791341666667
  ],
  "Closed Hi Hat": [
    0.16666633333333333,
    0.48924633333333334,
    0.8198908333333333,
    1.1384385833333335,
    1.4596745,
    2.4005328333333336,
    2.7231128333333334,
    3.0161230000000003,
    3.313165416666667,
    3.6464980833333334,
    3.982518916666667,
    4.967732000000001,
    5.301064666666667,
    5.627676916666667,
    5.969074083333334,
    6.287621833333334,
    6.620954500000001,
    7.557780583333334,
    7.89111325,
    8.206972833333333,
    9.268798666666667,
    10.331968583333333,
    10.481161833333333,
    10.7822365,
    11.098096083333335,
    11.4273965,
    11.75400875,
    12.74191,
    13.068522250000001,
    15.313141416666667,
    15.627656916666668,
    16.291634083333335,
    16.619590416666668,
    16.954267166666668,
    17.870932,
    18.193512000000002,
    20.786248750000002,
    21.11689325,
    21.438129166666666,
    21.76205325,
    22.090009583333334,
    23.073878583333336,
    23.395114500000002,
    23.698877333333336,
    24.357478166666667,
    24.661241,
    25.618228333333334,
    25.9596255,
    26.662581083333336,
    26.959623500000003,
    27.278171250000003,
    32.06310791666667,
    32.36821483333333,
    33.407191250000004,
    33.72842716666667,
    34.67062958333334,
    34.997241833333334,
    35.989175333333336,
    36.298314500000004,
    36.47707758333333,
    37.24051691666667,
    37.55100016666667,
    38.55234225,
    38.864169583333336,
    39.83459775,
    40.13836058333334,
    40.57518766666667,
    41.435401000000006,
    42.435399000000004,
    42.75260266666667,
    43.694805083333335,
    44.016041,
    44.99991,
    45.30770508333334,
    46.306359,
    46.63162716666667,
    47.557700583333336,
    47.856087083333335,
    49.299632583333334,
    49.607427666666666,
    49.931351750000005,
    50.257964,
    50.585920333333334,
    50.91522075
  ],