{
  "Closed Hi Hat": [
    0.367856775
  ],
  "Acoustic Snare": [
    0.8383920187500001,
    0.9651776062500002,
    1.1035703250000002,
    1.2357130500000002,
    1.3821414750000003,
    2.1366050062500004,
    2.2410691875000004,
    2.3553547875000005,
    2.5008903562500002,
    2.6455330687500003,
    2.9241042187500006,
    2.9803541625000003,
    3.0205326937500003,
    3.0651755062500006,
    3.1767825375000003,
    3.2124967875000006,
    3.2455324687500005,
    3.3294609562500006,
    3.4758893812500005,
    3.6089249625000006
  ],
  "High Tom": [
    1.5151770562500002,
    2.789282925,
    3.7535676750000007
  ],
  "Bass Drum 1": [
    1.7267839875000002,
    1.8696409875000002,
    4.099995900000001,
    4.2348171937500005
  ],
  "High Floor Tom": [
    1.9919622937500003
  ],
  "Low-Mid Tom": [
    3.8982103875000007
  ],
  "Crash Cymbal 1": [
    4.229460056250001
  ]
}