{
  "Acoustic Snare": [
    0.03893440416666667,
    0.1342212354166667,
    0.9508191333333335,
    1.2807369791666667
  ],
  "Bass Drum 1": [
    0.2879096729166667
  ],
  "High Tom": [
    0.4590161333333334,
    0.6188521083333334,
    0.8073765916666668,
    1.12807313125
  ],
  "High Floor Tom": [
    1.4579909770833335
  ]
}