{
  "Closed Hi Hat": [
    0.0
  ],
  "Bass Drum 1": [
    0.0,
    0.322,
    0.5660000000000001,
    0.795
  ],
  "Acoustic Snare": [
    0.06,
    0.199,
    0.425,
    0.681,
    0.9410000000000001,
    1.073,
    1.18,
    1.318,
    1.448,
    1.557,
    1.669
  ],
  "High Floor Tom": [
    0.073,
    0.20500000000000002,
    0.438,
    0.682,
    0.929
  ]
}