{
  "Bass Drum 1": [
    0.0,
    0.5219290416666668,
    1.0405686145833335
  ],
  "Acoustic Snare": [
    0.0,
    0.14583311458333334,
    0.25767505208333336,
    0.41447306250000004,
    0.5252185104166667,
    0.6557007708333334,
    0.7861830312500001,
    0.9298231666666668,
    1.0570159583333334,
    1.1907876875,
    1.31249803125,
    1.4528486979166668
  ],
  "High Floor Tom": [
    1.5767520208333334,
    1.70065534375,
    1.8234621770833335
  ]
}