{
  "Acoustic Snare": [
    0.0,
    0.11530163958333334,
    0.24784464583333335,
    0.49137895000000004,
    0.6153012729166667,
    0.7510770354166667,
    1.0032320229166667,
    1.1465508833333333,
    1.2553870104166667,
    1.5086195833333333,
    1.54849024375
  ],
  "High Floor Tom": [
    0.0064655125,
    0.11422405416666667,
    0.24676706041666668,
    0.4859910229166667,
    0.6185340291666667,
    0.7489218645833333,
    1.0064647791666668,
    1.1379302,
    1.2650852791666667
  ],
  "Bass Drum 1": [
    0.3620687,
    0.8739217729166667,
    1.3900851875
  ]
}