{
  "Acoustic Snare": [
    0.007530114583333334,
    0.36746959166666665,
    0.7304211145833334,
    1.4563241604166668,
    1.644577025,
    1.8192756833333334,
    2.0030104791666665
  ],
  "High Floor Tom": [
    0.012048183333333334,
    0.3780117520833333,
    0.7379512291666667,
    1.0768063854166667,
    2.5391546375000003,
    2.72439545625
  ],
  "Low-Mid Tom": [
    2.1762031145833336
  ],
  "High Tom": [
    2.3554198416666665
  ],
  "Open Hi Hat": [
    2.3689740479166668
  ]
}