{
  "Closed Hi Hat": [
    0.04423062916666667,
    0.38365263125
  ],
  "Acoustic Snare": [
    0.11826885625,
    0.4461524333333333,
    0.7807667583333333,
    0.98365073125,
    1.2923036,
    1.6057641458333334
  ],
  "Ride Cymbal 1": [
    0.2249992875,
    0.6855747520833333,
    1.0817273437500001,
    1.5057644625
  ],
  "Open Hi Hat": [
    0.5730751083333333,
    1.39903403125
  ],
  "Bass Drum 1": [
    0.888458725,
    1.1826885625,
    1.7076869000000001
  ]
}