{
  "Acoustic Snare": [
    0.9302632354166667,
    0.9473685000000001,
    1.0881579854166668,
    1.5644738145833335,
    2.0381580645833335,
    2.6355265354166666,
    2.68815811875,
    2.7236844375,
    2.753947597916667,
    2.9552634041666668,
    3.1039476270833335,
    4.063158233333334,
    4.206579297916667,
    4.3500003625,
    4.497368795833333,
    4.563158275,
    4.6105267,
    4.655263545833334,
    4.678947758333334
  ],
  "High Tom": [
    1.2460527354166668,
    1.4065790645833334,
    1.7236843541666667,
    2.79868444375,
    3.267105535416667
  ],
  "Low-Mid Tom": [
    1.8763159458333334,
    2.1947370250000002,
    2.4973686291666666
  ],
  "High Floor Tom": [
    3.44210555,
    3.5986845104166667,
    3.7513161020833334,
    4.0657898125
  ],
  "Bass Drum 1": [
    3.8592108479166667,
    4.19605298125,
    5.010526733333333
  ],
  "Closed Hi Hat": [
    4.835526718750001
  ]
}