{
  "Crash Cymbal 1": [
    0.0025,
    7.20875,
    9.651250000000001
  ],
  "Bass Drum 1": [
    0.0075,
    1.215,
    1.5175,
    2.07625,
    2.6862500000000002,
    3.57125,
    3.88,
    4.47375,
    5.07125,
    5.83375,
    6.2875000000000005,
    7.085,
    7.53375,
    8.295,
    8.73875,
    9.05,
    9.3625,
    9.65
  ],
  "Closed Hi Hat": [
    0.30375,
    0.615,
    0.90375,
    1.20875,
    1.5150000000000001,
    1.7525,
    1.79875,
    2.37875,
    2.39125,
    2.68125,
    2.98,
    3.27875,
    3.5812500000000003,
    3.8775,
    4.1775,
    4.465,
    4.76125,
    4.775,
    5.065,
    5.35625,
    5.37,
    5.66625,
    5.98625,
    6.28875,
    6.57375,
    6.8925,
    7.5275,
    7.8375,
    8.14375
  ],
  "Acoustic Snare": [
    0.6125,
    1.7862500000000001,
    2.975,
    3.42,
    3.50125,
    4.17125,
    5.35875,
    5.97625,
    6.42875,
    6.49375,
    6.5425,
    6.74375,
    7.21375,
    7.83,
    8.44125
  ],
  "Open Hi Hat": [
    2.08625,
    8.44375,
    8.73875,
    9.040000000000001,
    9.34
  ]
}