{
  "Acoustic Snare": [
    0.49166666666666664,
    1.5229166666666667,
    2.5166666666666666,
    3.515625,
    4.514583333333333,
    5.530208333333333,
    6.515625,
    6.920833333333333,
    7.278125,
    7.529166666666667,
    8.507291666666667,
    9.510416666666666,
    10.492708333333333,
    11.5,
    12.492708333333333,
    13.490625,
    14.226041666666667,
    14.371875,
    14.594791666666666,
    14.735416666666666,
    14.998958333333333,
    15.125,
    16.526041666666668,
    17.514583333333334,
    18.508333333333333,
    19.507291666666667,
    20.49375,
    21.475,
    22.122916666666665,
    22.508333333333333,
    23.504166666666666,
    24.510416666666668,
    25.503125,
    26.504166666666666,
    27.498958333333334,
    28.504166666666666,
    28.883333333333333,
    29.109375,
    29.239583333333332,
    29.484375,
    29.630208333333332,
    29.879166666666666,
    30.011458333333334,
    30.255208333333332,
    30.409375,
    30.639583333333334,
    30.773958333333333
  ],
  "Ride Cymbal 1": [
    0.49166666666666664,
    0.7645833333333333,
    0.9979166666666667,
    1.2489583333333334,
    1.5229166666666667,
    1.76875,
    2.015625,
    2.275,
    2.517708333333333,
    2.7739583333333333,
    3.0229166666666667,
    3.2604166666666665,
    3.5208333333333335,
    3.7864583333333335,
    4.033333333333333,
    4.279166666666667,
    4.513541666666667,
    4.766666666666667,
    5.033333333333333,
    5.264583333333333,
    5.526041666666667,
    5.779166666666667,
    6.028125,
    6.275,
    6.514583333333333,
    6.769791666666666,
    7.035416666666666,
    7.285416666666666,
    7.532291666666667,
    7.755208333333333,
    8.005208333333334,
    8.266666666666666,
    8.508333333333333,
    8.761458333333334,
    9.009375,
    9.25625,
    9.51875,
    9.754166666666666,
    10.010416666666666,
    10.258333333333333,
    10.490625,
    10.752083333333333,
    10.990625,
    11.244791666666666,
    11.496875,
    11.751041666666666,
    11.990625,
    12.248958333333333,
    12.490625,
    12.75,
    13.008333333333333,
    13.246875,
    13.495833333333334,
    13.74375,
    13.987499999999999,
    16.021875,
    16.25625,
    16.527083333333334,
    16.76875,
    17.003125,
    17.257291666666667,
    17.5125,
    17.773958333333333,
    18.020833333333332,
    18.2625,
    18.508333333333333,
    18.7625,
    18.998958333333334,
    19.246875,
    19.504166666666666,
    19.761458333333334,
    19.991666666666667,
    20.240625,
    20.49375,
    20.753125,
    20.980208333333334,
    21.217708333333334,
    21.482291666666665,
    21.730208333333334,
    21.983333333333334,
    22.25,
    22.507291666666667,
    22.780208333333334,
    23.026041666666668,
    23.258333333333333,
    23.508333333333333,
    23.758333333333333,
    24.022916666666667,
    24.275,
    24.508333333333333,
    24.758333333333333,
    25.011458333333334,
    25.265625,
    25.508333333333333,
    25.784375,
    26.038541666666667,
    26.286458333333332,
    26.510416666666668,
    26.759375,
    26.998958333333334,
    27.23645833333333,
    27.506249999999998,
    27.758333333333333,
    28.011458333333334,
    28.254166666666666,
    28.506249999999998,
    28.730208333333334
  ],
  "Bass Drum 1": [
    1.265625,
    1.7666666666666666,
    2.01875,
    3.265625,
    3.7739583333333333,
    4.017708333333333,
    5.289583333333333,
    5.775,
    6.003125,
    8.026041666666666,
    9.270833333333334,
    9.754166666666666,
    9.979166666666666,
    11.273958333333333,
    11.730208333333334,
    11.979166666666666,
    13.247916666666667,
    13.733333333333333,
    13.991666666666667,
    16.021875,
    17.278125,
    17.757291666666667,
    18.010416666666668,
    19.246875,
    19.75208333333333,
    20.001041666666666,
    21.23125,
    21.727083333333333,
    21.992708333333333,
    22.388541666666665,
    22.790625,
    23.2375,
    23.746875,
    24.01770833333333,
    25.25,
    25.36875,
    25.792708333333334,
    26.022916666666667,
    27.253125,
    27.742708333333333,
    27.998958333333334,
    31.973958333333332
  ],
  "High Tom": [
    15.384375,
    15.536458333333334,
    30.992708333333333,
    31.114583333333332
  ],
  "Low-Mid Tom": [
    15.786458333333334,
    31.358333333333334,
    31.490624999999998,
    31.726041666666667
  ],
  "Crash Cymbal 1": [
    31.973958333333332
  ]
}