{
  "Acoustic Snare": [
    0.0,
    0.08504093541666667,
    0.1895490729166667,
    0.9723355145833334,
    1.3002041812500003,
    1.452868029166667
  ],
  "Bass Drum 1": [
    0.3493850479166667
  ],
  "High Tom": [
    0.5143439708333334,
    0.6762291250000001,
    0.8329913312500001
  ],
  "High Floor Tom": [
    1.1454911541666668
  ],
  "Crash Cymbal 1": [
    1.4641385145833334
  ]
}