{
  "Bass Drum 1": [
    0.0,
    1.0714293750000001,
    1.3785724625,
    2.22500166875,
    2.5238114166666668,
    3.630955104166667,
    4.520241485416667,
    4.797622645833334,
    5.954766370833334,
    6.826195595833334,
    7.104767233333334,
    7.959529779166667,
    8.247625233333334,
    9.08214966875,
    10.529769802083335,
    11.380960916666668,
    11.679770664583334,
    12.797628645833335,
    13.680962641666667,
    13.973820004166667,
    15.091677985416668,
    15.97501198125,
    16.254774095833334,
    16.792869737500002,
    17.104774733333333,
    17.40358448125,
    18.239299393750002,
    19.398824072916668,
    20.558348752083333,
    21.68215911875,
    22.84644570625,
    23.961922733333335,
    25.100018825000003,
    26.228591100000003
  ],
  "Closed Hi Hat": [
    0.0,
    0.5023813291666667,
    0.5333337333333333,
    0.8238101416666667,
    0.9928578875,
    1.11428655,
    1.3809534166666668,
    1.6595250541666668,
    1.6761917333333334,
    1.9666681416666667,
    2.123811116666667,
    2.234525485416667,
    2.5083352145833335,
    2.77143065,
    2.8059544854166667,
    3.0785737375,
    3.2369071895833335,
    3.3535739437500003,
    3.8976219708333337,
    3.930955329166667,
    4.238098416666667,
    4.391669960416667,
    4.5011938520833334,
    4.788098829166667,
    5.0857181,
    5.116670504166667,
    5.403575481250001,
    5.56071845625,
    5.673813779166667,
    6.20000465,
    6.2476237333333335,
    6.536909664583334,
    6.700005025,
    6.8071479625,
    7.363100760416667,
    7.405957935416667,
    7.684529572916667,
    7.861910658333334,
    7.961910733333334,
    8.229768077083333,
    8.513101622916666,
    8.534530210416667,
    9.380959416666668,
    9.679769164583334,
    9.704769183333333,
    9.984531297916668,
    10.15357904375,
    10.258341027083334,
    10.526198370833335,
    10.827389072916667,
    11.11786548125,
    11.276198933333333,
    11.380960916666668,
    11.666675416666667,
    11.9642946875,
    12.2500091875,
    12.410723593750001,
    12.511914145833334,
    12.780961966666668,
    13.102390779166667,
    13.388105279166668,
    13.559533979166668,
    13.654772145833334,
    13.9642961875,
    14.270248797916668,
    14.555963297916668,
    14.7071538875,
    14.815487302083334,
    15.101201802083335,
    15.408344889583335,
    15.690487958333334,
    15.865488089583334,
    15.969059595833334,
    16.254774095833334,
    16.56072670625,
    16.827393572916666,
    17.12382236666667,
    17.64525132916667,
    18.544061527083336,
    18.847633183333336,
    19.128585775,
    19.448824110416666,
    19.9643006875,
    20.00239595416667,
    20.286919977083336,
    20.572634477083334,
    20.822634664583333,
    21.128587275,
    21.411920820833334,
    21.700016275000003,
    21.964302187500003,
    22.2785881375,
    22.56311216041667,
    22.851207614583334,
    23.108350664583334,
    23.41787470625,
    23.70358920625,
    23.97739893541667,
    24.226208645833335,
    24.540494595833334,
    24.835732912500003,
    25.12025693541667,
    25.35359044375,
    25.67382877916667,
    25.959543279166667,
    26.251210164583334,
    26.786924852083335
  ],
  "Open Hi Hat": [
    0.25357161875,
    3.620240810416667,
    5.928575875,
    7.083338645833334,
    17.405965435416668,
    19.694062389583333,
    26.51073416875
  ],
  "Acoustic Snare": [
    0.5297623020833334,
    0.7047624333333333,
    0.9726197770833334,
    1.2642866625,
    1.6630964854166668,
    1.8416680479166667,
    2.0976206208333337,
    2.4285732500000003,
    2.7904782833333335,
    3.2261928958333335,
    3.5297645520833334,
    3.920241035416667,
    4.386908052083333,
    5.105956210416667,
    5.536908914583334,
    6.236909439583334,
    6.68214786875,
    7.4011960270833335,
    7.85714875,
    8.132148956250001,
    8.430958704166667,
    8.700006525000001,
    8.8000066,
    9.686912027083334,
    10.166674291666668,
    10.451198314583333,
    10.81786525625,
    11.280960841666667,
    11.948818485416668,
    12.410723593750001,
    12.683342845833334,
    13.08929553125,
    13.557153025000002,
    14.26072498125,
    14.7071538875,
    14.994058864583334,
    15.391678210416668,
    15.869059520833334,
    16.551202889583333,
    16.71072681875,
    17.0214413375,
    17.301203452083335,
    17.56787031875,
    17.84644195625,
    17.9500134625,
    18.147632658333336,
    18.83453793541667,
    19.020252360416666,
    19.298823997916667,
    19.6071575625,
    19.994062614583335,
    20.183348470833334,
    20.434539135416667,
    20.721444112500002,
    21.115492027083334,
    21.335730287500002,
    21.563111410416667,
    21.861921158333335,
    22.269064320833333,
    22.711921795833334,
    22.99882677291667,
    23.1357316375,
    23.411922320833334,
    23.841684547916667,
    24.528589825,
    24.985733025000002,
    25.665495439583335,
    26.145257704166667,
    26.647639033333334,
    26.69525811666667,
    26.729781952083336,
    26.79525819166667,
    26.95954402916667,
    27.063115535416667,
    27.225020418750002
  ],
  "Crash Cymbal 1": [
    9.090483008333333,
    18.2500136875
  ]
}