{
  "Acoustic Snare": [
    0.006249993750000001,
    0.14107128750000003,
    0.55982086875,
    1.39910574375,
    1.5437484562500001,
    1.6955340187500003,
    1.8357124500000002,
    2.1294621562500002,
    2.2714263000000003,
    2.8374971625000005
  ],
  "High Tom": [
    0.28392828750000004,
    0.42053529375000004,
    1.9874980125000004,
    2.4151761562500003
  ],
  "Bass Drum 1": [
    0.6651779062500001,
    0.9526776187500001,
    1.23660590625,
    1.3303558125000001,
    3.2848181437500004
  ],
  "High Floor Tom": [
    0.8285706000000002,
    1.10714175,
    3.1258897312500005
  ],
  "Low-Mid Tom": [
    2.5669617187500005
  ],
  "Closed Hi Hat": [
    2.9874970125000004
  ]
}