{
  "Bass Drum 1": [
    0.0,
    0.5726194770833334,
    1.1190484583333333,
    1.7011917520833335,
    2.2500016875,
    2.5309542791666666,
    3.09643089375,
    4.511908145833334,
    5.133337183333333,
    5.67500425625,
    6.2464332562500005,
    6.811909870833333,
    7.397624595833334,
    7.945244054166667,
    8.520244485416667,
    9.11786398125,
    9.686912027083334,
    10.258341027083334,
    10.575007931250001,
    10.857151,
    11.404770458333333,
    11.700008775,
    12.242866325000001,
    12.548818935416667,
    12.848819160416667,
    13.672629302083335,
    14.266677366666668,
    14.815487302083334,
    15.115487527083335,
    15.954773870833334,
    16.497631420833333,
    17.08215566875,
    17.67025134791667,
    18.244061302083335,
    18.54644248125,
    19.105966710416666,
    19.70596716041667,
    20.53930111875,
    20.82025371041667,
    21.676206733333334,
    21.94644503125,
    22.770255172916666,
    23.63216058125,
    24.252399141666668,
    24.83216148125,
    25.129780752083335,
    26.51311512291667,
    27.378591962500003,
    28.80954541666667,
    29.40240300416667,
    29.670260347916667,
    29.957165325000002,
    30.23930839375
  ],
  "Closed Hi Hat": [
    0.0059523854166666675,
    0.5404765958333334,
    0.8464292062500001,
    1.1202389354166666,
    1.6761917333333334,
    1.9821443437500001,
    2.2500016875,
    2.780954466666667,
    3.2369071895833335,
    3.9404791458333337,
    5.0904800083333335,
    5.373813554166667,
    6.230957054166667,
    6.8142908250000005,
    7.377386485416667,
    7.673815279166667,
    7.955958347916667,
    8.5142921,
    9.138102091666667,
    9.677388210416668,
    9.988102729166668,
    10.271436275000001,
    10.551198389583334,
    10.822627164583334,
    11.1357226375,
    11.3071513375,
    11.413103797916667,
    11.9642946875,
    11.99643756875,
    12.275009206250001,
    13.12500984375,
    13.648819760416668,
    14.223820191666668,
    14.538106141666667,
    14.726201520833333,
    14.827392072916668,
    15.111916095833335,
    15.376202008333335,
    15.679773664583335,
    15.957154825000002,
    16.239297893750003,
    16.973822254166667,
    17.08929853125,
    17.369060645833333,
    17.68572755,
    17.97144205,
    18.136918364583334,
    18.52382341666667,
    18.845252229166668,
    19.1357286375,
    19.422633614583333,
    19.70596716041667,
    20.005967385416668,
    20.2643009125,
    22.770255172916666,
    23.345255604166667,
    23.660732031250003,
    23.854779795833334,
    23.97501798125,
    24.54287555,
    24.566685091666667,
    24.84168529791667,
    25.13097122916667,
    25.65954305416667,
    25.948828985416668,
    26.135733887500002,
    26.235733962500003,
    26.516686554166668,
    26.840496320833335,
    27.108353664583333,
    27.28216331875,
    27.378591962500003,
    27.96311621041667,
    28.271449775,
    28.432164181250002,
    28.534545210416667,
    28.814307325,
    29.12740279791667,
    29.390498233333336,
    29.50954594166667,
    29.653593668750002,
    30.78216594375,
    31.30359490625
  ],
  "Crash Cymbal 1": [
    0.02380954166666667,
    4.516670054166667,
    13.685724550000002,
    22.765493264583334
  ],
  "Open Hi Hat": [
    0.2809525916666667,
    1.3916677104166668,
    2.5190495083333335,
    3.0869070770833336,
    4.832146481250001,
    5.954766370833334,
    6.526195370833333,
    7.105957710416667,
    8.234529985416668,
    8.814292325,
    9.404768958333333,
    11.697627820833334,
    12.56072370625,
    12.845247729166667,
    13.95358189375,
    16.80596498541667,
    18.241680347916667,
    20.552396366666667,
    20.83453943541667,
    21.1214444125,
    21.4071589125,
    21.683349595833334,
    21.947635508333335,
    23.078588737500002,
    24.238113416666668,
    25.398828572916667,
    27.667877893750003,
    29.940498645833337,
    30.23097505416667
  ],
  "Acoustic Snare": [
    0.5523813666666667,
    0.96785786875,
    1.2797628645833334,
    1.6940488895833334,
    2.1321444562500003,
    2.177382585416667,
    2.213096897916667,
    2.3916684604166667,
    2.8107163937500004,
    3.2500024375,
    4.133336433333334,
    4.2190507833333335,
    4.3928604375,
    5.101194302083334,
    5.545242254166667,
    5.847623433333334,
    5.934528260416667,
    6.252385641666667,
    6.671433575,
    6.744052677083333,
    6.798814622916667,
    7.404767458333334,
    7.819053483333334,
    8.127387047916667,
    8.532149256250001,
    8.954768620833335,
    9.001197227083335,
    9.041673447916667,
    9.08214966875,
    9.105959210416668,
    9.320245085416667,
    9.386911802083334,
    9.694054889583335,
    10.139293318750001,
    10.41786495625,
    10.855960522916668,
    11.1357226375,
    11.578580112500001,
    11.986913752083334,
    12.26786634375,
    12.430961704166668,
    12.722628589583334,
    12.994057364583334,
    13.0500097875,
    13.095247916666667,
    13.127390797916668,
    13.279771864583335,
    13.39643861875,
    13.563105410416668,
    14.247629733333333,
    14.551201389583333,
    14.976201708333335,
    15.3928686875,
    16.102393029166667,
    16.153583543750003,
    16.2500121875,
    16.5071552375,
    16.801203077083333,
    17.265489139583334,
    17.678584687500003,
    18.163108860416667,
    18.229775577083334,
    18.829776027083334,
    19.279776364583334,
    19.322633539583336,
    19.359538329166668,
    19.39525264166667,
    19.583348020833334,
    20.1500151125,
    20.401205777083334,
    20.7643012875,
    20.804777508333334,
    21.109539641666668,
    21.397635095833333,
    21.553587593750002,
    21.832159231250003,
    22.03930224375,
    22.136921364583333,
    22.21311189791667,
    22.300016725000003,
    22.388112029166667,
    22.45954065416667,
    23.376208008333336,
    23.842875025,
    24.108351414583336,
    24.558351752083336,
    24.75597094791667,
    25.001209227083336,
    25.061923558333334,
    25.109542641666668,
    25.304780883333336,
    25.679781164583336,
    25.95240041666667,
    26.386924552083336,
    26.82382964166667,
    27.271449025000003,
    27.61311594791667,
    27.972640027083337,
    28.2643069125,
    28.680973891666667,
    29.119069458333335,
    29.32383151666667,
    29.846450956250003,
    29.895260516666667,
    29.934546260416667,
    29.96787961875,
    30.509546691666667,
    30.695261116666668,
    30.744070677083336,
    30.780975466666668,
    30.80240405416667,
    30.965499414583334,
    31.075023306250003,
    31.2571663,
    31.369071145833335,
    31.510737918750003,
    31.620261810416668,
    31.801214327083336
  ]
}