{
  "Acoustic Snare": [
    0.0,
    0.17213105000000004,
    0.32889325625000004,
    0.49385217916666674,
    0.66393405,
    0.8278683833333335,
    0.9815568208333335,
    1.1331960791666669,
    1.20491735,
    1.3165976145833336,
    1.4651631041666668,
    1.6342203854166668,
    1.723359679166667
  ],
  "Closed Hi Hat": [
    1.4426221333333336
  ]
}