{
  "Crash Cymbal 1": [
    0.0,
    4.2526743187500005
  ],
  "Bass Drum 1": [
    0.0,
    0.9687490312500001,
    1.2535701750000001,
    1.5607127250000001,
    1.8669624187500002,
    2.132140725,
    2.4589261125000004,
    2.7142830000000004,
    2.9928541500000003,
    3.2848181437500004,
    3.5526750187500005,
    3.8142819000000006,
    4.266067162500001
  ],
  "Closed Hi Hat": [
    0.7508921062500001,
    1.1232131625000001,
    1.7133911437500002,
    2.0008908562500003,
    2.5660688625000003
  ],
  "Acoustic Snare": [
    0.8455348687500001,
    1.4178557250000001,
    2.2839262875000004,
    2.8491042937500004,
    3.4053537375000005,
    3.6839248875000004
  ],
  "High Tom": [
    3.1339254375000003
  ],
  "High Floor Tom": [
    3.9723174562500003,
    4.110710175
  ]
}