{
  "Acoustic Snare": [
    0.0,
    0.449,
    0.47100000000000003,
    0.9390000000000001,
    0.963,
    1.307,
    1.431
  ],
  "Bass Drum 1": [
    0.218,
    0.7020000000000001
  ]
}