{
  "Acoustic Snare": [
    0.8350405104166668,
    0.8893437583333335,
    0.9190568562500001,
    0.9426224166666668,
    0.9979502541666668,
    1.3073763083333334,
    1.6229499000000003,
    1.7971301291666668
  ],
  "Closed Hi Hat": [
    1.4518434395833335
  ]
}