{
  "Acoustic Snare": [
    0.8063520020833335,
    0.8821716312500001,
    0.9877043583333335
  ],
  "High Tom": [
    1.3022533604166668,
    1.4672122833333334
  ],
  "Closed Hi Hat": [
    1.443646722916667
  ],
  "High Floor Tom": [
    1.615777772916667
  ]
}