{
  "Acoustic Snare": [
    0.02,
    0.494,
    1.207,
    1.317,
    1.431
  ],
  "High Tom": [
    0.02,
    0.485,
    1.084
  ],
  "Bass Drum 1": [
    0.23600000000000002,
    0.6890000000000001,
    1.552
  ],
  "High Floor Tom": [
    0.966
  ]
}