{
  "Closed Hi Hat": [
    1.5124984875000003,
    1.5651770062500001,
    1.6303555125000002,
    1.6794626062500002,
    1.7241054187500002,
    1.8758909812500002,
    1.9392837750000003,
    2.00267656875,
    2.0562479437500003,
    2.2776762937500004,
    2.3321405250000002,
    2.4214261500000003,
    2.48481894375,
    2.5455331687500005,
    2.7303544125000005,
    2.8035686250000005,
    2.853568575,
    2.9071399500000004,
    2.9571399000000005,
    3.1214254500000003,
    3.1848182437500006,
    3.2633895937500004,
    3.3285681000000005,
    3.3839251875000005,
    3.5642821500000004,
    3.6392820750000006,
    3.6973177312500005,
    3.7651748062500006,
    3.8196390375000004,
    4.03571025,
    4.15981726875,
    4.241067187500001,
    4.3392813750000006,
    4.54731688125,
    4.76695951875,
    4.851780862500001
  ],
  "Crash Cymbal 1": [
    5.064280650000001
  ]
}