{
  "Acoustic Snare": [
    0.8493847645833335,
    0.9190568562500001,
    1.0092207395833335,
    1.3176222041666668,
    1.4784827687500002
  ],
  "Closed Hi Hat": [
    0.9846305895833335,
    1.4743844104166668
  ],
  "Open Hi Hat": [
    1.6567613562500003
  ]
}