{
  "Acoustic Snare": [
    0.0,
    0.2619049583333333,
    0.5559527979166667,
    0.8464292062500001,
    1.1309532291666666,
    1.3095247916666668,
    1.4261915458333334,
    1.5142868500000002,
    1.6190488333333335,
    1.7119060458333335,
    1.8095251666666667,
    1.8964299937500002,
    2.0011919770833333
  ],
  "High Floor Tom": [
    0.0,
    0.25952400416666666,
    0.5547623208333333,
    0.8452387291666668,
    1.1309532291666666
  ]
}