{
  "Acoustic Snare": [
    0.01,
    0.7030000000000001,
    0.8250000000000001,
    0.933,
    1.06
  ],
  "Bass Drum 1": [
    0.23800000000000002
  ],
  "Open Hi Hat": [
    0.251
  ],
  "Closed Hi Hat": [
    0.67
  ],
  "High Tom": [
    1.179,
    1.29
  ],
  "High Floor Tom": [
    1.42,
    1.53,
    1.6480000000000001
  ]
}