{
  "Closed Hi Hat": [
    0.002,
    0.48
  ],
  "High Tom": [
    0.013000000000000001
  ],
  "Acoustic Snare": [
    0.11900000000000001,
    0.24,
    0.352,
    0.47100000000000003,
    0.582,
    0.704,
    0.8320000000000001,
    0.9540000000000001,
    1.177,
    1.315,
    1.437,
    1.555
  ],
  "Bass Drum 1": [
    1.048,
    1.842
  ],
  "Open Hi Hat": [
    1.07
  ]
}