{
  "High Tom": [
    0.0,
    1.0297626770833335,
    1.5928583375
  ],
  "Acoustic Snare": [
    0.14642868125,
    0.4404765208333334,
    0.56785756875,
    0.7404767458333333,
    1.16071515625,
    1.3142867,
    1.72500129375,
    1.8892871312500001
  ],
  "Low-Mid Tom": [
    0.8666673166666667,
    1.4500010875
  ],
  "High Floor Tom": [
    2.0226205645833333,
    2.1761921083333333
  ]
}