{
  "Closed Hi Hat": [
    0.9682371562500002,
    1.4610647458333335
  ],
  "Acoustic Snare": [
    1.0071715604166669,
    1.1690567145833335,
    1.3145484354166668
  ],
  "High Tom": [
    1.4856548958333335,
    1.6475400500000001
  ]
}