{
  "Acoustic Snare": [
    0.0,
    0.28690497708333335,
    0.5738099541666667,
    0.7333338833333334,
    0.8511911145833334,
    1.3011914520833334,
    1.4190486833333333
  ],
  "Open Hi Hat": [
    0.2928573625
  ],
  "High Tom": [
    1.014286475,
    1.1452389541666668,
    1.5726202270833334
  ],
  "Closed Hi Hat": [
    1.0833341458333334,
    1.4095248666666667,
    1.7166679541666667
  ],
  "Low-Mid Tom": [
    1.7047631833333334
  ],
  "Ride Cymbal 1": [
    1.8416680479166667
  ],
  "High Floor Tom": [
    1.9809538666666668
  ]
}