{
  "Closed Hi Hat": [
    0.9836060000000001,
    1.4805319479166668
  ],
  "High Tom": [
    1.0286879416666668,
    1.1096305187500002,
    1.1987698125000001,
    1.3247943312500001,
    1.4631139250000003
  ],
  "Acoustic Snare": [
    1.6342203854166668
  ],
  "Crash Cymbal 1": [
    1.6454908708333336
  ]
}