{
  "High Tom": [
    0.002,
    1.171,
    1.309
  ],
  "Acoustic Snare": [
    0.076,
    0.13,
    0.20400000000000001,
    0.27,
    0.341,
    0.452,
    0.5740000000000001,
    0.6920000000000001,
    0.806,
    0.926,
    1.678
  ],
  "Bass Drum 1": [
    1.049,
    1.446
  ],
  "Closed Hi Hat": [
    1.186
  ],
  "High Floor Tom": [
    1.566
  ]
}