{
  "Acoustic Snare": [
    0.0,
    0.23690493958333333,
    0.4345241354166667,
    0.6928576625,
    0.8202387104166667,
    1.10357225625,
    1.2690485708333334,
    1.6738107791666668,
    1.8333347083333333
  ],
  "Open Hi Hat": [
    0.0071428625,
    0.24761923333333336,
    0.9952388416666668
  ],
  "High Tom": [
    0.53928611875,
    0.9809531166666667,
    1.5488106854166668
  ],
  "Low-Mid Tom": [
    1.3940486645833334
  ],
  "High Floor Tom": [
    1.9666681416666667
  ]
}