{
  "Closed Hi Hat": [
    0.9846305895833335
  ],
  "High Tom": [
    0.9959010750000001,
    1.0891387270833335,
    1.1690567145833335,
    1.3022533604166668
  ],
  "High Floor Tom": [
    1.4569663875000003
  ],
  "Acoustic Snare": [
    1.6168023625000003
  ],
  "Crash Cymbal 1": [
    1.6270482583333337
  ]
}