{
  "Closed Hi Hat": [
    0.6345242854166667
  ],
  "Bass Drum 1": [
    2.1404777958333336,
    3.3107167687500003,
    3.4178597062500002
  ],
  "High Floor Tom": [
    2.223811191666667
  ],
  "Acoustic Snare": [
    2.2845255229166668,
    2.691668685416667,
    2.8428592750000004,
    3.0083355895833335,
    3.473812129166667,
    3.6440503520833336,
    3.73214565625,
    4.290479408333334
  ],
  "Low-Mid Tom": [
    2.538097141666667,
    4.023812541666667
  ],
  "High Tom": [
    3.138097591666667,
    3.4071454125000002,
    3.9000029250000003
  ],
  "Crash Cymbal 1": [
    4.1642888375
  ]
}