{
  "High Tom": [
    0.9918027166666668,
    1.1618845875000001,
    1.49077784375
  ],
  "High Floor Tom": [
    0.9938518958333334,
    1.1557370500000002,
    1.49077784375
  ],
  "Bass Drum 1": [
    1.3278681,
    1.6659826625000003
  ]
}