{
  "Acoustic Snare": [
    0.8534831229166668,
    0.9170076770833334,
    1.0071715604166669,
    1.170081304166667,
    1.4631139250000003
  ],
  "Closed Hi Hat": [
    0.9733601041666669,
    1.4774581791666668,
    1.9426218500000003
  ],
  "High Floor Tom": [
    1.7766383375000003
  ]
}