{
  "Closed Hi Hat": [
    0.0
  ],
  "High Tom": [
    0.105,
    0.217,
    0.9490000000000001
  ],
  "Acoustic Snare": [
    0.331,
    0.463,
    0.5750000000000001,
    0.6960000000000001,
    0.8140000000000001,
    1.053,
    1.175,
    1.551
  ],
  "Bass Drum 1": [
    1.304
  ],
  "High Floor Tom": [
    1.429
  ]
}