{
  "Bass Drum 1": [
    0.0,
    0.22738112291666668,
    0.5261908708333334,
    0.79642916875,
    1.08928653125,
    1.3702391229166668,
    1.6595250541666668
  ],
  "Crash Cymbal 1": [
    0.017857156250000002,
    0.24761923333333336,
    0.5476194583333334,
    0.8190482333333334,
    1.1059532104166667,
    1.3916677104166668,
    1.6833345958333334
  ],
  "Acoustic Snare": [
    0.5309527791666667,
    0.8226196645833334,
    1.3309533791666668,
    1.6000012000000001,
    1.8488109104166668,
    1.9642871875
  ]
}