{
  "Bass Drum 1": [
    0.0,
    0.5197360625,
    1.0383756354166667
  ],
  "Acoustic Snare": [
    0.26315750000000004,
    0.3739029479166667,
    0.5317974479166667,
    0.671051625,
    0.7916654791666667,
    0.9078933750000001,
    1.0471475520833333,
    1.19407715625,
    1.67433959375,
    1.7883745104166668
  ],
  "High Tom": [
    1.3092085625,
    1.4320153958333335,
    1.5570152083333335
  ]
}