{
  "Acoustic Snare": [
    0.0
  ],
  "Closed Hi Hat": [
    0.2262929375,
    0.374999725,
    0.74676669375,
    0.8976286520833334,
    1.2424559854166668,
    1.7446107895833334
  ],
  "High Tom": [
    0.36099111458333333,
    0.5215513416666667,
    0.88254245625,
    1.0204733895833333,
    1.1519388104166668,
    1.3922403583333334,
    1.5204730229166667
  ]
}