{
  "Bass Drum 1": [
    0.0
  ],
  "Acoustic Snare": [
    0.35090333958333336,
    0.9653606895833333,
    1.0090353541666668,
    1.0451799041666667,
    1.0843365,
    1.7981913625000001
  ],
  "Ride Cymbal 1": [
    0.3539153854166667
  ],
  "High Tom": [
    1.4397579083333334,
    1.63102281875,
    1.9864442270833333
  ],
  "Open Hi Hat": [
    1.9999984333333334
  ],
  "Low-Mid Tom": [
    2.168673
  ],
  "High Floor Tom": [
    2.3554198416666665,
    2.5376486145833335
  ]
}