{
  "Closed Hi Hat": [
    0.0,
    2.345,
    4.7325,
    7.16125
  ],
  "Bass Drum 1": [
    0.01625,
    1.50125,
    1.6275,
    2.37,
    3.87875,
    4.7725,
    6.30375,
    6.45125,
    7.17375,
    9.585,
    11.0975,
    11.2075,
    11.97125,
    13.463750000000001,
    14.38125,
    15.86125,
    16.01875,
    16.73375
  ],
  "Ride Cymbal 1": [
    0.02375,
    0.2925,
    0.63125,
    0.9125,
    1.21625,
    1.5025,
    1.7750000000000001,
    2.07,
    2.36625,
    2.67875,
    2.98125,
    3.275,
    3.56625,
    3.8675,
    4.175,
    4.47625,
    4.77375,
    5.07875,
    5.3925,
    5.6925,
    5.99375,
    6.28875,
    6.585,
    6.8775,
    7.1850000000000005,
    7.4925,
    7.8012500000000005,
    8.085,
    8.39,
    9.575000000000001,
    9.8775,
    10.196250000000001,
    10.50125,
    10.7875,
    11.06625,
    11.36625,
    11.67,
    11.975,
    12.29125,
    12.60125,
    12.89625,
    13.17625,
    13.46,
    13.7725,
    14.0675,
    14.370000000000001,
    14.68875,
    14.985,
    15.28375,
    15.56625,
    15.84875,
    16.145,
    16.44125,
    16.735,
    17.07,
    17.396250000000002
  ],
  "Acoustic Snare": [
    0.62125,
    1.09,
    1.37375,
    1.77875,
    2.9775,
    3.44125,
    3.745,
    4.17125,
    5.3875,
    5.875,
    6.16625,
    6.58625,
    7.79875,
    8.24875,
    8.55125,
    8.68125,
    8.821250000000001,
    8.97375,
    9.27125,
    10.19375,
    10.6575,
    10.9475,
    11.3775,
    12.5975,
    13.05625,
    13.33375,
    13.77125,
    14.98875,
    15.43875,
    15.7125,
    16.15125,
    17.39,
    17.68375,
    17.83625,
    18.1275,
    18.28375,
    18.423750000000002
  ],
  "High Tom": [
    18.57875
  ],
  "Low-Mid Tom": [
    18.73875,
    18.87125
  ]
}