{
  "Closed Hi Hat": [
    0.0173076375,
    0.32115282916666665
  ],
  "Acoustic Snare": [
    0.09134586458333334,
    0.4153833,
    0.7394207354166666,
    0.9480739208333333,
    1.2365345458333334,
    1.5471104854166666,
    1.765379025
  ],
  "Ride Cymbal 1": [
    0.20673011458333335,
    0.36057578125,
    0.6365364458333334,
    1.0403813208333335,
    1.4471108020833334
  ],
  "Open Hi Hat": [
    0.5355752270833334,
    1.3432649770833334
  ],
  "Bass Drum 1": [
    0.8249973875,
    1.1230733666666666,
    1.6548024520833333
  ]
}