{
  "Open Hi Hat": [
    0.11874988125000002,
    0.553570875,
    0.6874993125000001,
    0.8383920187500001,
    4.4053527375,
    7.105350037500001,
    7.235707050000001,
    7.533028181250001,
    10.32141825,
    10.408918162500001,
    10.548203737500002,
    10.709810718750001,
    10.840167731250002,
    18.988373868750003,
    19.104445181250004,
    19.4017663125,
    19.543730456250003,
    21.130336012500003,
    21.273193012500002,
    24.516046912500002,
    24.563368293750003,
    24.699082443750005,
    25.548188737500002,
    27.930329212500002,
    27.983007731250005,
    28.116043312500004,
    31.266040162500005,
    31.347290081250005,
    31.971396600000006,
    33.85443043125,
    34.558894012500005,
    34.69282245,
    41.82942245625001,
    44.1231701625,
    46.272275156250004,
    46.72316756250001,
    46.83566745000001,
    46.97406016875001,
    47.26155988125001,
    47.41334544375
  ],
  "Closed Hi Hat": [
    0.2553568875,
    0.40803530625000006,
    0.9928561500000002,
    1.1223203062500002,
    1.2607130250000003,
    1.6303555125000002,
    1.6830340312500003,
    1.8321410250000003,
    1.9624980375000003,
    2.1249978750000005,
    2.2437477562500003,
    2.3857119000000004,
    2.6928544500000005,
    2.8187471812500005,
    2.9669613187500006,
    3.0955326187500005,
    3.2321396250000003,
    3.3964251750000005,
    3.5383893187500006,
    3.6678534750000007,
    3.8196390375000004,
    3.9642817500000005,
    4.107138750000001,
    4.266067162500001,
    4.5419597437500006,
    4.7124952875,
    5.1053520375,
    5.245530468750001,
    5.386601756250001,
    5.538387318750001,
    5.68303003125,
    5.8249941750000005,
    6.1321367250000005,
    6.262493737500001,
    6.4080293062500004,
    6.551779162500001,
    6.674993325000001,
    6.830350312500001,
    6.966064462500001,
    7.956242043750001,
    8.720526993750001,
    8.841062587500002,
    8.995526718750002,
    9.14731228125,
    9.28302643125,
    9.584811843750002,
    9.716954568750001,
    9.856240143750002,
    10.002668568750002,
    10.004454281250002,
    10.124097018750001,
    10.278561150000002,
    10.980346162500002,
    11.411595731250001,
    11.8946309625,
    11.998202287500002,
    12.136595006250001,
    12.266059162500001,
    12.432130425000002,
    12.553558875000002,
    12.691058737500002,
    12.985701300000002,
    13.113379743750002,
    13.257129600000003,
    13.399986600000002,
    13.528557900000001,
    13.679450606250002,
    13.824986175000001,
    13.947307481250002,
    14.106235893750002,
    14.248200037500002,
    14.374985625000003,
    14.682128175000003,
    14.817842325000003,
    14.960699325000002,
    15.326770387500002,
    15.377663193750003,
    15.533020181250002,
    15.664270050000002,
    15.816055612500001,
    15.953555475000002,
    16.084805343750002,
    16.388376468750003,
    16.517840625,
    16.667840475000002,
    16.802661768750003,
    16.940161631250003,
    17.0910543375,
    17.24998275,
    17.370518343750003,
    17.526768187500004,
    17.668732331250002,
    17.808910762500002,
    18.122303306250004,
    18.271410300000003,
    18.403553025,
    18.53837431875,
    18.680338462500004,
    18.8339097375,
    19.267837875,
    19.835694450000002,
    19.97230145625,
    20.1160513125,
    20.247301181250002,
    20.398193887500003,
    20.5428366,
    20.68658645625,
    20.818729181250003,
    20.986586156250002,
    22.210692075000004,
    22.570513143750002,
    22.737477262500004,
    22.865155706250004,
    23.000869856250002,
    23.301762412500004,
    23.432119425000003,
    23.576762137500005,
    23.722297706250004,
    23.857119000000004,
    23.995511718750002,
    24.134797293750005,
    24.270511443750003,
    24.419618437500002,
    24.703546725000002,
    25.129439156250005,
    25.991045437500002,
    26.166045262500003,
    26.285688000000004,
    26.421402150000002,
    26.716044712500004,
    26.847294581250004,
    26.987473012500004,
    27.130330012500004,
    27.266937018750003,
    27.332115525000003,
    27.422294006250002,
    27.566043862500003,
    27.695508018750004,
    27.850865006250004,
    28.823185462500003,
    29.303542125000003,
    29.414256300000005,
    29.699077443750003,
    29.841041587500005,
    30.142827000000004,
    30.274076868750004,
    30.418719581250006,
    30.545505168750005,
    30.684790743750003,
    30.833004881250005,
    30.975861881250005,
    31.102647468750003,
    31.408004306250003,
    31.543718456250005,
    32.01514655625,
    32.467824675,
    32.817824325000004,
    32.99371700625,
    33.12407401875,
    33.262466737500006,
    33.57496642500001,
    33.70978771875001,
    33.996394575000004,
    34.1267515875,
    34.26782287500001,
    34.56692971875,
    34.83567945000001,
    34.98121501875001,
    35.402643168750004,
    35.67139290000001,
    35.962464037500006,
    36.288356568750004,
    36.43478499375001,
    36.57496342500001,
    36.710677575000005,
    37.0142487,
    37.153534275000005,
    37.291034137500006,
    37.43031971250001,
    37.574069568750005,
    37.716926568750004,
    37.84549786875,
    37.98835486875001,
    38.1481761375,
    38.27585458125,
    38.410675875,
    38.77853265,
    38.83210402500001,
    39.09728233125001,
    39.33121066875,
    39.67228175625001,
    39.835674450000006,
    39.91246008750001,
    39.982102875,
    40.124067018750004,
    40.44013813125,
    40.569602287500004,
    40.71067357500001,
    40.85799485625,
    40.98388758750001,
    41.126744587500006,
    41.259780168750005,
    41.405315737500004,
    41.555315587500004,
    41.69460116250001,
    42.102636468750006,
    42.123172162500005,
    42.25442203125001,
    42.39460046250001,
    42.52406461875,
    42.97227845625,
    43.12317116250001,
    43.283885287500006,
    43.41602801250001,
    43.549063593750006,
    43.85084900625001,
    43.9803131625,
    44.25084860625,
    44.40441988125001,
    44.55174116250001,
    44.707991006250005,
    44.840133731250006,
    44.995490718750005,
    45.13656200625,
    45.26424045,
    45.56513300625001,
    45.713347143750006,
    45.84281130000001,
    45.98298973125001,
    46.132096725000004,
    46.31870368125001,
    46.42852500000001,
    46.54638202500001,
    47.460666825000004,
    47.98209487500001,
    48.31513025625001,
    48.83566545000001,
    49.6303075125,
    49.99191429375001,
    50.14459271250001,
    50.282985431250005,
    50.41691386875001,
    50.70977071875001,
    50.85441343125001,
    50.98655615625,
    51.11959173750001,
    51.266020162500006,
    51.40709145000001,
    51.549055593750005,
    51.67226975625001,
    51.82851960000001,
    51.97048374375001,
    52.107090750000005,
    52.557090300000006,
    52.70619729375001,
    52.995482718750004,
    53.138339718750004,
    53.300839556250004,
    53.41512515625001,
    53.58744641250001,
    53.716017712500005,
    53.84726758125001,
    54.30083855625001,
    54.44994555000001,
    54.58565970000001,
    54.726730987500005,
    54.857088000000005,
    54.999945000000004,
    55.13387343750001,
    55.290123281250004,
    55.42673028750001,
    55.557980156250004,
    55.89637267500001,
    55.97137260000001
  ],