{
  "Closed Hi Hat": [
    1.28289484375,
    2.0289475375,
    2.0763159625000003,
    2.1644738645833335,
    2.292105454166667,
    2.8434212895833335
  ],
  "Open Hi Hat": [
    2.4671054687500003
  ],
  "Acoustic Snare": [
    2.98026340625,
    3.2802634312500003,
    3.584210825,
    3.75789505
  ],
  "High Tom": [
    3.4500002875,
    3.91184243125
  ],
  "Low-Mid Tom": [
    4.07763191875,
    4.2315793
  ],
  "High Floor Tom": [
    4.3973687875000005,
    4.5434214312500005,
    4.6986846020833335
  ]
}