{
  "Closed Hi Hat": [
    0.4456964687500001,
    1.609630235416667,
    1.9334005437500004
  ],
  "Acoustic Snare": [
    0.8237700250000001,
    0.8872945791666668,
    0.9989748437500001,
    1.1629091770833335,
    1.3012287708333334,
    1.4620893354166669
  ],
  "Bass Drum 1": [
    1.6506138187500001
  ]
}