{
  "High Tom": [
    0.00357143125,
    0.8833339958333334,
    1.3404771958333335,
    1.9059538104166667
  ],
  "Acoustic Snare": [
    0.10714293750000001,
    0.21071444375,
    0.300000225,
    0.49285751250000004,
    0.5940480645833334,
    0.8095244166666667,
    1.0404769708333335,
    1.1619056333333333,
    1.6214297875,
    1.7428584500000002
  ],
  "Open Hi Hat": [
    1.3547629208333334
  ],
  "Low-Mid Tom": [
    1.4583344270833334
  ],
  "High Floor Tom": [
    2.0309539041666667
  ]
}