{
  "Closed Hi Hat": [
    0.0
  ],
  "High Tom": [
    0.009000000000000001,
    0.9460000000000001,
    1.059,
    1.176
  ],
  "Acoustic Snare": [
    0.092,
    0.155,
    0.241,
    0.306,
    0.389,
    0.492,
    0.603,
    0.714,
    0.8280000000000001,
    1.3980000000000001,
    1.52
  ],
  "Bass Drum 1": [
    1.282
  ]
}