{
  "Bass Drum 1": [
    0.15357154375,
    1.3000009750000001
  ],
  "Acoustic Snare": [
    0.22500016875,
    0.2809525916666667,
    0.43690508958333335,
    0.728571975,
    0.8404768208333334,
    1.44642965625,
    1.6083345395833335,
    1.7095250916666667
  ],
  "High Tom": [
    0.5666670916666667,
    1.01071504375,
    1.8833347458333334
  ],
  "Low-Mid Tom": [
    1.1273817979166667,
    1.3928581875000001
  ],
  "High Floor Tom": [
    1.9904776833333335
  ]
}