{
  "Acoustic Snare": [
    0.8165978979166668,
    0.8811470416666668,
    0.9795076416666668,
    1.13422066875,
    1.2827861583333335,
    1.4456959020833335
  ],
  "Closed Hi Hat": [
    0.9149584979166668
  ],
  "Bass Drum 1": [
    1.5963105708333336
  ],
  "Open Hi Hat": [
    1.6168023625000003
  ]
}