{
  "High Floor Tom": [
    0.0,
    0.28214306875,
    0.5666670916666667,
    2.0095253166666667,
    2.1654778145833333
  ],
  "Acoustic Snare": [
    0.15595249791666668,
    0.44523842916666667,
    0.7380957916666667,
    0.8583339770833334,
    1.3083343145833335,
    1.4380963166666667,
    1.8809537916666668
  ],
  "High Tom": [
    1.0202388604166668,
    1.5904773833333334
  ],
  "Low-Mid Tom": [
    1.1500008625,
    1.7214298625000002
  ]
}