{
  "High Tom": [
    0.015,
    0.121,
    0.247,
    0.711,
    0.8130000000000001,
    0.9480000000000001,
    1.466,
    1.575,
    1.71
  ],
  "Bass Drum 1": [
    0.333,
    1.086,
    1.82
  ],
  "High Floor Tom": [
    0.467,
    1.201
  ],
  "Acoustic Snare": [
    0.47200000000000003,
    1.238
  ]
}