{
  "Bass Drum 1": [
    0.003125,
    0.6354166666666666
  ],
  "Ride Cymbal 1": [
    0.016666666666666666,
    0.25625,
    0.4875,
    0.7125
  ],
  "Acoustic Snare": [
    0.240625,
    0.7010416666666667
  ],
  "Closed Hi Hat": [
    0.9625,
    1.1875
  ],
  "High Tom": [
    0.9729166666666667,
    1.090625,
    1.2083333333333333,
    1.3447916666666666,
    1.4614583333333333,
    1.584375,
    1.6958333333333333
  ]
}