{
  "Closed Hi Hat": [
    0.0,
    0.04047622083333333,
    0.13928581875,
    0.22500016875,
    0.31547642708333334,
    0.4095241166666667,
    1.3619057833333335
  ],
  "Open Hi Hat": [
    0.500000375,
    1.9654776645833334
  ],
  "Acoustic Snare": [
    0.8000006000000001,
    0.9738102541666668,
    1.3797629395833335,
    1.5440487770833333
  ],
  "High Tom": [
    1.0928579625000001,
    1.26071523125
  ],
  "Low-Mid Tom": [
    1.6845250729166668
  ],
  "High Floor Tom": [
    1.8333347083333333,
    1.9619062333333335
  ]
}