{
  "Acoustic Snare": [
    0.20833333333333334,
    0.6989583333333333,
    1.1166666666666667,
    1.2520833333333332,
    1.3635416666666667
  ],
  "Ride Cymbal 1": [
    0.221875,
    0.4635416666666667,
    0.6989583333333333
  ],
  "Bass Drum 1": [
    0.5958333333333333
  ],
  "Closed Hi Hat": [
    0.9645833333333333
  ],
  "High Tom": [
    1.496875,
    1.6145833333333333
  ],
  "High Floor Tom": [
    1.7375,
    1.8552083333333333
  ]
}