{
  "Acoustic Snare": [
    0.006,
    0.124,
    0.227,
    0.34600000000000003,
    0.466,
    0.72,
    0.847,
    1.055,
    1.175,
    1.5310000000000001
  ],
  "Open Hi Hat": [
    0.594
  ],
  "Bass Drum 1": [
    0.614,
    1.301
  ],
  "Closed Hi Hat": [
    0.71,
    0.973
  ],
  "High Tom": [
    0.9590000000000001
  ],
  "High Floor Tom": [
    1.416
  ]
}