{
  "Acoustic Snare": [
    0.0,
    0.8142863250000001,
    0.8464292062500001,
    1.0011912270833334,
    1.3119057458333334,
    1.4190486833333333,
    1.8952395166666667
  ],
  "Bass Drum 1": [
    0.11904770833333334,
    0.4202384104166667,
    0.68928623125,
    2.1976206958333333
  ],
  "High Tom": [
    0.23571446250000003
  ],
  "Closed Hi Hat": [
    1.0357150625
  ],
  "Low-Mid Tom": [
    1.7083346145833334
  ],
  "High Floor Tom": [
    2.016668179166667
  ]
}