{
  "Bass Drum 1": [
    0.0,
    0.45394668749999995,
    1.2223665874999998,
    1.7407868624999998,
    2.5302593625,
    2.9842060499999996,
    3.7855206374999995,
    4.249993624999999,
    5.0486766375,
    5.523675924999999,
    6.331569449999999,
    6.788147712499999,
    7.5315676499999995,
    8.048672137499999,
    8.861828812499999,
    9.3118281375,
    10.105248,
    10.59472095,
    11.371035574999999,
    11.848666437499999,
    12.634191575,
    13.105243499999998,
    13.8828739125,
    14.355241624999998,
    15.165766725,
    15.643397587499999,
    16.397343824999997,
    16.8855009875,
    17.694710299999997,
    18.156551712499997,
    18.934182125,
    19.364444637499997,
    20.211811787499997,
    20.694705799999998,
    21.457862549999998,
    21.919703962499998,
    22.742071149999997,
    23.184175749999998,
    24.028911324999996,
    24.492068524999997,
    25.277593662499996,
    25.732856137499997,
    26.530223362499996,
    26.993380562499997,
    27.792063574999997,
    28.257852349999997
  ],
  "Closed Hi Hat": [
    0.29342061249999996,
    0.6026306749999999,
    1.1999981999999998,
    1.2394718249999999,
    1.3855242374999999,
    1.5421029499999999,
    1.8815761249999998,
    2.0223653875,
    2.1855230375,
    2.5223646374999995,
    2.6723644125,
    2.8236799749999997,
    3.1302584624999996,
    3.2868371749999996,
    3.4513106124999995,
    3.7749943374999995,
    3.9328888374999997,
    4.0828886125,
    4.414467062499999,
    4.571045774999999,
    5.02630825,
    5.0552555749999994,
    5.201307987499999,
    5.3605182749999996,
    5.665780975,
    5.817096537499999,
    5.9960436375,
    6.3039379124999995,
    6.464463987499999,
    6.610516399999999,
    6.919726462499999,
    7.0749893875,
    7.5315676499999995,
    7.5526202499999995,
    7.710514749999999,
    7.864461887499999,
    8.1881456125,
    8.3407769625,
    8.5052504,
    8.811828887499999,
    8.9749865375,
    9.134196824999998,
    9.473669999999998,
    9.6210382,
    9.7881432125,
    10.123669024999998,
    10.272353012499998,
    10.419721212499999,
    10.722352337499998,
    11.038141337499999,
    11.355246124999999,
    11.501298537499999,
    11.655245674999998,
    11.985508337499999,
    12.143402837499998,
    12.303928912499998,
    12.634191575,
    12.789454499999998,
    12.932875337499999,
    13.257874849999999,
    13.419716712499998,
    13.582874362499998,
    13.885505487499998,
    14.047347349999999,
    14.194715549999998,
    14.5473466,
    14.6960305875,
    14.848661937499998,
    15.181556174999999,
    15.321029649999998,
    15.467082062499998,
    15.794713149999998,
    15.944712924999997,
    16.097344274999998,
    16.4118174875,
    16.55260675,
    16.710501249999997,
    17.031553399999996,
    17.19471105,
    17.349973974999997,
    17.674973487499997,
    17.8210259,
    17.976288824999997,
    18.3039199125,
    18.448656537499996,
    18.61576155,
    18.9170768875,
    19.0933924125,
    19.244707974999997,
    19.573654849999997,
    19.728917775,
    19.880233337499998,
    20.227601237499997,
    20.356548412499997,
    20.517074487499997,
    20.839442424999998,
    20.9894422,
    21.4381257375,
    21.456546762499997,
    21.609178112499997,
    22.038124837499996,
    22.103914212499998,
    22.252598199999998,
    22.7039133125,
    22.726281699999998,
    22.876281475,
    23.335491312499997,
    23.371017574999996,
    23.518385775,
    23.990753487499997,
    24.018385024999997,
    24.161805862499996,
    24.605226249999998,
    24.639436724999996,
    24.786804925,
    25.261804212499996,
    25.4170671375,
    25.868382249999996,
    25.903908512499996,
    26.044697774999996,
    26.506539187499996,
    26.530223362499996,
    26.677591562499998,
    27.122327737499997,
    27.153906637499997,
    27.298643262499997,
    27.767063612499996,
    27.789431999999998,
    27.942063349999998,
    28.390746887499997,
    28.546009812499996,
    29.032851187499997,
    29.647323949999997
  ],
  "Acoustic Snare": [
    0.52105185,
    0.8868407749999999,
    0.9697353874999999,
    1.7381552874999997,
    2.1947335499999996,
    2.26841765,
    2.9815744749999995,
    3.4407843124999995,
    3.4644684874999996,
    3.6092051124999998,
    3.9434151374999997,
    4.711835037499999,
    4.7973612249999995,
    5.999991,
    6.019727812499999,
    7.205252349999999,
    8.511829337499998,
    8.68946065,
    9.011828587499998,
    10.593405162499998,
    11.018404525,
    12.293402612499998,
    13.572348062499998,
    13.730242562499999,
    14.071031524999999,
    14.534188724999998,
    14.849977724999999,
    16.068396949999997,
    17.3486581875,
    18.622340487499997,
    21.127599887499997,
    22.386808525,
    23.681543424999997,
    24.939436275,
    26.197329124999996,
    27.459169337499997,
    28.713114824999998,
    29.193377262499997,
    29.276271874999996,
    29.349955974999997,
    29.489429449999996,
    29.651271312499997,
    29.801271087499998,
    29.959165587499996
  ],
  "Open Hi Hat": [
    0.8986828625,
    4.7210455499999995,
    7.221041799999999,
    9.782880062499999,
    21.1249683125,
    21.769704187499997,
    22.392071674999997,
    23.031544399999998,
    23.681543424999997,
    24.3091740625,
    24.932857337499996,
    25.26838315,
    25.5775932125,
    26.194697549999997,
    26.831538699999996,
    27.457853549999996,
    28.07890525,
    28.394694249999997,
    28.702588524999996
  ],
  "High Floor Tom": [
    9.465775274999999,
    9.7802484875,
    19.549970674999997,
    19.888128062499998
  ],
  "High Tom": [
    19.072339812499997
  ]
}