{
  "High Floor Tom": [
    0.004761908333333334,
    0.28928593125,
    0.5880956791666667
  ],
  "Acoustic Snare": [
    0.28928593125,
    0.5904766333333333,
    0.8523815916666667,
    1.0654769895833334
  ],
  "Open Hi Hat": [
    0.8595244541666667
  ],
  "High Tom": [
    1.4345248854166668,
    1.5071439875000001,
    1.6202393104166668,
    1.7071441375,
    1.78928705625,
    1.8892871312500001,
    1.9654776645833334
  ]
}