{
  "Acoustic Snare": [
    1.1630961104166668,
    1.4321439312500002,
    1.7404774958333333,
    2.005953885416667,
    2.3071445875000003,
    2.4654780395833336,
    2.680954391666667,
    2.77143065,
    2.8547640458333334,
    2.9488117354166667,
    3.0261927458333333,
    3.1226213895833337,
    3.2047643083333335,
    3.28214531875,
    3.377383485416667,
    3.827383822916667,
    3.9535743937500003,
    4.42500331875,
    4.555955797916667,
    5.011908520833334,
    5.140480045833334
  ],
  "High Floor Tom": [
    1.17142945,
    1.44642965625,
    1.74642988125,
    5.4285755,
    5.600004200000001
  ],
  "Ride Cymbal 1": [
    2.0071443625
  ],
  "Closed Hi Hat": [
    2.2833350458333337,
    4.755955947916667,
    5.119051458333334
  ],
  "High Tom": [
    3.6785741875,
    4.122622139583334,
    4.723813066666667,
    5.295242066666667
  ],
  "Low-Mid Tom": [
    4.2630984354166666,
    4.8511941145833335
  ]
}