{
  "Bass Drum 1": [
    0.0,
    0.2738097291666667,
    0.5833337708333334,
    0.8559530229166668,
    1.1476199083333334,
    1.4202391604166666,
    1.7035727062500001,
    1.9988110229166667
  ],
  "High Floor Tom": [
    0.0,
    0.2916668854166667,
    0.5773813854166667,
    0.8619054083333334
  ],
  "Acoustic Snare": [
    0.56785756875,
    0.7511910395833333,
    1.0202388604166668,
    1.0738103291666667,
    1.1130960729166668,
    1.1559532479166668,
    1.3083343145833335,
    1.4297629770833333,
    1.87500140625,
    2.002382454166667
  ],
  "High Tom": [
    1.585715475,
    2.157144475
  ],
  "Low-Mid Tom": [
    1.7214298625000002
  ]
}