{
  "Acoustic Snare": [
    0.0,
    0.15394713749999997,
    0.3197363625,
    0.45263089999999995,
    0.5763149249999999,
    0.7565778124999999,
    0.8934197124999999,
    1.0486826374999998,
    1.3539453375,
    1.5013135374999997,
    2.0065759374999996
  ],
  "High Tom": [
    1.2276297374999998
  ],
  "Closed Hi Hat": [
    1.2421034
  ],
  "Bass Drum 1": [
    1.6605238249999998
  ],
  "High Floor Tom": [
    1.8447340749999999
  ]
}