{
  "Acoustic Snare": [
    0.5666670916666667,
    0.86785779375,
    1.3119057458333334,
    1.7059536604166667,
    1.8761918833333335,
    2.1761921083333333,
    2.416668479166667,
    2.5571447750000003,
    3.0083355895833335,
    3.1297642520833335,
    3.8785743375000004,
    3.9892887062500004
  ],
  "Low-Mid Tom": [
    0.5785718625,
    0.8630958854166667,
    1.6083345395833335,
    1.9892872062500002,
    2.8428592750000004,
    3.302383429166667,
    3.709526591666667
  ],
  "Bass Drum 1": [
    0.585714725,
    1.1297627520833333,
    1.6785726875,
    2.2761921833333334,
    2.559525729166667,
    2.8261925958333336,
    3.100002325,
    3.3642882375000003,
    3.684526572916667,
    3.998812522916667,
    4.280955591666667
  ],
  "High Tom": [
    1.1547627708333335,
    1.4369058395833334,
    2.2833350458333337,
    2.71428775,
    3.42500256875,
    3.58928840625,
    4.14643168125
  ],
  "Crash Cymbal 1": [
    4.1523840666666665
  ],
  "High Floor Tom": [
    4.267860343750001,
    4.43214618125
  ]
}