{
  "Acoustic Snare": [
    0.875,
    0.9135416666666667,
    0.9802083333333333,
    1.1114583333333332,
    1.2270833333333333,
    1.3520833333333333,
    1.4614583333333333,
    1.7104166666666667
  ],
  "Open Hi Hat": [
    1.6041666666666667
  ],
  "Bass Drum 1": [
    1.609375
  ],
  "Closed Hi Hat": [
    1.7406249999999999
  ]
}