{
  "Acoustic Snare": [
    0.022368387499999996,
    0.14736819999999998,
    0.29473639999999995,
    0.45394668749999995,
    0.5802622875,
    0.739472575,
    0.8736828999999999,
    1.0197353125,
    1.1960508374999999,
    1.3407874624999998,
    1.4947346
  ],
  "Bass Drum 1": [
    0.027631537499999997,
    0.46052562499999994,
    0.8671039624999999,
    1.1855245374999999,
    1.6723659124999999,
    2.149996775
  ],
  "High Tom": [
    1.6657869749999998,
    1.8328919874999998,
    2.1355231124999996
  ],
  "High Floor Tom": [
    2.28947025
  ]
}