{
  "Low-Mid Tom": [
    1.1916675604166667,
    2.57500193125
  ],
  "Acoustic Snare": [
    1.2809533416666667,
    1.3416676729166668,
    1.4083343895833333,
    1.46071538125,
    1.5928583375,
    1.62500121875,
    1.69642984375,
    1.7535727437500002,
    1.8880966541666668,
    2.2940493395833337,
    2.4571447,
    2.7630973104166667,
    3.0238117916666667,
    3.0857166,
    3.128573775,
    3.32500249375
  ],
  "High Tom": [
    2.0119062708333333,
    2.166668291666667
  ],
  "Bass Drum 1": [
    2.86071643125,
    3.141669022916667
  ],
  "Ride Cymbal 1": [
    2.873811679166667
  ],
  "Crash Cymbal 1": [
    3.1428595
  ]
}