{
  "Bass Drum 1": [
    0.007894724999999998,
    0.46052562499999994,
    0.9144723124999999,
    1.2289455249999999,
    1.7065763874999997
  ],
  "High Floor Tom": [
    0.14605241249999998,
    0.29210482499999996,
    0.44868353749999995,
    0.7539462374999999,
    0.9171038874999999,
    1.23684025,
    1.5447345249999997
  ],
  "Acoustic Snare": [
    0.5986833125,
    1.0710510249999998,
    1.8815761249999998
  ]
}