{
  "Acoustic Snare": [
    0.875,
    0.9270833333333334,
    0.9979166666666667
  ],
  "High Tom": [
    1.1291666666666667,
    1.2322916666666666,
    1.365625,
    1.46875
  ],
  "High Floor Tom": [
    1.6,
    1.7229166666666667
  ]
}