{
  "Open Hi Hat": [
    0.2827668583333333,
    0.4368929999999999,
    2.787620058333333,
    5.098298591666666,
    7.430821774999999,
    8.149268041666666,
    9.764558549999999,
    12.078877858333332,
    13.094654083333332,
    14.418682591666665,
    19.0922241,
    21.408970591666662,
    23.74028018333333,
    25.91018208333333,
    26.504841999999996,
    30.73056818333333,
    33.05702340833333,
    37.71721540833333,
    40.044884225,
    42.38468895833333,
    47.083715891666664,
    49.360413858333324,
    50.49390847499999,
    51.67109239166666,
    56.20385726666666,
    58.66380757499999,
    61.008466674999994,
    62.97327158333332,
    63.05336863333333,
    63.11283462499999,
    63.19535885833333,
    63.268174358333326,
    63.33977626666666,
    63.39681507499999,
    63.48419367499999,
    63.55579558333333,
    63.628611083333325,
    63.68929066666666,
    63.77545567499999,
    63.854339133333326,
    63.92472744999999,
    63.99390217499999,
    64.07035844999999,
    64.14802831666665,
    64.21963022499999,
    64.28395058333332,
    64.36768840833332,
    64.44899905,
    64.52060095833332,
    64.58492131666665,
    64.66259118333332,
    64.74632900833332,
    64.81429014166666,
    64.88467845833333,
    64.95992114166665,
    65.66380430833333,
    67.99996826666666,
    70.33127785833332,
    71.51574332499999,
    74.99753781666665,
    77.1407407,
    77.29001247499998,
    78.48175949166665,
    79.65651622499999,
    80.82884577499999,
    81.36768047499999,
    84.28515484166665,
    86.639522675,
    88.96840508333332,
    90.12010357499999,
    90.54000629166666,
    90.70141398333332,
    93.64680095833332,
    95.96233385833332,
    98.28757549166666,
    100.19655518333332,
    100.62616663333333,
    101.07276836666665,
    101.47446720833332,
    101.90893302499998
  ],
  "Closed Hi Hat": [
    0.5449026583333333,
    0.8725724083333333,
    1.168688775,
    1.4660187333333332,
    2.0497563249999997,
    2.197814508333333,
    2.358008608333333,
    2.634707508333333,
    2.925969508333333,
    3.2123771416666664,
    3.486648858333333,
    3.6383478166666663,
    3.7936875499999996,
    4.083735958333333,
    4.383493099999999,
    4.684463833333333,
    4.956308366666666,
    5.237861633333333,
    5.529123633333333,
    5.792473025,
    6.10922045,
    6.394414491666666,
    6.689317266666666,
    7.287617958333333,
    7.538831433333332,
    7.707520674999999,
    7.845870124999999,
    8.027908875,
    8.144413675,
    8.412617433333333,
    8.718442533333333,
    9.621354733333332,
    9.882276941666666,
    10.202665141666666,
    10.493927141666665,
    10.786402733333333,
    11.365285958333331,
    11.669897466666665,
    11.935674041666665,
    12.183246741666665,
    12.513343674999998,
    12.781547433333332,
    12.935673575,
    13.376207349999998,
    13.679605266666664,
    13.98300318333333,
    14.268197224999998,
    14.513342741666666,
    14.851934816666665,
    15.127420124999999,
    15.432031633333331,
    16.01212845,
    16.190526424999998,
    16.456303,
    16.598293225,
    17.163826941666663,
    17.32523463333333,
    18.066739141666666,
    18.208729366666663,
    18.65047673333333,
    18.94902028333333,
    19.234214324999996,
    19.525476324999996,
    19.810670366666663,
    20.104359549999998,
    20.683242774999997,
    20.966009633333332,
    21.12256295833333,
    21.24999008333333,
    21.520621024999997,
    21.841009224999997,
    22.11649453333333,
    22.270620674999996,
    22.41503808333333,
    23.00484363333333,
    23.42353275833333,
    23.555814249999997,
    23.575231716666664,
    23.85314420833333,
    24.168678041666663,
    24.4514449,
    24.59586230833333,
    24.747561266666665,
    25.325230899999998,
    25.485424999999996,
    26.222075141666664,
    26.520618691666662,
    26.76819139166666,
    27.084938816666664,
    27.404113424999995,
    27.96600636666666,
    28.110423774999997,
    28.228142166666665,
    28.25848195833333,
    28.558239099999998,
    28.84343314166666,
    28.98299618333333,
    29.123772816666662,
    29.407753266666663,
    29.985422899999996,
    30.16503446666666,
    30.305811099999996,
    30.438092591666663,
    30.58129640833333,
    30.856781716666664,
    31.162606816666663,
    31.44416008333333,
    31.73784926666666,
    32.33129559166666,
    32.46721785833333,
    32.61648963333333,
    32.76454781666666,
    32.907751633333326,
    33.161392291666665,
    33.48178049166666,
    33.64197459166666,
    33.75605220833333,
    34.06187730833333,
    34.65775081666666,
    34.824012874999994,
    34.95872154999999,
    35.21236220833333,
    35.68444936666666,
    35.83736191666666,
    36.091002575,
    36.55095381666666,
    36.70386636666666,
    37.57279799999999,
    37.82522506666666,
    38.155322,
    38.42595294166666,
    38.71478775833333,
    39.018185675,
    39.32279718333333,
    39.60677763333333,
    39.75240863333333,
    39.86405906666666,
    39.89318526666666,
    40.41138890833333,
    40.47328208333333,
    40.743913025,
    40.91017508333333,
    41.05337889999999,
    41.315514699999994,
    41.63954367499999,
    42.22570844999999,
    42.4951258,
    42.81065963333333,
    43.08614494166666,
    43.22692157499999,
    43.38226130833333,
    43.96721249166666,
    44.13590173333333,
    44.275464774999996,
    44.550950083333326,
    44.83857130833333,
    45.13954204166666,
    45.42594967499999,
    46.05701734166666,
    46.28274539166666,
    46.93323052499999,
    47.21478379166666,
    47.499977833333325,
    47.64924960833333,
    47.915026183333325,
    48.05944359166666,
    48.30216192499999,
    48.509686099999996,
    48.62619089999999,
    48.781530633333325,
    48.93444318333333,
    49.20264694166666,
    49.46478274166666,
    49.77667579999999,
    49.93080194166666,
    50.197792108333324,
    50.344636699999995,
    50.592209399999994,
    50.78274329166666,
    50.91502478333333,
    51.07643247499999,
    51.22570424999999,
    51.51453906666666,
    51.785170008333324,
    52.09706306666666,
    52.25482998333332,
    52.54123761666666,
    52.678373474999994,
    52.95507237499999,
    53.126188799999994,
    53.25604310833333,
    53.413810025,
    53.53031482499999,
    53.83371274166666,
    54.127401924999994,
    54.42958624999999,
    54.74026571666666,
    55.050945183333326,
    55.34342077499999,
    55.62740122499999,
    56.20628444999999,
    56.33977953333333,
    56.50361440833333,
    56.73055604999999,
    56.76453661666666,
    56.911381208333324,
    57.04608988333332,
    57.33977906666666,
    57.60798282499999,
    57.92958461666666,
    58.088565124999995,
    58.226914574999995,
    58.37254557499999,
    58.502399883333325,
    58.77788519166666,
    59.092205433333326,
    59.24269079999999,
    59.38468102499999,
    59.67958379999999,
    59.952641924999995,
    60.257253433333325,
    60.41987471666666,
    60.703855166666656,
    60.85069975833333,
    61.116476333333324,
    61.43929171666666,
    61.58856349166666,
    62.00239824999999,
    62.259679683333324,
    62.45021357499999,
    62.58613584166666,
    62.75482508333332,
    62.89317453333332,
    65.23540644999999,
    65.40288209999999,
    65.52181408333333,
    65.79851298333332,
    66.08249343333333,
    66.23540598333332,
    66.51938643333332,
    66.65773588333333,
    66.928366825,
    67.25118220833332,
    67.41380349166666,
    67.56186167499999,
    67.69535675833332,
    67.84462853333332,
    68.10919151666666,
    68.42472534999999,
    68.57278353333332,
    68.70749220833332,
    68.86404553333333,
    69.00482216666666,
    69.251181275,
    69.58370539166665,
    69.74996744999999,
    69.88588971666665,
    70.02181198333332,
    70.17351094166666,
    70.43443314999999,
    70.758462125,
    70.92108340833333,
    71.04122898333333,
    71.20385026666666,
    71.34219971666666,
    71.60069474166666,
    71.79486940833333,
