{
  "Bass Drum 1": [
    0.0032894687500000003,
    0.5285079791666667,
    1.0449545729166667,
    1.5624976562500001
  ],
  "Acoustic Snare": [
    0.004385958333333334,
    0.15899098958333335,
    0.2609645208333334,
    0.4035081666666667,
    0.5285079791666667,
    0.65789375,
    0.7993409062500001,
    0.9320161458333334,
    1.0570159583333334,
    1.1929806666666667
  ],
  "High Tom": [
    1.31249803125,
    1.4385943333333335,
    1.5679801041666668,
    1.7039448125,
    1.8212691979166669
  ]
}