{
  "Closed Hi Hat": [
    0.58375,
    1.80125,
    2.985,
    4.175,
    5.43875,
    6.6000000000000005,
    7.8125,
    9.0075,
    10.17375,
    11.3925,
    12.58375,
    13.7825,
    14.99375,
    16.14875,
    17.36,
    18.556250000000002,
    19.76375,
    20.9925,
    22.1725,
    23.35875,
    24.56375,
    25.79125,
    26.94625,
    28.1825,
    29.37375,
    30.60375,
    31.745,
    32.995,
    33.8275,
    35.31375,
    36.53375,
    37.73875,
    38.9475,
    40.136250000000004,
    41.37375,
    42.55375,
    43.78,
    45.03,
    46.1825,
    47.4,
    48.605000000000004,
    49.76,
    50.97625,
    52.182500000000005,
    53.3225,
    54.50625,
    55.75875,
    57.02125,
    58.19375
  ],
  "Ride Cymbal 1": [
    1.18875,
    1.8175000000000001,
    2.2675,
    2.395,
    2.99625,
    3.58875,
    4.20875,
    4.66125,
    4.8500000000000005,
    5.4525,
    5.85875,
    6.01,
    6.6125,
    7.205,
    7.84625,
    8.41875,
    9.04125,
    9.425,
    9.62625,
    10.20125,
    10.807500000000001,
    11.42,
    12.025,
    12.595,
    13.20625,
    13.80625,
    14.24625,
    14.99375,
    15.58375,
    16.15,
    17.37875,
    17.97875,
    18.58875,
    19.0475,
    19.155,
    19.78875,
    20.40125,
    20.82125,
    20.9775,
    21.57125,
    22.16625,
    22.77375,
    23.21,
    23.966250000000002,
    24.57375,
    25.04375,
    25.2025,
    25.80875,
    26.181250000000002,
    26.9775,
    27.55125,
    28.20625,
    28.622500000000002,
    28.80375,
    29.40875,
    30.05875,
    30.60625,
    31.02625,
    31.1925,
    31.8075,
    32.37625,
    32.81375,
    32.96125,
    33.38125,
    33.74125,
    34.316250000000004,
    35.9025,
    36.5475,
    37.1375,
    37.7875,
    38.253750000000004,
    38.39,
    38.972500000000004,
    40.16875,
    40.785000000000004,
    41.40875,
    41.88375,
    41.99,
    42.59375,
    43.17375,
    43.792500000000004,
    44.27375,
    45.08,
    45.472500000000004,
    45.645,
    46.20125,
    46.615,
    46.81,
    47.41375,
    48.00875,
    48.6025,
    49.7875,
    50.3725,
    50.79125,
    50.985,
    51.59,
    52.19375,
    52.63875,
    52.75875,
    53.28625,
    53.910000000000004,
    54.54125,
    54.9675,
    55.120000000000005,
    55.792500000000004,
    56.222500000000004,
    56.39,
    57.02125,
    57.585,
    57.71125
  ],
  "Acoustic Snare": [
    2.2575,
    2.85125,
    3.9562500000000003,
    4.61875,
    5.285,
    5.33125,
    5.3675,
    5.39625,
    5.4262500000000005,
    7.63625,
    9.418750000000001,
    9.55625,
    11.835,
    12.225,
    12.395,
    13.00375,
    13.05375,
    13.645,
    13.69,
    13.72375,
    13.75375,
    13.785,
    14.2475,
    14.84,
    15.42125,
    15.94,
    17.87125,
    17.923750000000002,
    17.9575,
    17.986250000000002,
    19.03625,
    19.645,
    20.80375,
    21.375,
    21.96,
    22.575,
    23.18875,
    23.587500000000002,
    23.79,
    24.12125,
    24.5725,
    25.58625,
    25.62,
    25.7425,
    27.315,
    27.37875,
    27.425,
    27.462500000000002,
    27.50125,
    28.60625,
    30.1975,
    31.60875,
    31.9925,
    32.37375,
    32.795,
    32.85,
    32.8975,
    32.9425,
    33.18125,
    35.6925,
    35.753750000000004,
    35.79625,
    35.83625,
    35.88125,
    36.34,
    36.7525,
    36.965,
    37.54125,
    37.61875,
    38.79875,
    38.84875,
    38.885,
    38.92125,
    38.956250000000004,
    40.6475,
    40.69375,
    40.735,
    43.03625,
    43.6825,
    43.730000000000004,
    43.76625,
    43.79625,
    43.82,
    43.862500000000004,
    44.261250000000004,
    44.665,
    45.0775,
    45.4675,
    46.025,
    46.61125,
    47.9625,
    47.985,
    50.17875,
    50.22625,
    50.26375,
    50.29625,
    50.3275,
    50.36875,
    51.3975,
    51.78125,
    52.18625,
    52.588750000000005,
    52.8975,
    54.995000000000005,
    55.6075,
    55.65875,
    55.70125,
    55.74375,
    56.815,
    57.39
  ],
  "High Tom": [
    9.98625,
    25.0,
    29.225,
    47.00875
  ],
  "Bass Drum 1": [
    15.41375,
    16.77,
    26.243750000000002,
    33.21,
    33.58875,
    36.9075,
    39.57125,
    49.1575,
    53.935
  ],
  "Crash Cymbal 1": [
    16.78,
    26.1875,
    39.5475,
    49.160000000000004,
    53.89,
    58.84375
  ],
  "High Floor Tom": [
    48.61625,
    48.815,
    48.972500000000004,
    57.995000000000005
  ]
}