{
  "Acoustic Snare": [
    0.0,
    0.7640080604166667,
    1.5344816333333333,
    1.6767229083333335,
    1.9181020416666668,
    2.1713346145833334,
    2.286636254166667,
    2.571118804166667,
    2.6874980291666666,
    2.8168082791666667,
    2.9353426750000002,
    3.065730510416667,
    3.188575247916667
  ],
  "High Floor Tom": [
    0.008620683333333334,
    0.7618528895833334,
    1.5301712916666668,
    1.6659470541666668,
    1.9245675541666667,
    2.1799552979166665,
    2.30172245,
    3.5721956562500004
  ],
  "Closed Hi Hat": [
    0.22198259583333335,
    1.2564645958333334,
    3.3286613520833335
  ],
  "Bass Drum 1": [
    2.4137913333333336
  ],
  "High Tom": [
    3.314652741666667,
    3.4310319666666667
  ]
}