{
  "Bass Drum 1": [
    0.0030120458333333334,
    0.36144550000000003,
    0.7469873666666667,
    1.1280111645833333
  ],
  "Acoustic Snare": [
    0.010542160416666667,
    0.36596356875,
    0.73644520625,
    1.27861345625,
    1.3478905104166667,
    1.4006013125,
    1.463854275
  ],
  "High Floor Tom": [
    0.016566252083333333,
    0.36897561458333333,
    0.7304211145833334,
    1.1144569583333335,
    2.3765041625,
    2.56174498125
  ],
  "Ride Cymbal 1": [
    0.7379512291666667
  ],
  "Closed Hi Hat": [
    1.0993967291666666,
    1.8870467145833334
  ]
}