{
  "Ride Cymbal 1": [
    0.0275,
    0.325,
    0.645,
    0.93125,
    1.215,
    1.51625,
    1.7862500000000001,
    2.09125,
    2.3937500000000003,
    2.70875,
    3.01375,
    3.3075,
    3.5925000000000002
  ],
  "Bass Drum 1": [
    0.0375,
    1.5075,
    1.655,
    2.4075
  ],
  "Acoustic Snare": [
    0.63375,
    1.08375,
    1.37,
    1.7850000000000001,
    3.00875,
    3.4725
  ]
}