{
  "Bass Drum 1": [
    0.0,
    0.06973684791666666,
    1.5789475000000002,
    1.7473685666666667,
    2.510526525,
    2.836842341666667,
    4.0815792875,
    4.253947722916667,
    5.0000004166666665,
    6.625000552083334,
    6.764474247916667,
    7.585526947916667,
    7.8631585500000005,
    7.948684872916667,
    9.103948127083333,
    9.255263929166667,
    10.039474520833334,
    11.672369393750001,
    11.825000985416667,
    12.630264210416668,
    12.950001079166666,
    14.181580129166667,
    14.343422247916667,
    15.160527579166667,
    16.70131718125,
    16.860527720833336,
    17.939475179166667,
    18.09868571875,
    18.225001518750002,
    20.46579117916667,
    20.613159612500002,
    21.756580760416668,
    23.04868613125,
    23.203949302083334,
    24.303949393750003,
    25.26184421041667,
    26.835528552083336,
    26.99605488125,
    27.805265475000002,
    28.098686552083336,
    29.355265604166668,
    29.51316035416667,
    30.26710778541667,
    31.882897393750003,
    32.053950039583334,
    35.33816083958334,
    36.89079254791667,
    37.0657925625
  ],
  "Closed Hi Hat": [
    0.0,
    0.6263158416666667,
    0.6697368979166667,
    1.2526316833333333,
    1.88289489375,
    2.510526525,
    3.1394739458333336,
    3.7473687333333334,
    4.382895102083333,
    5.650000470833334,
    5.6921057375,
    6.306579472916667,
    6.9276321562500005,
    7.561842735416667,
    8.160526995833333,
    8.778948100000001,
    9.401316572916667,
    9.989474516666666,
    10.730264052083333,
    11.355264104166666,
    11.986843104166667,
    12.626316841666668,
    13.213158995833334,
    13.873685366666667,
    15.736843416666668,
    15.784211841666668,
    16.396053997916667,
    17.002632995833334,
    21.45658073541667,
    22.073686050000003,
    22.736844,
    23.359212472916667,
    23.993423052083333,
    24.5921073125,
    25.321054741666668,
    25.867107418750003,
    26.50131799791667,
    27.142107525,
    27.776318104166666,
    28.38552868125,
    29.018423470833334,
    29.643423522916667,
    30.198686727083334,
    30.913160470833336,
    31.559213156250003,
    32.205265841666666,
    33.17763434375,
    34.057897575,
    35.930266152083334
  ],
  "Acoustic Snare": [
    0.66710531875,
    1.0973685125000001,
    1.4026316958333334,
    1.87500015625,
    2.3105265083333335,
    2.3565791437500003,
    2.3789475666666666,
    3.44210555,
    3.89605295625,
    4.371052995833334,
    4.565789854166667,
    4.8289477708333335,
    4.8697372479166665,
    4.9026319875,
    5.678947841666667,
    6.1473689333333335,
    6.457895275,
    6.925000577083334,
    7.4078953541666674,
    7.4565795687500005,
    7.486842729166667,
    7.513158520833334,
    8.464474389583334,
    8.9289481125,
    9.397369204166667,
    9.934211354166667,
    9.985527147916667,
    10.027632414583334,
    11.03289565625,
    11.4868430625,
    11.971053629166667,
    12.460527354166667,
    12.506579989583335,
    12.538158939583333,
    13.553948497916668,
    14.023685379166666,
    14.507895945833335,
    15.05131704375,
    15.097369679166667,
    15.13026441875,
    15.16184336875,
    15.188159160416667,
    15.214474952083334,
    16.077632918750002,
    16.534211904166668,
    17.15921195625,
    17.318422495833335,
    17.468422508333333,
    18.275001522916668,
    18.419738377083334,
    18.586843654166668,
    18.743422614583334,
    18.789475250000002,
    18.826317358333334,
    18.855264729166667,
    18.881580520833335,
    18.903948943750002,
    19.04868579791667,
    19.21447528541667,
    19.36973845625,
    20.7868438375,
    21.282896510416666,
    21.33026493541667,
    21.36184388541667,
    21.3868438875,
    21.4105281,
    22.0657913125,
    22.551317668750002,
    22.597370304166667,
    22.634212412500002,
    22.668422941666666,
    22.69605452291667,
    22.88552822291667,
    23.346054577083333,
    23.803949352083336,
    23.855265145833336,
    24.907896812500002,
    26.192107445833333,
    26.634212745833334,
    27.126318050000002,
    27.59473914166667,
    27.63816019791667,
    27.668423358333335,
    27.692107570833336,
    28.706581339583334,
    28.93289714791667,
    29.171055062500002,
    29.82894985416667,
    29.967107760416667,
    30.11710777291667,
    31.228949970833334,
    31.721055275,
    32.18552899791667,
    32.689476408333334,
    32.73289746458334,
    32.765792204166665,
    32.794739575,
    32.84473957916667,
    33.01184485625,
    33.743423864583335,
    34.201318639583334,
    34.378950233333335,
    34.72500289375,
    34.86447658958333,
    36.28947670833333,
    36.43026619375,
    37.22763468125,
    37.389476800000004
  ],
  "Open Hi Hat": [
    5.010526733333333,
    15.182896002083334
  ],
  "Crash Cymbal 1": [
    10.044737679166667,
    14.507895945833335,
    20.785528047916667,
    25.256581052083334,
    30.276318312500003,
    35.343423997916666
  ],
  "High Tom": [
    17.61973831041667,
    17.768422533333336,
    36.59342410208333,
    36.73552937708334
  ],
  "Low-Mid Tom": [
    19.54342268125,
    19.692106904166668
  ],
  "High Floor Tom": [
    19.850001654166668,
    19.994738508333334,
    20.15131746875,
    20.30921221875
  ]
}