{
  "Closed Hi Hat": [
    0.00288460625,
    0.3134605458333333
  ],
  "Acoustic Snare": [
    0.09807661250000001,
    0.42980633125,
    0.7278823104166666,
    0.94903545625,
    1.2519191125,
    1.5567258395833334,
    1.7778789854166668
  ],
  "Ride Cymbal 1": [
    0.21634546875,
    0.634613375,
    1.0519197458333334,
    1.4576876916666668
  ],
  "Open Hi Hat": [
    0.53942136875,
    1.35288033125
  ],
  "Bass Drum 1": [
    0.8403819541666667,
    1.1432656104166667,
    1.65864859375
  ]
}