{
  "Acoustic Snare": [
    0.22916666666666666,
    0.27708333333333335,
    0.7114583333333333,
    0.75,
    0.8958333333333334
  ],
  "Bass Drum 1": [
    0.5020833333333333,
    0.9927083333333333
  ],
  "High Tom": [
    1.1125,
    1.2208333333333332,
    1.3625,
    1.4770833333333333
  ],
  "High Floor Tom": [
    1.6052083333333333,
    1.7166666666666666
  ]
}