{
  "High Floor Tom": [
    0.035526262499999996,
    0.46973613749999993,
    0.9263143999999999,
    1.3934189624999997,
    1.8552603749999999
  ],
  "Bass Drum 1": [
    0.0407894125,
    0.4736834999999999,
    0.9184196749999999,
    1.2342086749999999,
    1.684208,
    2.1513125625
  ],
  "Acoustic Snare": [
    0.3276310875,
    0.6078938249999999,
    0.7723672624999999,
    1.0842089,
    2.0342074749999997,
    2.0842074,
    2.1684178,
    2.2355229624999997,
    2.3118386374999997,
    2.3921016749999997
  ]
}