{
  "Bass Drum 1": [
    0.03157889999999999,
    0.4776308625,
    0.9355249124999999,
    1.23684025,
    1.7039448124999999,
    2.1592072874999997
  ],
  "High Floor Tom": [
    0.17894709999999997
  ],
  "Acoustic Snare": [
    0.29473639999999995,
    0.44210459999999996,
    1.0802615375,
    1.5302608624999998,
    2.007891725,
    2.32104915
  ],
  "Low-Mid Tom": [
    0.6210517,
    0.9302617624999999
  ],
  "High Tom": [
    1.4065768374999998,
    1.8631550999999997,
    2.1736809499999996
  ]
}