{
  "Acoustic Snare": [
    0.2125,
    0.6895833333333333,
    1.109375,
    1.2135416666666667,
    1.365625,
    1.61875,
    1.7302083333333333
  ],
  "Closed Hi Hat": [
    0.22083333333333333,
    1.665625
  ],
  "Bass Drum 1": [
    0.46041666666666664,
    0.9666666666666667
  ],
  "Open Hi Hat": [
    0.703125
  ]
}