{
  "Bass Drum 1": [
    0.030263112499999998,
    0.44473617499999996,
    0.9026302249999999,
    1.2105244999999998,
    1.6657869749999998,
    2.1381546874999997
  ],
  "High Floor Tom": [
    0.17368394999999998,
    0.5894727999999999,
    0.9052617999999999
  ],
  "Closed Hi Hat": [
    0.25131541249999995,
    0.8973670749999999,
    1.5223661375,
    2.1565757124999996
  ],
  "Acoustic Snare": [
    0.7605251749999999,
    1.1039457124999998,
    1.5013135374999997,
    1.9697338875
  ],
  "High Tom": [
    1.3565769124999998,
    1.8157867499999998,
    2.1539441375
  ]
}