{
  "Acoustic Snare": [
    1.021875,
    1.1322916666666667,
    1.2614583333333333,
    1.384375,
    1.5145833333333334,
    1.6322916666666667
  ],
  "High Tom": [
    1.7562499999999999
  ]
}