{
  "Acoustic Snare": [
    0.0,
    0.09183675,
    0.17984696874999997,
    0.2818878020833333,
    0.37627557291666663,
    0.8750001458333333,
    1.0497450729166666,
    1.1862246875
  ],
  "High Tom": [
    0.57015315625,
    1.3852043125
  ],
  "Low-Mid Tom": [
    1.5191329062499999,
    1.6900513020833332
  ],
  "High Floor Tom": [
    1.8227043854166665,
    1.9897962499999997,
    2.126275864583333,
    2.2933677291666665
  ]
}