{
  "Bass Drum 1": [
    0.03229166666666666,
    0.6416666666666666,
    1.721875
  ],
  "Ride Cymbal 1": [
    0.05416666666666667,
    0.278125,
    0.5125,
    0.7395833333333334,
    0.9947916666666666,
    1.7125
  ],
  "Acoustic Snare": [
    0.26666666666666666,
    0.7354166666666666
  ],
  "Closed Hi Hat": [
    0.9770833333333333,
    1.2041666666666666,
    1.4395833333333332
  ],
  "High Tom": [
    1.115625,
    1.46875,
    1.6020833333333333
  ],
  "High Floor Tom": [
    1.23125,
    1.3604166666666666
  ]
}