{
  "High Tom": [
    0.0012755104166666665,
    0.9426021979166666,
    1.1109695729166666,
    1.7117349791666665,
    2.007653395833333
  ],
  "Acoustic Snare": [
    0.10586736458333332,
    0.17346941666666665,
    0.24362248958333332,
    0.3137755625,
    0.42602047916666663,
    0.48979599999999995,
    0.566326625,
    0.6364796979166666,
    1.2321430624999998,
    1.4910716770833332,
    1.5535716874999999,
    1.8418370416666665
  ],
  "Low-Mid Tom": [
    1.4311226874999998
  ],
  "High Floor Tom": [
    2.13137790625
  ],
  "Crash Cymbal 1": [
    2.2895411979166664
  ],
  "Closed Hi Hat": [
    2.35331671875
  ]
}