{
  "Bass Drum 1": [
    0.0118420875,
    0.44342038749999996,
    0.9184196749999999,
    1.23684025,
    1.7144711124999998,
    2.1789441
  ],
  "High Floor Tom": [
    0.17499973749999997,
    0.618420125,
    0.9394722749999999
  ],
  "Closed Hi Hat": [
    0.2671048625,
    0.9144723124999999,
    1.5289450749999998,
    2.1894704
  ],
  "Acoustic Snare": [
    0.33026266249999997,
    0.7763146249999999,
    1.0986825624999998,
    1.5473660999999999,
    2.0026285749999997,
    2.2947333999999997
  ],
  "High Tom": [
    1.3947347499999998,
    1.8473656499999997,
    2.1776283124999996
  ]
}