{
  "Open Hi Hat": [
    0.014030614583333332,
    0.32653066666666664,
    0.6403062291666666,
    0.9591838333333332,
    1.2729593958333332,
    1.5765308749999998,
    1.8596941875,
    2.1428575,
    2.4426024479166664
  ],
  "Ride Cymbal 1": [
    0.015306124999999999,
    0.32525515624999995,
    0.6352041875,
    0.9655613854166666,
    1.270408375,
    1.5752553645833332,
    1.8533166354166666,
    2.1428575,
    2.436224895833333
  ],
  "Bass Drum 1": [
    0.9387756666666666,
    1.2665818437499998,
    1.5663267916666666,
    1.8533166354166666,
    2.1517860729166665,
    2.4477044895833333
  ],
  "Closed Hi Hat": [
    4.340561947916666
  ]
}