{
  "Closed Hi Hat": [
    0.0026315749999999997,
    0.46973613749999993,
    0.9513143624999999,
    1.2513139125,
    1.7368394999999999,
    2.2052598499999996
  ],
  "Bass Drum 1": [
    0.0065789375,
    0.46052562499999994,
    0.9328933374999999,
    1.2486823374999998,
    1.7289447749999998,
    2.1644704375
  ],
  "Acoustic Snare": [
    0.14342083749999998,
    0.30526269999999994,
    0.6355253624999999,
    0.7855251374999999,
    1.0828931124999999,
    1.4210504999999998,
    1.592102875,
    1.8947339999999997,
    2.0421022,
    2.37368065
  ],
  "High Floor Tom": [
    0.160526075,
    0.3171047875,
    0.6197359124999999,
    0.7723672624999999,
    1.0828931124999999,
    1.4157873499999998,
    1.5710502749999997,
    1.8986813624999999,
    2.0513127124999997,
    2.3815753749999997
  ]
}