{
  "Bass Drum 1": [
    0.0,
    0.6489583333333333
  ],
  "Ride Cymbal 1": [
    0.019791666666666666,
    0.26458333333333334,
    0.49895833333333334,
    0.7427083333333333,
    0.9958333333333333
  ],
  "Acoustic Snare": [
    0.25104166666666666,
    0.7427083333333333,
    1.6125,
    1.7125
  ],
  "Closed Hi Hat": [
    0.984375,
    1.2177083333333334,
    1.4479166666666667,
    1.690625
  ],
  "High Tom": [
    1.1197916666666667,
    1.4729166666666667
  ],
  "High Floor Tom": [
    1.2427083333333333,
    1.3739583333333334
  ]
}