{
  "Open Hi Hat": [
    0.0,
    0.29591841666666663,
    0.596938875,
    0.9145409687499999,
    1.2334185729166665,
    1.5331635208333332,
    1.8367349999999998,
    2.1339289270833333
  ],
  "Ride Cymbal 1": [
    0.007653062499999999,
    0.30229596875,
    0.6058674479166666,
    0.9170919895833333,
    1.2295920416666666,
    1.529336989583333,
    1.8392860208333333,
    2.1250003541666667
  ],
  "Bass Drum 1": [
    0.9132654583333333,
    1.2155614270833333,
    1.5280614791666665,
    1.8214288749999998,
    2.1288268854166663
  ]
}