{
  "Bass Drum 1": [
    0.0,
    0.6427083333333333,
    0.9874999999999999
  ],
  "Ride Cymbal 1": [
    0.011458333333333333,
    0.253125,
    0.503125,
    0.7375
  ],
  "Acoustic Snare": [
    0.23958333333333334,
    0.7395833333333334,
    1.1479166666666667,
    1.2291666666666667,
    1.3052083333333333,
    1.39375,
    1.478125,
    1.55625,
    1.6333333333333333,
    1.715625,
    1.7927083333333333
  ],
  "Closed Hi Hat": [
    0.990625,
    1.234375,
    1.46875,
    1.7052083333333332
  ],
  "High Floor Tom": [
    0.996875
  ],
  "High Tom": [
    1.0552083333333333
  ]
}