{
  "Closed Hi Hat": [
    0.0,
    0.46315719999999994,
    0.8973670749999999,
    1.2434191874999998,
    1.7210500499999999,
    2.1631546499999996
  ],
  "Bass Drum 1": [
    0.023684175,
    0.45920983749999994,
    0.9013144375,
    1.2644717874999998,
    1.7276289874999997,
    2.1723651625
  ],
  "Acoustic Snare": [
    0.14736819999999998,
    0.28552588749999996,
    0.6105253999999999,
    0.7618409624999999,
    1.0855246875,
    1.4157873499999998,
    1.5684186999999998,
    1.8881550624999999,
    2.0552600749999996,
    2.3697332875
  ],
  "High Floor Tom": [
    0.15263134999999997,
    0.30789427499999994,
    1.9026287249999998,
    2.0513127124999997,
    2.3605227749999997
  ],
  "High Tom": [
    0.6065780375,
    0.7618409624999999,
    1.0855246875,
    1.4118399874999998,
    1.5710502749999997
  ]
}