{
  "Crash Cymbal 1": [
    1.2244899999999999
  ],
  "Bass Drum 1": [
    1.2244899999999999,
    1.8227043854166665,
    2.4413269375,
    3.043367854166666,
    3.5408169166666665,
    3.6811230624999998,
    4.127551708333333,
    4.252551729166666,
    4.551021166666667,
    5.040817166666666,
    5.155613104166666,
    5.622449916666666,
    5.72831728125
  ],
  "Closed Hi Hat": [
    1.5076533124999998,
    2.130102395833333,
    2.43750040625,
    2.7359698437499995,
    3.35586790625,
    3.6938781666666665,
    3.9719394374999997,
    4.244898666666666,
    4.551021166666667,
    4.8673477499999995,
    5.457909072916666,
    5.7614805520833325
  ],
  "Acoustic Snare": [
    1.8137758124999999,
    2.3035718125,
    2.6186228854166664,
    3.0395413229166666,
    3.243622989583333,
    3.542092427083333,
    4.74489875,
    5.344388645833333,
    5.630102979166666
  ],
  "Open Hi Hat": [
    5.160715145833333
  ]
}