{
  "Acoustic Snare": [
    0.043420987499999994,
    0.18421025,
    0.323683725,
    0.46973613749999993,
    0.6210517,
    0.7710514749999999,
    0.9328933374999999,
    1.0763141749999998,
    1.2315770999999998,
    1.2671033624999999
  ],
  "Bass Drum 1": [
    1.4210504999999998,
    1.7065763874999997
  ],
  "High Tom": [
    1.8960497874999998,
    1.9315760499999999
  ]
}