{
  "Bass Drum 1": [
    0.0125,
    0.6552083333333333
  ],
  "Ride Cymbal 1": [
    0.03333333333333333,
    0.275,
    0.5020833333333333,
    0.7520833333333333
  ],
  "Acoustic Snare": [
    0.259375,
    0.7604166666666666,
    1.1395833333333334,
    1.2572916666666667,
    1.3739583333333334,
    1.5020833333333332,
    1.6239583333333334,
    1.7354166666666666
  ],
  "Closed Hi Hat": [
    0.990625,
    1.2239583333333333,
    1.4583333333333333
  ]
}