{
  "Acoustic Snare": [
    0.0,
    1.91052345,
    2.0552600749999996
  ],
  "Open Hi Hat": [
    0.29342061249999996,
    0.9394722749999999,
    1.576313425
  ],
  "Bass Drum 1": [
    0.29736797499999995,
    0.9460512124999999,
    1.5631555499999998
  ],
  "Closed Hi Hat": [
    0.5921043749999999,
    1.2565770625,
    1.8947339999999997
  ],
  "High Floor Tom": [
    2.2223650874999996
  ]
}