{
  "Bass Drum 1": [
    0.040625,
    0.4322916666666667,
    0.6697916666666667,
    0.975,
    1.5958333333333332
  ],
  "High Floor Tom": [
    0.046875,
    0.278125,
    0.5239583333333333,
    0.7583333333333333,
    1.0041666666666667,
    1.2572916666666667,
    1.5020833333333332,
    1.7385416666666667
  ],
  "Acoustic Snare": [
    0.26666666666666666,
    0.7458333333333333,
    1.2572916666666667,
    1.74375
  ]
}