{
  "Acoustic Snare": [
    0.0,
    0.08928572916666666,
    0.6020409166666666,
    0.6913266458333333,
    1.01020425,
    1.10586753125,
    1.2040818333333332,
    1.29719409375,
    1.3941328854166666,
    1.8112247916666664,
    1.9030615416666665,
    2.00892890625,
    2.1211738229166666
  ],
  "Bass Drum 1": [
    0.20408166666666666,
    0.5127551874999999,
    0.8150511562499999,
    1.4732145312499998,
    1.6084186354166665
  ],
  "High Tom": [
    0.31122454166666663,
    0.39413271874999994
  ],
  "Low-Mid Tom": [
    0.9030613749999999,
    1.7015308958333333,
    2.3061228333333332
  ],
  "Closed Hi Hat": [
    2.229592208333333
  ]
}