{
  "High Floor Tom": [
    0.051041666666666666,
    0.27708333333333335,
    0.5302083333333333,
    0.7552083333333334,
    1.0010416666666666,
    1.7083333333333333
  ],
  "Acoustic Snare": [
    0.27291666666666664,
    0.75,
    1.1125,
    1.23125,
    1.353125
  ],
  "Bass Drum 1": [
    0.421875,
    0.68125,
    0.9718749999999999
  ],
  "High Tom": [
    1.4833333333333334,
    1.603125
  ]
}