{
  "Bass Drum 1": [
    0.0,
    0.45920983749999994,
    0.9434196374999999,
    1.4210504999999998,
    1.8921024249999998
  ],
  "Closed Hi Hat": [
    0.28552588749999996,
    0.9197354624999999,
    1.5749976374999999,
    2.1868388249999997
  ],
  "Acoustic Snare": [
    0.7644725374999999,
    1.0855246875,
    1.2552612749999998
  ],
  "High Tom": [
    1.5736818499999998,
    1.7276289874999997
  ],
  "High Floor Tom": [
    1.9013129374999997,
    2.0407864124999997,
    2.1934177624999998
  ]
}