{
  "High Tom": [
    0.1326530833333333,
    0.1900510520833333,
    0.27423473958333333,
    0.3954082291666666,
    1.3941328854166666,
    1.44260228125,
    1.5357145416666664,
    1.7015308958333333
  ],
  "Acoustic Snare": [
    0.5612245833333332,
    0.73852053125,
    0.9017858645833332,
    1.8456635729166664,
    1.9464288958333331,
    2.0446431979166664,
    2.1530615833333333
  ],
  "Closed Hi Hat": [
    1.19387775
  ],
  "Low-Mid Tom": [
    2.2576534374999997
  ],
  "High Floor Tom": [
    2.3698983541666663
  ]
}