{
  "Bass Drum 1": [
    0.005208333333333333,
    0.6302083333333334,
    0.990625,
    1.621875
  ],
  "High Floor Tom": [
    0.020833333333333332,
    0.26458333333333334,
    0.5020833333333333,
    0.7354166666666666,
    0.9874999999999999,
    1.2302083333333333,
    1.4875,
    1.7260416666666667
  ],
  "Acoustic Snare": [
    0.25104166666666666,
    1.21875
  ],
  "Open Hi Hat": [
    0.7229166666666667,
    1.7197916666666666
  ]
}