{
  "Bass Drum 1": [
    0.036842049999999994,
    0.45394668749999995,
    0.9105249499999999,
    1.2276297374999998,
    1.6828922124999999,
    2.1421020499999996
  ],
  "Acoustic Snare": [
    0.16578922499999998,
    0.30789427499999994,
    0.6131569749999999,
    0.7631567499999999,
    1.0697352375,
    1.3697347874999999,
    1.5315766499999999
  ],
  "Closed Hi Hat": [
    0.2644732875,
    0.9052617999999999,
    1.5381555875,
    2.1513125625
  ],
  "High Tom": [
    1.8473656499999997,
    2.1618388625
  ]
}