{
  "Closed Hi Hat": [
    1.8112247916666664,
    3.0573984687499998,
    3.3686230104166666,
    3.6772965312499997,
    3.9681129062499996,
    4.584184437499999,
    5.149235552083333,
    5.792092802083332,
    6.061225499999999,
    6.373725552083333,
    6.994899124999999,
    7.292093052083333,
    7.616072697916666,
    8.250001375,
    8.543368770833332,
    8.853317802083332,
    9.48597096875,
    9.7882669375,
    10.081634333333332,
    10.719389541666665,
    11.003828364583333,
    12.848216427083333,
    13.125002187499998,
    13.455359385416665,
    13.7372471875,
    14.039543156249998,
    14.378828927083331,
    14.690053468749998,
    14.959186166666665,
    15.274237239583332,
    15.584186270833332,
    15.897961833333332,
    16.48087009375,
    17.39413555208333,
    17.696431520833332,
    18.024237697916664,
    18.307401010416665,
    18.571431666666665,
    18.892860291666665,
    19.241074635416666,
    19.41837058333333,
    19.570156322916663,
    20.144136010416666,
    20.725768760416663,
    22.30740167708333,
    22.623728260416666,
    22.978320156249996,
    23.174748760416666,
    23.30995286458333,
    23.483422281249997,
    23.589289645833333,
    24.198983624999997,
    24.368626510416664,
    24.52296327083333,
    24.68750411458333,
    24.78316739583333,
    25.260208291666665,
    25.40434096875,
    25.57908589583333,
    25.715565510416663,
    25.87755533333333,
    26.293371729166665,
    26.877555499999996,
    27.05612695833333,
    27.697708697916664,
    27.81760667708333,
    28.00128017708333,
    28.132657749999996,
    28.30357614583333,
    28.415821062499997,
    28.614800687499997,
    28.93112727083333,
    29.059953822916665,
    29.264035489583332
  ],
  "Acoustic Snare": [
    1.850765614583333,
    2.0306125833333333,
    2.160714645833333,
    2.33801059375,
    2.753826989583333,
    3.067602552083333,
    3.542092427083333,
    3.859694520833333,
    4.2780619374999995,
    5.488521322916666,
    5.730868302083333,
    5.963011197916666,
    6.7040827499999995,
    6.9987256562499995,
    7.511480843749999,
    7.954082958333332,
    8.188776874999999,
    8.469389166666666,
    8.752552479166665,
    9.178572958333332,
    9.44005259375,
    9.664542427083333,
    9.980869010416665,
    10.403062958333333,
    10.628828302083333,
    10.91709365625,
    11.502552937499999,
    11.646685614583332,
    11.813777479166665,
    11.91964484375,
    12.117348958333332,
    12.438777583333332,
    12.835461322916666,
    13.054849114583332,
    13.331634874999999,
    13.626277781249998,
    14.056124791666665,
    14.304849322916665,
    14.544645281249998,
    14.860971864583332,
    15.281890302083331,
    15.764033239583332,
    16.073982270833334,
    16.66326808333333,
    16.769135447916664,
    17.706635604166664,
    18.923472541666666,
    20.165819687499997,
    20.473217697916663,
    20.96556471875,
    21.091840249999997,
    21.58036073958333,
    21.688779124999996,
    21.873728135416666,
    22.654340510416663,
    23.909442760416663,
    25.091840916666666,
    26.408167666666664,
    26.497453395833332,
    26.60076973958333,
    26.77679017708333,
    27.510208666666664,
    28.7525558125
  ],
  "Bass Drum 1": [
    2.4617351041666664,
    3.664541427083333,
    4.270408874999999,
    4.86352121875,
    5.484694791666666,
    6.090562239583333,
    6.697705197916666,
    7.325256322916666,
    7.941327854166666,
    8.566327958333332,
    9.029338239583332,
    9.17219540625,
    9.7729608125,
    10.413267041666666,
    10.876277322916666,
    11.005103875,
    11.307399843749998,
    11.604593770833333,
    12.214287749999999,
    12.853318468749999,
    13.293369562499999,
    13.429849177083332,
    14.065053364583331,
    14.673471833333332,
    15.304849489583331,
    15.771686302083332,
    15.909441427083332,
    16.177298614583332,
    16.471941520833333,
    17.06505386458333,
    17.732145812499997,
    18.336737749999998,
    18.91454396875,
    19.543370604166665,
    19.855870656249998,
    20.16071764583333,
    20.457911572916665,
    20.823983062499998,
    21.27423823958333,
    21.58163625,
    22.006381218749997,
    22.651789489583333,
    23.27934061458333,
    23.897963166666663,
    24.503830614583332,
    25.09694295833333,
    25.70281040625,
    26.301024791666663,
    26.901790197916664,
    27.51913723958333,
    28.117351624999998,
    28.75128030208333,
    29.2270456875
  ],
  "Crash Cymbal 1": [
    2.4693881666666666,
    12.239797958333332,
    17.079084479166664,
    22.00893223958333,
    27.202810656249998
  ],
  "Ride Cymbal 1": [
    2.750000458333333,
    26.889035093749996
  ],
  "High Floor Tom": [
    2.7525514791666663
  ],
  "Open Hi Hat": [
    11.298471270833332,
    12.535716374999998,
    16.1709210625,
    18.6199010625,
    19.843115552083333,
    20.06250334375,
    20.647962624999998,
    25.992351270833332,
    26.155616604166664
  ],
  "High Tom": [
    20.786993260416665
  ],
  "Low-Mid Tom": [
    21.39286070833333
  ]
}