{
  "Bass Drum 1": [
    0.0,
    1.45723465625,
    1.73355003125
  ],
  "Acoustic Snare": [
    0.2587715416666667,
    0.5263150000000001,
    0.7982444166666668,
    1.0635948958333334,
    1.2324542916666668,
    1.3234629270833334,
    1.5888134062500001
  ],
  "High Floor Tom": [
    0.2675434583333334,
    0.5383763854166668,
    0.8004373958333334,
    1.0679808541666667,
    1.223682375,
    1.3366208020833334,
    1.584427447916667
  ]
}