{
  "Ride Cymbal 1": [
    0.008333333333333333,
    0.46458333333333335,
    0.803125,
    0.9416666666666667,
    1.4583333333333333,
    1.8343749999999999,
    1.9697916666666666,
    2.4833333333333334,
    2.8166666666666664,
    3.28125,
    3.4322916666666665,
    3.95625,
    4.480208333333334,
    4.839583333333334,
    4.980208333333334,
    5.466666666666667,
    5.829166666666667,
    5.964583333333334,
    6.473958333333333,
    6.813541666666667,
    7.286458333333333,
    7.455208333333333,
    7.815625,
    7.975,
    8.466666666666667,
    8.778125,
    8.96875,
    9.469791666666666,
    9.815625,
    9.9625,
    10.459375,
    10.80625,
    10.961458333333333,
    11.488541666666666,
    11.782291666666666,
    11.952083333333333,
    12.507291666666667,
    12.852083333333333,
    13.020833333333334,
    13.509375,
    13.834375,
    14.457291666666666,
    14.797916666666666,
    14.965625,
    15.49375,
    15.815624999999999,
    15.978125,
    16.497916666666665,
    16.797916666666666,
    16.954166666666666,
    17.476041666666667,
    17.810416666666665,
    17.960416666666667,
    18.476041666666667,
    18.797916666666666,
    18.992708333333333,
    19.123958333333334,
    19.265625,
    19.458333333333332,
    19.786458333333332,
    19.960416666666667,
    20.511458333333334,
    20.8125,
    20.975,
    21.46875,
    21.777083333333334,
    21.97083333333333,
    22.48645833333333,
    22.811458333333334,
    22.951041666666665,
    23.305208333333333,
    23.807291666666668,
    23.984375,
    24.482291666666665,
    24.801041666666666,
    24.976041666666667,
    25.459375,
    25.79895833333333,
    25.9875,
    26.461458333333333,
    26.780208333333334,
    26.951041666666665,
    27.286458333333332,
    27.458333333333332,
    27.808333333333334,
    27.996875,
    28.471875,
    28.810416666666665,
    28.983333333333334,
    29.471875,
    29.811458333333334,
    29.992708333333333,
    30.48645833333333,
    30.804166666666667,
    30.997916666666665,
    31.4875,
    31.81458333333333
  ],
  "Acoustic Snare": [
    3.1197916666666665,
    7.141666666666667,
    11.294791666666667,
    11.632291666666667,
    24.98645833333333,
    26.613541666666666
  ],
  "Crash Cymbal 1": [
    15.992708333333333
  ],
  "Bass Drum 1": [
    23.488541666666666,
    30.279166666666665,
    31.308333333333334
  ]
}