{
  "Closed Hi Hat": [
    0.4988836625,
    1.5859366541666666,
    2.657364654166667,
    3.7131676625,
    4.810265291666667,
    5.858255804166667,
    6.8939695375,
    8.002227875,
    9.060263025000001,
    10.1618249375,
    11.2198600875,
    12.316957716666668,
    13.324769679166668,
    14.412938741666666,
    15.52231315,
    16.591509008333333,
    17.684142354166667,
    18.745525716666666,
    19.8113733625,
    20.892846000000002,
    21.938604370833335,
    23.017844866666668,
    24.101549645833334,
    25.145075875,
    26.2332449375,
    27.243289041666667,
    28.32587775,
    29.433020016666667,
    30.56806405416667,
    31.63614384166667,
    32.66962543333334,
    33.71761594583334,
    34.80578500833334,
    35.88502550416667,
    36.93859637083334,
    38.03681007083333,
    39.11493449583333,
    40.16515715,
    41.2231923,
    42.31694171666667,
    43.3894857875,
    44.470958425,
    45.53122571666667,
    46.639484054166665,
    47.669617433333336,
    48.723188300000004,
    49.78568773333333,
    50.843722883333335,
    51.930775875,
    53.037918141666665,
    54.073631875000004,
    55.17630985833333,
    56.21425573333334,
    57.30912122083333,
    58.388361716666665,
    59.44974507916667,
    60.50108380416667,
    61.587020725,
    62.69081477916667,
    63.745501716666666,
    64.8113493625,
    65.90844699166666,
    66.95308929166667,
    68.0323297875,
    69.09148100833333,
    70.16737329166666,
    71.27786377083333,
    72.368264975,
    73.41179120416668,
    74.44638886666667,
    75.5256293625,
    76.62049485,
    77.6617889375,
    78.72763658333334,
    79.8046449375,
    80.88165329166667,
    81.94080451250001,
    83.04906285,
    85.6841060875,
    86.23098079583333,
    86.77785550416667,
    87.3113373625,
    88.36044394583334,
    89.4408005125,
    89.95865737916667
  ],
  "Acoustic Snare": [
    0.515624725,
    2.657364654166667,
    5.176336525,
    5.2287918541666665,
    5.2667382625000005,
    5.3080328833333335,
    7.3180764541666665,
    7.366067500000001,
    7.4028978375,
    7.434147820833333,
    7.460933520833334,
    7.5167370625,
    8.027897504166667,
    8.446424066666667,
    9.024548758333333,
    9.491066366666667,
    9.828119758333333,
    11.646199145833334,
    11.982136466666667,
    12.151779233333334,
    12.4586987125,
    12.645082541666667,
    12.986600216666668,
    13.141734062500001,
    13.522314216666667,
    14.2332513375,
    14.284590595833334,
    14.322537004166668,
    14.354903058333333,
    14.420751237500001,
    15.935259358333333,
    17.286821137500002,
    17.67409771666667,
    19.772310883333333,
    19.816953716666667,
    21.2778904375,
    21.787934808333333,
    21.83927406666667,
    21.87052405,
    21.905122245833333,
    21.9341400875,
    22.386148775000002,
    22.886148508333335,
    25.04016521666667,
    25.572531004166667,
    25.929673670833335,
    26.637262579166666,
    27.1238694625,
    28.701993620833335,
    28.753332879166667,
    28.787931075,
    28.8180649875,
    28.84373461666667,
    29.308020083333336,
    29.391725395833333,
    29.8392698,
    30.1874839,
    30.589269400000003,
    33.09484842083334,
    34.14953535833333,
    34.21426746666667,
    34.718731483333336,
    34.76225824583334,
    34.79685644166667,
    34.82699035416667,
    34.86382069166667,
    35.24440084583333,
    35.75109700416667,
    37.3124801,
    37.665158483333336,
    38.422970579166666,
    38.47319376666667,
    39.4787735875,
    40.001094737500004,
    40.051317925,
    40.0881482625,
    40.12274645833333,
    41.62051351666667,
    42.31359350416667,
    42.707566508333336,
    43.051316325,
    44.48658341666667,
    44.67743152916667,
    44.830333233333334,
    45.40287757083333,
    45.46760967916667,
    45.91961836666667,
    46.05912722083333,
    46.49216270416667,
    47.01671599583334,
    47.53903714583333,
    48.05577794166667,
    48.3046617375,
    50.20198215416667,
    50.2466249875,
    50.27899104166667,
    50.30577674166667,
    50.3303303,
    51.30019585416667,
    51.80912415416667,
    52.34818636666667,
    54.59483695416667,
    55.198631275000004,
    56.113809358333334,
    56.14840755416667,
    56.17407718333334,
    58.392826,
    60.3381374625,
    60.389476720833336,
    60.42072670416667,
    62.7153683375,
    64.63277802916667,
    64.67965300416667,
    64.7142512,
    64.74661725416667,
    64.77898330833334,
    65.1930455875,
    65.54014361666667,
    65.70308995833334,
    66.01782193333334,
    67.37384799583333,
    69.49773079166667,
    69.55018612083333,
    69.58813252916667,
    69.6260789375,
    71.6751849875,
    73.24661272083334,
    73.29125555416667,
    73.77674636666667,
    73.81246063333333,
    73.841478475,
    73.86714810416667,
    73.89281773333333,
    74.3035318,
    74.82473687916666,
    75.92518272083333,
    75.96424520000001,
    75.99995946666667,
    76.45420029583333,
    76.99549465,
    77.59370861666667,
    78.05241372916667,
    78.09147620833333,
    78.12161012083334,
    78.14281546666668,
    78.59035987083334,
    79.1216095875,
    79.48879689166667,
    79.62607360416666,
    80.0122341125,
    80.1930375875,
    80.24214470416666,
    80.77562656250001,
    80.80799261666667,
    80.83366224583334,
    81.31022449166667,
    81.37384052916667,
    82.88723257916666,
    86.12830227916668,
    86.17071297083334,
    86.20307902500001,
    86.2399093625,
    86.80017692083334,
    86.96535540416667,
    89.7823181875,
    89.84146994166667,
    89.88164849166667,
    89.91513061666667,
    89.9463806
  ],