{
  "Acoustic Snare": [
    0.018318952083333333,
    0.7812494270833333,
    1.5441799020833333,
    2.3254293291666666,
    3.10667875625
  ],
  "High Tom": [
    0.3599135291666667,
    1.16379225,
    1.9116365291666668,
    2.700429054166667
  ],
  "High Floor Tom": [
    0.42887899583333333,
    1.2101284229166667,
    1.9773692395833333,
    2.74461005625,
    3.5032301895833333,
    3.6314628541666667
  ],
  "Bass Drum 1": [
    0.50107721875,
    1.2952576708333334,
    2.0528002187500003,
    2.8469806708333336
  ]
}