{
  "Closed Hi Hat": [
    0.7259030458333333
  ],
  "High Floor Tom": [
    1.4201796104166666,
    1.6174686125,
    1.8072275,
    1.9759020666666667,
    2.1415645875,
    2.3147572229166666,
    2.48041974375
  ],
  "Acoustic Snare": [
    1.4307217708333333,
    1.608432475,
    1.7876492020833334,
    1.9623478604166666,
    2.13704651875,
    2.3057210854166668,
    2.4653595145833336
  ]
}