{
  "Acoustic Snare": [
    0.45208333333333334,
    1.4708333333333332,
    2.4729166666666664,
    2.8364583333333333,
    2.8958333333333335,
    3.0260416666666665,
    3.078125,
    3.1166666666666667,
    3.159375,
    3.478125,
    3.84375,
    4.13125,
    4.228125,
    4.492708333333333,
    4.858333333333333,
    5.113541666666666,
    5.496875,
    5.829166666666667,
    6.127083333333333,
    6.20625,
    6.271875,
    6.517708333333333,
    6.872916666666667,
    6.91875,
    7.122916666666667,
    7.215625,
    7.484375,
    7.833333333333333,
    7.905208333333333,
    8.114583333333334,
    8.209375,
    8.497916666666667,
    8.842708333333333,
    9.110416666666666,
    9.515625,
    9.840625,
    10.110416666666666,
    10.245833333333334,
    10.505208333333334,
    10.853125,
    11.14375,
    11.502083333333333
  ],
  "Open Hi Hat": [
    0.4552083333333333,
    0.7010416666666667,
    0.9625,
    1.4708333333333332,
    1.7072916666666667,
    1.9697916666666666,
    2.2177083333333334,
    2.466666666666667,
    2.696875,
    2.9677083333333334,
    3.2083333333333335,
    3.4760416666666667,
    3.70625,
    4.207291666666666,
    4.495833333333334,
    4.751041666666667,
    4.988541666666666,
    5.234375,
    5.503125,
    5.754166666666666,
    6.002083333333333,
    6.528125,
    6.751041666666667,
    6.997916666666667,
    7.2437499999999995,
    7.495833333333334,
    7.719791666666667,
    8.234375,
    8.509375,
    8.735416666666666,
    8.997916666666667,
    9.240625,
    9.509375,
    9.739583333333334,
    10.002083333333333,
    10.264583333333333,
    10.507291666666667,
    10.746875,
    11.0,
    11.255208333333334,
    11.510416666666666,
    11.738541666666666
  ],
  "Bass Drum 1": [
    0.9822916666666667,
    1.9645833333333333,
    2.959375,
    3.216666666666667,
    3.603125,
    3.971875,
    4.976041666666666,
    5.235416666666667,
    5.998958333333333,
    6.409375,
    6.7749999999999995,
    6.994791666666667,
    7.38125,
    7.71875,
    7.975,
    8.388541666666667,
    9.24375,
    9.416666666666666,
    9.763541666666667,
    10.001041666666666,
    10.397916666666667,
    11.234375,
    11.738541666666666
  ],
  "Crash Cymbal 1": [
    3.9729166666666664,
    7.971875
  ]
}