{
  "Closed Hi Hat": [
    0.014423031250000001,
    0.3240374354166667
  ],
  "Acoustic Snare": [
    0.1096150375,
    0.41826790625,
    0.7336515229166667,
    0.94615085,
    1.2326884041666666,
    1.54614895,
    1.7538406,
    2.0307628,
    2.3615309833333336,
    2.5653764916666666,
    2.87018321875,
    3.19902833125,
    3.3999892333333332,
    3.6153731666666666
  ],
  "Ride Cymbal 1": [
    0.20961472083333332,
    0.36538345833333336,
    0.6269210916666667,
    1.0307659666666666,
    1.4384569833333334,
    1.8423018583333333,
    1.9971090604166668,
    2.2374929145833335,
    2.66249156875,
    3.0942209708333333,
    3.50479659375
  ],
  "Open Hi Hat": [
    0.5374982979166667,
    1.3432649770833334,
    2.14326244375,
    2.9922982166666667
  ],
  "Bass Drum 1": [
    0.80480514375,
    1.1134580125,
    1.64134095625,
    1.9423015416666667,
    2.4471076354166668,
    2.7759527479166666,
    3.315374116666667
  ]
}