{
  "Bass Drum 1": [
    0.00375,
    1.48,
    2.395,
    3.88375,
    4.815,
    6.327500000000001,
    7.1875,
    8.70625,
    9.61375,
    11.11375,
    11.7075,
    12.00625,
    13.526250000000001
  ],
  "Crash Cymbal 1": [
    0.0075
  ],
  "Acoustic Snare": [
    0.62625,
    1.05375,
    1.33625,
    1.78,
    3.00875,
    3.47,
    3.77,
    4.2075000000000005,
    5.42,
    5.88625,
    6.18875,
    6.62625,
    7.796250000000001,
    8.265,
    8.57,
    9.015,
    10.21,
    10.67375,
    10.985,
    11.42125,
    12.0025,
    12.6075,
    13.0725,
    13.3725,
    13.815
  ],
  "Ride Cymbal 1": [
    0.63,
    0.895,
    1.17875,
    1.475,
    1.78125,
    2.1037500000000002,
    2.39125,
    2.69875,
    3.0125,
    3.30625,
    3.5725000000000002,
    3.90625,
    4.2125,
    4.51125,
    4.81375,
    5.135,
    5.42875,
    5.70875,
    5.99125,
    6.315,
    6.62375,
    6.89875,
    7.1775,
    7.4775,
    7.796250000000001,
    8.09375,
    8.37625,
    8.68875,
    9.01375,
    9.31,
    9.6,
    9.90875,
    10.21,
    10.5075,
    10.8025,
    11.11,
    11.42,
    11.713750000000001,
    11.9925,
    12.2975,
    12.61,
    12.9025,
    13.205,
    13.508750000000001,
    13.81375,
    14.106250000000001
  ],
  "High Floor Tom": [
    11.9975
  ]
}