{
  "Bass Drum 1": [
    0.0,
    0.45394668749999995,
    0.9118407374999999,
    1.263156,
    1.7078921749999998
  ],
  "Acoustic Snare": [
    0.1276313875,
    0.29999954999999995,
    0.5842096499999999,
    0.7513146624999999
  ],
  "Closed Hi Hat": [
    0.26842065,
    0.8973670749999999,
    1.5184187749999998,
    2.1776283124999996
  ],
  "High Tom": [
    1.0815773249999998,
    1.3986821124999997,
    1.5618397624999998
  ],
  "High Floor Tom": [
    1.8789445499999997
  ]
}