{
  "Bass Drum 1": [
    0.028125,
    0.646875
  ],
  "Ride Cymbal 1": [
    0.04479166666666667,
    0.26875,
    0.5010416666666666,
    0.7395833333333334
  ],
  "Acoustic Snare": [
    0.2635416666666667,
    0.7395833333333334,
    0.9895833333333334,
    1.1260416666666666,
    1.2395833333333333,
    1.3635416666666667
  ],
  "Closed Hi Hat": [
    0.9645833333333333,
    1.1885416666666666,
    1.4322916666666667,
    1.6645833333333333
  ],
  "High Tom": [
    1.48125,
    1.60625
  ],
  "High Floor Tom": [
    1.7239583333333333
  ]
}