{
  "Closed Hi Hat": [
    0.009210512499999999,
    0.9052617999999999,
    1.8631550999999997
  ],
  "Acoustic Snare": [
    0.16578922499999998,
    0.3197363625,
    1.0855246875,
    1.2486823374999998,
    2.0236811749999997,
    2.1868388249999997
  ],
  "Bass Drum 1": [
    0.45526247499999994,
    1.4052610499999998,
    2.36315435
  ],
  "High Tom": [
    0.6355253624999999
  ],
  "High Floor Tom": [
    1.5618397624999998
  ]
}