{
  "Closed Hi Hat": [
    0.0
  ],
  "Bass Drum 1": [
    0.0,
    1.6947343
  ],
  "High Floor Tom": [
    0.28947324999999996,
    1.8671024625
  ],
  "Acoustic Snare": [
    0.64736745,
    0.7855251374999999,
    0.9460512124999999,
    1.0934194124999999,
    1.2394718249999999,
    1.4065768374999998,
    1.5578923999999998,
    1.8789445499999997
  ]
}