{
  "Closed Hi Hat": [
    0.0,
    0.4763150749999999
  ],
  "Bass Drum 1": [
    0.007894724999999998,
    0.4776308625,
    0.9131565249999999,
    1.2421034,
    1.69999745,
    1.9697338875
  ],
  "Acoustic Snare": [
    0.1565787125,
    0.318420575,
    0.6249990624999999,
    0.7842093499999999,
    1.0921036249999998,
    1.407892625,
    1.5578923999999998,
    1.8710498249999998,
    2.1789441
  ],
  "High Floor Tom": [
    0.1618418625,
    0.3249995125,
    0.634209575,
    0.7986830125,
    1.0960509875
  ],
  "High Tom": [
    1.4144715625,
    1.5618397624999998
  ],
  "Crash Cymbal 1": [
    1.8723656124999999,
    2.1723651625
  ]
}