{
  "Acoustic Snare": [
    0.92272635,
    0.9761353875000001,
    1.0011353625000001,
    1.0215898875,
    1.1011352625000002,
    1.9147708125000003
  ],
  "High Tom": [
    1.4863621500000002
  ],
  "High Floor Tom": [
    1.5454530000000002
  ],
  "Bass Drum 1": [
    1.6170438375
  ]
}