{
  "Acoustic Snare": [
    0.0,
    0.39736782499999995,
    0.9092091625,
    1.2249981625,
    1.3631558499999998,
    1.5236819249999998
  ],
  "High Tom": [
    0.45526247499999994,
    1.6723659124999999,
    1.8381551374999998,
    1.9855233374999999
  ],
  "High Floor Tom": [
    0.5473676
  ],
  "Bass Drum 1": [
    0.6092096124999999
  ],
  "Closed Hi Hat": [
    1.2118402874999998,
    1.9999969999999998
  ]
}