{
  "Acoustic Snare": [
    0.0,
    0.6355253624999999,
    1.0881562624999999,
    1.3986821124999997,
    1.5644713375,
    2.1631546499999996
  ],
  "Bass Drum 1": [
    0.30394691249999994,
    0.9499985749999998
  ],
  "Open Hi Hat": [
    0.3092100625,
    0.9394722749999999
  ],
  "Closed Hi Hat": [
    1.2657875749999998
  ],
  "High Tom": [
    1.7078921749999998,
    1.8552603749999999
  ],
  "High Floor Tom": [
    2.0065759374999996
  ]
}