{
  "High Tom": [
    1.0999989000000001,
    1.3602259125,
    1.4852257875000001,
    1.7397709875
  ],
  "Acoustic Snare": [
    1.1079534375000002,
    1.3556804625,
    1.4999985,
    1.7465891625
  ],
  "Bass Drum 1": [
    1.8909072000000002
  ]
}