{
  "High Floor Tom": [
    0.05131571249999999,
    0.19605233749999998,
    0.48815716249999996,
    0.6407885124999999,
    0.9157880999999999,
    1.2328928874999998
  ],
  "Bass Drum 1": [
    0.053947287499999996,
    0.49473609999999996,
    0.9078933749999999,
    1.2276297374999998,
    1.6749974874999998,
    2.1486809874999997
  ],
  "Closed Hi Hat": [
    0.29605218749999995,
    0.8947354999999999,
    1.5013135374999997,
    2.1381546874999997
  ],
  "Acoustic Snare": [
    0.34210474999999996,
    0.7828935624999999,
    1.0828931124999999,
    1.3907873874999999,
    1.5355240124999998,
    1.8052604499999998,
    2.2986807624999996
  ],
  "High Tom": [
    1.684208,
    1.9907864874999999,
    2.1486809874999997
  ]
}