{
  "Acoustic Snare": [
    0.002272725,
    0.1363635,
    0.3943177875,
    0.5465903625,
    0.6647720625000001,
    0.9193172625000001,
    1.0738625625,
    1.3306804875
  ],
  "Bass Drum 1": [
    1.4511349125000002
  ],
  "High Floor Tom": [
    1.5988620375000002
  ],
  "High Tom": [
    1.7443164375000002
  ]
}