{
  "Acoustic Snare": [
    0.0,
    0.1306816875,
    0.379545075,
    0.520454025,
    0.6579538875000001,
    0.9124990875000001,
    1.0715898375000001,
    1.3124986875000002
  ],
  "Bass Drum 1": [
    1.4579530875000002
  ],
  "High Floor Tom": [
    1.5863620500000002
  ],
  "High Tom": [
    1.7443164375000002
  ]
}