{
  "Bass Drum 1": [
    0.0026315749999999997,
    0.46052562499999994,
    0.9197354624999999,
    1.25789285,
    1.6868395749999998
  ],
  "Closed Hi Hat": [
    0.2776311625,
    0.9197354624999999,
    1.5407871624999998,
    2.192101975
  ],
  "High Tom": [
    0.7657883249999999,
    1.0842089
  ],
  "Acoustic Snare": [
    1.381576875,
    1.5355240124999998,
    1.8618393125
  ],
  "High Floor Tom": [
    1.8671024625
  ]
}