{
  "Bass Drum 1": [
    0.0,
    0.46052562499999994,
    0.9460512124999999,
    1.2605244249999998,
    1.7144711124999998,
    2.1684178
  ],
  "Closed Hi Hat": [
    0.29736797499999995,
    0.9249986124999999,
    1.5302608624999998,
    2.1723651625
  ],
  "Acoustic Snare": [
    1.1026299249999998,
    1.3960505374999999,
    1.5421029499999999,
    1.7210500499999999,
    1.8631550999999997,
    2.0236811749999997,
    2.2947333999999997
  ]
}