{
  "Acoustic Snare": [
    0.0,
    0.120454425,
    0.37045417500000005,
    0.43863592500000004,
    0.5261358375,
    0.6602266125,
    0.9306808875000001,
    1.0022717250000002,
    1.0920443625
  ],
  "High Tom": [
    1.3534077375000002,
    1.62272565,
    1.7647709625
  ],
  "Bass Drum 1": [
    1.4784076125
  ]
}