{
  "Acoustic Snare": [
    0.0079545375,
    0.5352267375,
    1.0829534625000001,
    1.2170442375000001,
    1.3602259125,
    1.4965894125,
    1.6284074625000002
  ],
  "Bass Drum 1": [
    0.1329544125,
    0.6874993125000001,
    1.7568164250000002
  ],
  "Open Hi Hat": [
    0.143181675,
    0.6965902125000001
  ],
  "Closed Hi Hat": [
    0.48863587500000005,
    1.079544375
  ]
}