{
  "Bass Drum 1": [
    0.023684175,
    0.46315719999999994,
    0.9144723124999999,
    1.2342086749999999,
    1.7052606,
    2.1618388625,
    2.4855225874999998
  ],
  "Closed Hi Hat": [
    0.2644732875,
    0.8973670749999999,
    1.5421029499999999,
    2.1684178
  ],
  "Acoustic Snare": [
    0.7407883624999999,
    1.0394721249999999,
    1.207892925,
    1.3631558499999998,
    1.5013135374999997,
    1.6631553999999997,
    1.8355235624999997,
    1.9855233374999999,
    2.2986807624999996
  ]
}