{
  "Acoustic Snare": [
    0.024122770833333335,
    0.18530673958333335,
    0.27631537500000003,
    0.3936397604166667,
    0.5285079791666667,
    0.671051625,
    0.7872795208333334,
    0.9243407187500001,
    1.0504370208333333,
    1.1962701354166667,
    1.302629625,
    1.5679801041666668,
    1.828944625
  ],
  "Bass Drum 1": [
    0.026315750000000002,
    0.5307009583333334,
    1.0416651041666667
  ]
}