{
  "Crash Cymbal 1": [
    0.0,
    4.7575,
    14.373750000000001,
    23.9525,
    43.1475
  ],
  "Bass Drum 1": [
    0.0,
    0.28625,
    0.91625,
    1.22125,
    1.6475,
    2.25375,
    2.52625,
    2.6675,
    4.57625,
    4.77125,
    5.045,
    5.705,
    6.0025,
    6.47,
    7.10125,
    7.3775,
    7.48625,
    8.0825,
    8.385,
    8.8275,
    9.46125,
    9.8925,
    10.4925,
    10.807500000000001,
    11.26,
    11.87125,
    12.14875,
    12.27375,
    14.21625,
    14.37125,
    14.668750000000001,
    15.295,
    15.6125,
    16.083750000000002,
    16.673750000000002,
    16.92875,
    17.06625,
    17.6675,
    17.9875,
    18.42875,
    19.065,
    19.33625,
    19.47125,
    20.07,
    20.38625,
    20.84625,
    23.75,
    23.95625,
    24.28,
    24.85625,
    25.1825,
    25.63125,
    26.25,
    26.525000000000002,
    26.66,
    27.24875,
    27.560000000000002,
    28.0325,
    28.6275,
    28.91125,
    29.04375,
    29.6025,
    29.925,
    30.44,
    31.0725,
    31.330000000000002,
    31.4675,
    33.89875,
    34.495,
    34.8125,
    35.255,
    35.8575,
    36.136250000000004,
    36.268750000000004,
    36.85875,
    37.18,
    37.65125,
    38.7275,
    39.31875,
    39.615,
    40.06,
    43.00875,
    43.15375
  ],
  "Closed Hi Hat": [
    0.275,
    0.4275,
    0.58125,
    0.74375,
    0.89375,
    1.0525,
    1.2,
    1.36125,
    1.4775,
    1.7875,
    2.085,
    2.23875,
    2.38,
    2.5325,
    2.66125,
    2.81875,
    2.9575,
    3.1012500000000003,
    3.23625,
    3.795,
    4.61,
    4.905,
    5.0525,
    5.21375,
    5.3875,
    5.53125,
    5.69625,
    5.8412500000000005,
    5.99375,
    6.15,
    6.2875000000000005,
    6.595,
    6.8875,
    7.04875,
    7.1850000000000005,
    7.3425,
    7.46875,
    7.63875,
    7.7562500000000005,
    7.9025,
    8.06625,
    8.2225,
    8.375,
    8.53,
    8.675,
    8.98875,
    9.265,
    9.44125,
    9.585,
    9.74375,
    9.89625,
    10.040000000000001,
    10.17875,
    10.33125,
    10.485,
    10.620000000000001,
    10.793750000000001,
    10.9475,
    11.07875,
    11.39125,
    11.67875,
    11.8425,
    11.9825,
    12.13,
    12.26875,
    12.44375,
    12.55625,
    12.713750000000001,
    12.8475,
    12.998750000000001,
    13.13625,
    13.28375,
    13.76,
    14.8475,
    14.9875,
    15.145,
    15.295,
    15.455,
    15.59875,
    15.766250000000001,
    15.88875,
    16.20375,
    16.4925,
    16.646250000000002,
    16.795,
    16.95625,
    17.06875,
    17.236250000000002,
    17.365000000000002,
    17.525000000000002,
    17.6675,
    17.815,
    17.965,
    18.125,
    18.2475,
    18.57625,
    18.84875,
    19.021250000000002,
    19.155,
    19.31375,
    19.45625,
    19.61625,
    19.74625,
    19.91625,
    20.0625,
    20.21125,
    20.36625,
    20.5225,
    20.65875,
    20.990000000000002,
    21.302500000000002,
    21.45625,
    21.58875,
    21.89,
    22.44125,
    23.82125,
    24.035,
    24.105,
    24.26375,
    24.4475,
    24.587500000000002,
    24.745,
    24.8775,
    25.01625,
    25.173750000000002,
    25.33875,
    25.44875,
    25.78125,
    26.0575,
    26.235,
    26.37875,
    26.53,
    26.677500000000002,
    26.8425,
    26.9575,
    27.105,
    27.26875,
    27.42,
    27.5675,
    27.73125,
    27.875,
    28.19625,
    28.46375,
    28.6325,
    28.778750000000002,
    28.923750000000002,
    29.045,
    29.212500000000002,
    29.3425,
    29.50125,
    29.63875,
    29.79125,
    29.94125,
    30.09,
    30.23875,
    30.58625,
    30.875,
    31.05375,
    31.19,
    31.34875,
    31.46375,
    31.6475,
    31.767500000000002,
    31.907500000000002,
    32.065,
    32.20875,
    32.58125,
    32.66875,
    32.8275,
    33.1375,
    33.39625,
    34.08,
    34.21125,
    34.365,
    34.518750000000004,
    34.665,
    34.792500000000004,
    34.95375,
    35.0775,
    35.4,
    35.8425,
    35.97875,
    36.125,
    36.265,
    36.445,
    36.56375,
    36.71625,
    36.87375,
    37.0275,
    37.17375,
    37.331250000000004,
    37.45125,
    37.80375,
    38.081250000000004,
    38.27375,
    38.39875,
    38.56125,
    38.69375,
    38.865,
    39.011250000000004,
    39.16875,
    39.32125,
    39.475,
    39.61125,
    39.77625,
    39.90125,
    40.21375,
    40.487500000000004,
    40.6475,
    40.785000000000004,
    41.37625,
    43.01375
  ],
  "Acoustic Snare": [
    1.78375,
    1.94,
    3.435,
    3.48625,
    3.52875,
    3.54875,
    3.705,
    3.85875,
    3.9975,
    4.16375,
    6.585,
    6.755,
    8.9875,
    9.14875,
    11.3825,
    11.5475,
    13.465,
    13.606250000000001,
    13.762500000000001,
    16.1875,
    16.375,
    18.55875,
    18.7325,
    20.98,
    21.15375,
    21.771250000000002,
    21.81125,
    21.84875,
    22.03,
    22.075,
    22.11,
    22.20125,
    22.35375,
    22.51875,
    22.95375,
    23.1,
    25.76875,
    25.94,
    28.17625,
    28.34,
    30.58625,
    30.747500000000002,
    32.3525,
    32.98125,
    35.3875,
    35.52125,
    37.8075,
    37.94375,
    40.21375,
    40.35375,
    40.40125,
    40.96375,
    41.0,
    41.02625,
    41.0875,
    41.2325,
    41.25625,
    41.2975,
    41.385,
    41.54,
    41.97875,
    42.128750000000004,
    42.2775,
    42.71375,
    42.85875
  ],
  "High Tom": [
    4.315,
    13.92125,
    22.65375,
    23.25,
    41.68875,
    41.8275,
    42.43
  ],
  "High Floor Tom": [
    4.465,
    14.0675,
    22.8075,
    23.38875,
    23.525000000000002,
    23.675
  ],
  "Open Hi Hat": [
    32.5075,
    33.27375
  ],
  "Low-Mid Tom": [
    42.5725
  ]
}