{
  "Closed Hi Hat": [
    0.0,
    1.0075423645833335,
    1.4989213145833333,
    2.27909315625,
    2.535558485416667,
    2.78340313125,
    3.0495667291666666,
    3.2866355208333333,
    3.54310085
  ],
  "High Floor Tom": [
    0.017241366666666667,
    0.26185325625,
    0.5237065125,
    0.7607753041666667,
    1.021550975,
    1.26724045,
    1.5344816333333333,
    1.7790935229166667,
    3.5614198020833334
  ],
  "High Tom": [
    0.010775854166666668,
    0.24999981666666668,
    0.50754273125,
    0.7478442791666667,
    1.0064647791666668,
    1.26400769375,
    1.52586095,
    1.771550425,
    3.06788568125,
    3.185342491666667,
    3.3124975708333335,
    3.4234888687500002
  ],
  "Acoustic Snare": [
    2.0549553895833332,
    2.16917944375,
    2.30172245,
    2.42779994375,
    2.56034295,
    2.681032516666667,
    2.8092651812500002,
    2.9418081875
  ]
}