{
  "Acoustic Snare": [
    0.00451806875,
    0.16265047500000002,
    0.957830575,
    1.2906616395833335,
    2.0240948,
    2.203311527083333
  ],
  "High Tom": [
    0.3403611791666667
  ],
  "Low-Mid Tom": [
    1.4668663208333335
  ],
  "High Floor Tom": [
    2.39005836875,
    2.5632510041666667
  ]
}