{
  "Acoustic Snare": [
    0.007415260416666667,
    0.12500010416666668,
    0.4809326041666667,
    0.6038140625,
    0.9904669270833334,
    1.1228822916666668,
    1.2478823958333334,
    1.3675858854166667
  ],
  "High Tom": [
    0.24470359375000003,
    0.36546640625000004,
    0.7383480729166667,
    0.8654668229166668
  ],
  "Low-Mid Tom": [
    1.5000012500000002,
    1.63665390625
  ],
  "High Floor Tom": [
    1.7521201041666667,
    1.8728829166666667
  ],
  "Bass Drum 1": [
    1.996823697916667
  ],
  "Crash Cymbal 1": [
    1.996823697916667
  ]
}