{
  "Acoustic Snare": [
    0.0,
    0.50625,
    0.9927083333333333,
    1.4979166666666666,
    1.984375,
    2.5083333333333333,
    2.6458333333333335,
    2.696875,
    2.9947916666666665,
    3.0541666666666667,
    3.134375,
    3.175,
    3.20625,
    3.482291666666667,
    3.533333333333333,
    3.982291666666667,
    4.501041666666667,
    4.975,
    5.092708333333333
  ],
  "Open Hi Hat": [
    0.003125,
    0.21562499999999998,
    0.5083333333333333,
    0.9989583333333333,
    1.2302083333333333,
    1.496875,
    2.24375,
    2.5104166666666665,
    2.746875,
    2.9895833333333335,
    3.4885416666666664,
    3.74375,
    3.9875,
    4.209375,
    4.491666666666666,
    4.742708333333333
  ],
  "Bass Drum 1": [
    0.121875,
    0.28125,
    0.42604166666666665,
    0.740625,
    1.2354166666666666,
    1.3989583333333333,
    1.7416666666666667,
    2.2354166666666666,
    2.745833333333333,
    2.872916666666667,
    3.221875,
    3.709375,
    4.258333333333333
  ],
  "Crash Cymbal 1": [
    1.978125
  ],
  "High Tom": [
    5.228125,
    5.353125
  ],
  "Low-Mid Tom": [
    5.484375,
    5.616666666666666
  ],
  "High Floor Tom": [
    5.753125
  ]
}