{
  "Bass Drum 1": [
    0.060526224999999996,
    0.4776308625,
    0.9236828249999999,
    1.2381560374999998,
    1.68947115,
    2.1434178375,
    2.4552594749999996
  ],
  "Acoustic Snare": [
    0.16315765,
    0.32105215,
    0.46184141249999994,
    0.7539462374999999,
    1.05789315
  ],
  "Closed Hi Hat": [
    0.2671048625,
    0.9210512499999999,
    1.5315766499999999,
    2.160523075
  ],
  "High Tom": [
    1.2355244625,
    1.381576875,
    1.5434187375
  ],
  "High Floor Tom": [
    1.8342077749999999,
    1.9999969999999998,
    2.3092070624999996
  ]
}