{
  "Bass Drum 1": [
    0.197727075,
    1.4693167125000002
  ],
  "High Tom": [
    0.35909055,
    0.6454539,
    1.7715891375000001
  ],
  "Acoustic Snare": [
    0.9159081750000001,
    1.0772716500000001,
    1.3374986625
  ],
  "High Floor Tom": [
    1.6261347375000001
  ]
}