{
  "Acoustic Snare": [
    0.037499962500000004,
    1.3693168125000001
  ],
  "Bass Drum 1": [
    0.29886333750000005,
    1.4863621500000002
  ],
  "High Tom": [
    0.4147723125,
    0.6920447625,
    0.94090815,
    1.1090898,
    1.7795436750000002
  ],
  "High Floor Tom": [
    1.6443165375000002
  ]
}