{
  "Bass Drum 1": [
    0.021052599999999998,
    0.4710519249999999,
    0.9039460125,
    1.2315770999999998,
    1.7315763499999999,
    2.192101975
  ],
  "Acoustic Snare": [
    0.17894709999999997,
    0.3197363625,
    0.48420979999999997,
    0.62631485,
    0.7894724999999999,
    1.08947205,
    1.1671035124999998,
    1.2657875749999998,
    1.407892625,
    1.5486818875,
    1.7078921749999998
  ],
  "Closed Hi Hat": [
    0.29736797499999995,
    0.9144723124999999,
    1.5486818875,
    2.1855230375
  ],
  "High Tom": [
    1.8749971874999998,
    2.1855230375
  ]
}