{
  "Acoustic Snare": [
    0.9488626875,
    0.9920444625000001,
    1.0170444375,
    1.0965898125,
    1.3556804625
  ],
  "Bass Drum 1": [
    1.47727125
  ],
  "High Floor Tom": [
    1.629543825
  ],
  "High Tom": [
    1.7443164375000002
  ]
}