{
  "Bass Drum 1": [
    0.0026315749999999997,
    0.46710456249999993,
    0.9394722749999999,
    1.2618402125,
    1.7078921749999998,
    2.192101975,
    2.38420695
  ],
  "Acoustic Snare": [
    0.16710501249999998,
    0.3223679375,
    0.7592093874999999,
    0.9394722749999999,
    1.2592086374999998,
    1.5644713375,
    2.01578645,
    2.1907861874999996
  ],
  "Closed Hi Hat": [
    0.30526269999999994,
    0.9394722749999999,
    1.5592081875,
    2.1789441
  ],
  "High Tom": [
    0.6144727624999999,
    1.8710498249999998
  ],
  "High Floor Tom": [
    1.1013141375,
    1.4210504999999998
  ]
}