{
  "High Tom": [
    0.9045445500000001,
    0.9647717625000001,
    1.0806807375,
    1.4715894375
  ],
  "High Floor Tom": [
    1.8499981500000002
  ]
}