{
  "Bass Drum 1": [
    0.015789449999999997,
    0.4723677124999999,
    0.9565775124999999,
    1.2815770249999998,
    1.7263131999999999,
    2.1986809125
  ],
  "High Tom": [
    0.155262925,
    1.1157877999999999,
    1.4289452249999999,
    2.3592069875
  ],
  "Acoustic Snare": [
    0.29078903749999996,
    0.45263089999999995,
    0.7828935624999999,
    0.9394722749999999,
    1.2499981249999998,
    1.5644713375,
    1.7210500499999999,
    2.0368390499999998,
    2.1947335499999996,
    2.3565754125
  ],
  "Closed Hi Hat": [
    0.33026266249999997,
    0.9447354249999999,
    1.5592081875,
    2.2078914249999997
  ],
  "High Floor Tom": [
    0.63684115,
    1.8828919124999999
  ]
}