{
  "Bass Drum 1": [
    0.021052599999999998,
    0.46842034999999993,
    0.9486827874999999,
    1.2776296624999999,
    1.7276289874999997
  ],
  "High Floor Tom": [
    0.17631552499999997,
    1.8828919124999999
  ],
  "Closed Hi Hat": [
    0.260525925,
    0.9460512124999999,
    1.576313425,
    2.210523
  ],
  "Acoustic Snare": [
    0.34210474999999996,
    0.47894665,
    0.7736830499999999,
    0.9355249124999999,
    1.2499981249999998,
    1.5592081875,
    2.0342074749999997
  ],
  "High Tom": [
    0.62631485,
    1.1144720124999998,
    1.4289452249999999
  ]
}