{
  "Acoustic Snare": [
    1.111362525,
    1.3556804625,
    1.5034075875000001,
    1.7454528000000002
  ],
  "High Tom": [
    1.1102261625,
    1.5056803125000002
  ],
  "High Floor Tom": [
    1.8988617375
  ]
}