{
  "High Tom": [
    1.111362525,
    1.5090894000000001
  ],
  "Ride Cymbal 1": [
    1.111362525,
    1.3556804625,
    1.4999985,
    1.7431800750000002,
    1.893179925
  ],
  "High Floor Tom": [
    1.8909072000000002
  ]
}