{
  "Bass Drum 1": [
    0.030263112499999998,
    0.45920983749999994,
    0.9342091249999999,
    1.2394718249999999,
    1.6947343,
    2.1855230375
  ],
  "High Tom": [
    0.16578922499999998,
    1.0960509875,
    1.3894715999999998
  ],
  "Closed Hi Hat": [
    0.28289431249999997,
    0.9144723124999999,
    1.5236819249999998,
    2.1986809125
  ],
  "Acoustic Snare": [
    0.32105215,
    0.7763146249999999,
    0.9394722749999999,
    1.2144718625,
    1.5302608624999998,
    1.9934180624999998,
    2.3486806875
  ],
  "High Floor Tom": [
    0.628946425,
    1.8631550999999997
  ],
  "Ride Cymbal 1": [
    2.3539438374999997
  ]
}