{
  "High Floor Tom": [
    0.665908425,
    0.7124992875
  ],
  "Bass Drum 1": [
    0.8090901
  ],
  "Acoustic Snare": [
    1.0670443875000002
  ],
  "High Tom": [
    1.3352259375000002,
    1.4977257750000001,
    1.7420437125000001,
    1.8988617375
  ]
}