{
  "High Tom": [
    0.7147720125000001,
    1.3829531625,
    1.5170439375000002
  ],
  "High Floor Tom": [
    0.7602265125000001,
    1.7613618750000002
  ],
  "Bass Drum 1": [
    0.8272719000000001
  ],
  "Acoustic Snare": [
    1.0954534500000002,
    1.90454355
  ]
}