{
  "Closed Hi Hat": [
    0.0,
    0.265475925,
    0.53571375,
    0.810713475,
    1.082141775,
    1.351189125,
    1.6297602750000002,
    1.9214266500000001
  ],
  "Acoustic Snare": [
    0.9559514250000001,
    1.027379925,
    1.1095227,
    1.3738081500000001,
    1.523808,
    1.7916648750000002,
    1.9369028250000002
  ]
}