{
  "High Tom": [
    0.6602266125
  ],
  "High Floor Tom": [
    0.715908375
  ],
  "Bass Drum 1": [
    0.7874992125000001,
    1.7386346250000002
  ],
  "Acoustic Snare": [
    1.0579534875,
    1.3409077500000002,
    1.4727258,
    1.8579526875,
    2.0022707250000003
  ],
  "Open Hi Hat": [
    1.7420437125000001
  ],
  "Closed Hi Hat": [
    1.8909072000000002
  ]
}