{
  "Closed Hi Hat": [
    0.0095238,
    0.27380925,
    0.7976182500000001,
    1.0797608250000001,
    1.3619034,
    1.6476174000000001,
    1.952379
  ],
  "High Tom": [
    0.9619038000000001,
    1.0333323,
    1.072617975,
    1.117856025,
    1.5059508750000001,
    1.677379275,
    1.93095045
  ]
}