{
  "High Tom": [
    0.6727266000000001
  ],
  "High Floor Tom": [
    0.7511356125
  ],
  "Bass Drum 1": [
    0.8193173625000001,
    1.7397709875
  ],
  "Acoustic Snare": [
    1.0943170875000001,
    1.3647713625000002,
    1.4727258,
    1.8772708500000002
  ],
  "Open Hi Hat": [
    1.7556800625000002
  ],
  "Closed Hi Hat": [
    1.8829526625000002
  ]
}