{
  "Acoustic Snare": [
    0.0,
    0.14364013541666668,
    0.24561366666666667,
    0.3804818854166667,
    0.5186395729166667,
    0.64144640625,
    0.76315675,
    0.9089898645833334,
    1.0405686145833335,
    1.15460353125,
    1.2872787708333335,
    1.5581116979166667,
    1.8179797291666668
  ],
  "Bass Drum 1": [
    0.0,
    0.5010957395833334,
    1.0405686145833335
  ]
}