{
  "Bass Drum 1": [
    0.9885416666666667,
    1.946875
  ],
  "Acoustic Snare": [
    1.1552083333333334,
    1.309375,
    1.471875,
    1.7729166666666667
  ],
  "Crash Cymbal 1": [
    1.9552083333333332
  ]
}