{
  "Closed Hi Hat": [
    0.0,
    0.4859910229166667,
    0.9730596312500001,
    1.4978437291666666,
    2.283403497916667,
    2.5560326083333336,
    2.8200410354166667,
    3.8448247666666666
  ],
  "Acoustic Snare": [
    0.008620683333333334,
    0.37392213958333337,
    0.43642209375,
    0.47737033958333336,
    0.49999963333333336,
    0.8836200416666667,
    0.9471975812500001,
    1.0107751208333333,
    1.3954731145833335,
    1.44504204375,
    1.5075419979166667,
    1.9073261875,
    1.9752140687500002,
    2.056032975,
    2.5754291458333336,
    2.807110010416667,
    3.0840494625000003
  ],
  "Bass Drum 1": [
    2.2025845916666666,
    2.4525844083333332,
    2.7112049083333334,
    2.968747822916667,
    3.4471957479166666
  ],
  "Open Hi Hat": [
    2.212282860416667,
    2.45689475,
    2.69935146875,
    2.9622823104166667
  ],
  "High Tom": [
    3.2316786645833333,
    3.369609597916667
  ],
  "High Floor Tom": [
    3.5926697791666666
  ]
}