{
  "Acoustic Snare": [
    0.16716854375,
    0.26054196458333334,
    0.3493973166666667,
    0.5225899520833334,
    0.6942765645833333,
    0.8689752229166667,
    1.7725889729166666,
    1.9352394479166668
  ],
  "High Tom": [
    1.04367388125
  ],
  "Low-Mid Tom": [
    2.1219862895833335
  ],
  "High Floor Tom": [
    2.3102391541666667,
    2.5075281562500003
  ]
}