{
  "Bass Drum 1": [
    0.02875,
    0.61375,
    1.19,
    1.75875,
    2.3525,
    2.95,
    3.565,
    4.12125,
    4.77375,
    5.385,
    5.995,
    6.5725,
    7.18125,
    7.78,
    8.370000000000001,
    8.66,
    9.265,
    9.56,
    10.77,
    11.97125,
    13.182500000000001,
    14.37125,
    16.75125
  ],
  "Closed Hi Hat": [
    0.04,
    0.3275,
    0.62,
    0.9087500000000001,
    1.21,
    1.49125,
    1.77875,
    2.08375,
    2.3625000000000003,
    2.66,
    2.9675000000000002,
    3.2675,
    3.5812500000000003,
    3.85625,
    4.14,
    4.4825,
    4.78875,
    5.0912500000000005,
    5.39625,
    5.6937500000000005,
    5.99625,
    6.2975,
    6.445,
    6.5825000000000005,
    6.905,
    7.1925,
    7.49,
    7.78,
    8.085,
    8.36875,
    8.963750000000001,
    8.981250000000001,
    9.5525,
    9.56,
    9.86625,
    10.182500000000001,
    10.4975,
    10.78375,
    11.07375,
    11.2175,
    11.36875,
    11.68625,
    11.97875,
    12.2975,
    12.5825,
    12.89625,
    13.18875,
    13.481250000000001,
    13.6175,
    13.77125,
    14.09125,
    14.235,
    14.38,
    14.67625,
    14.82375,
    14.95375,
    15.258750000000001,
    15.40875,
    16.75125
  ],
  "Acoustic Snare": [
    1.78375,
    4.1425,
    6.59,
    8.977500000000001,
    10.1875,
    11.37125,
    12.5825,
    13.780000000000001,
    14.965
  ],
  "Open Hi Hat": [
    8.6725,
    9.27125
  ]
}