{
  "Low-Mid Tom": [
    0.7266955208333334,
    1.2309332291666668,
    2.5349597395833334,
    3.8029692708333336,
    4.055088125,
    4.308266302083334,
    5.573097864583334,
    5.7023352604166675
  ],
  "Acoustic Snare": [
    0.9904669270833334,
    1.4809334375,
    1.7627133333333336,
    2.2658917187500003,
    2.5381377083333336,
    2.7796633333333336,
    2.92055328125,
    3.0550872916666667,
    3.188561979166667,
    3.557206354166667,
    3.814621822916667,
    4.29979171875,
    4.689622552083334,
    4.75741921875,
    4.829453177083334,
    4.948097343750001,
    5.06886015625,
    5.1980975520833335
  ],
  "High Floor Tom": [
    1.75741671875,
    2.01165421875,
    5.836869270833334,
    5.95233546875
  ],
  "High Tom": [
    3.315680729166667,
    3.4364435416666668,
    5.328394270833334,
    5.449157083333334
  ],
  "Closed Hi Hat": [
    3.4925876562500004,
    5.630301302083334
  ],
  "Bass Drum 1": [
    6.069920312500001
  ],
  "Crash Cymbal 1": [
    6.0900474479166675
  ]
}