{
  "High Tom": [
    0.0,
    1.3489583333333333,
    1.4927083333333333,
    2.8375,
    2.982291666666667,
    4.3375,
    4.485416666666667
  ],
  "Bass Drum 1": [
    0.128125,
    0.5041666666666667,
    0.8677083333333333,
    1.2479166666666666,
    1.628125,
    2.013541666666667,
    2.38125,
    2.740625,
    3.0875,
    3.503125,
    3.8666666666666667,
    4.230208333333334,
    4.603125,
    4.985416666666667,
    5.485416666666667
  ],
  "Low-Mid Tom": [
    0.24687499999999998,
    0.3770833333333333,
    1.74375,
    1.884375,
    3.232291666666667,
    3.3666666666666667,
    4.727083333333333,
    4.867708333333333
  ],
  "High Floor Tom": [
    0.609375,
    0.734375,
    2.1083333333333334,
    2.2427083333333333,
    3.6020833333333333,
    3.725,
    5.1,
    5.227083333333333
  ],
  "Acoustic Snare": [
    0.9916666666666667,
    1.1177083333333333,
    2.4916666666666667,
    2.61875,
    3.980208333333333,
    4.109375
  ],
  "Ride Cymbal 1": [
    5.497916666666667
  ]
}