{
  "High Tom": [
    0.9857133,
    1.0380942,
    1.1333322000000001,
    1.4238081
  ],
  "High Floor Tom": [
    1.9809504000000002
  ]
}