{
  "Acoustic Snare": [
    0.40714245000000004,
    0.7047612000000001,
    0.8297610750000001,
    0.974999025,
    1.115475075,
    1.24047495,
    1.3714272,
    1.66428405
  ],
  "Closed Hi Hat": [
    0.55952325
  ]
}