{
  "Closed Hi Hat": [
    0.00238095,
    1.7071411500000002,
    2.2571406
  ],
  "High Floor Tom": [
    1.5642841500000002
  ],
  "Acoustic Snare": [
    1.8428553,
    1.9119028500000002,
    1.9619028,
    2.010712275,
    2.046426525,
    2.1238074,
    2.189283525,
    2.2499977500000004
  ]
}