{
  "Acoustic Snare": [
    0.006521737500000001,
    0.16521735,
    0.3413042625,
    0.5152172625000001,
    0.68152156875,
    0.8445650062500001,
    1.01195626875,
    1.1815214437500001
  ],
  "Closed Hi Hat": [
    0.49782596250000005,
    0.9923910562500001,
    1.4793474562500002
  ],
  "High Tom": [
    1.3456518375000002,
    1.5163039687500002
  ],
  "High Floor Tom": [
    1.6836952312500002,
    1.8532604062500002
  ]
}