{
  "Closed Hi Hat": [
    0.16195648125,
    0.4858694437500001,
    1.0010867062500002,
    1.5010865812500003
  ],
  "Acoustic Snare": [
    0.31086948750000004,
    0.49999987500000004,
    0.6717389625000001,
    0.8467389187500001,
    1.0152171375,
    1.19130405,
    1.35978226875,
    1.7108691375000002
  ],
  "High Tom": [
    1.5434778750000002
  ]
}