{
  "Open Hi Hat": [
    0.16847821875000002,
    0.5184781312500001
  ],
  "Acoustic Snare": [
    0.51413030625,
    0.8467389187500001,
    1.0152171375,
    1.19021709375,
    1.35760835625
  ],
  "Closed Hi Hat": [
    1.4706518062500002
  ],
  "High Tom": [
    1.5358691812500003,
    1.7065213125000003
  ],
  "High Floor Tom": [
    1.8793473562500003
  ]
}