{
  "Closed Hi Hat": [
    0.0,
    0.7628187583333333
  ],
  "Acoustic Snare": [
    1.51441959375,
    2.0673029375,
    2.160251441666667,
    2.256405066666667,
    2.4727507229166665,
    2.6378144458333335
  ]
}