{
  "Acoustic Snare": [
    0.0,
    0.06847824375,
    0.17065213125,
    0.9956519250000001,
    1.186956225,
    1.5249996187500001
  ],
  "Bass Drum 1": [
    0.32173905,
    0.8380432687500001,
    1.3467387937500002
  ],
  "High Tom": [
    0.4858694437500001,
    0.5836955062500001,
    0.6749998312500001
  ]
}