{
  "Acoustic Snare": [
    0.019230725,
    0.3862170604166667,
    0.7628187583333333,
    1.1570486208333333,
    1.38941988125,
    1.442304375,
    1.5336503187500001
  ],
  "High Tom": [
    2.2916613958333336,
    2.564096666666667,
    2.809288410416667
  ]
}