{
  "Acoustic Snare": [
    1.0326084375000002,
    1.2043475250000002,
    1.5445648312500002,
    1.7184778312500002
  ],
  "Open Hi Hat": [
    1.8902169187500002
  ]
}