{
  "Closed Hi Hat": [
    0.0,
    0.7451905937500001,
    0.7676264395833333,
    1.1410230166666666,
    1.5160221541666667,
    1.9054443354166668
  ],
  "Open Hi Hat": [
    0.37339657708333335,
    2.64903236875
  ],
  "Bass Drum 1": [
    0.7788443625
  ],
  "High Tom": [
    1.5096119125
  ],
  "High Floor Tom": [
    2.123392552083333,
    2.2692255500000003
  ],
  "Acoustic Snare": [
    2.6474298083333334
  ]
}