{
  "Acoustic Snare": [
    1.0586953875,
    1.2315214312500002,
    1.5771735187500002,
    1.7413039125000003
  ],
  "Bass Drum 1": [
    1.3999996500000003,
    1.9195647375000002
  ]
}