{
  "Closed Hi Hat": [
    0.017628164583333335,
    0.3685888958333333,
    0.7612161979166667,
    1.1330102145833334,
    1.5112144729166668,
    1.88461105,
    2.28364859375
  ],
  "Bass Drum 1": [
    0.7532033958333334,
    2.2740332312500002
  ],
  "Acoustic Snare": [
    1.4967914291666666,
    2.1169823104166667,
    2.6682630937500003
  ],
  "Open Hi Hat": [
    2.6746733354166667
  ]
}