{
  "Acoustic Snare": [
    1.0608693,
    1.221738825,
    1.5543474375000002,
    1.7108691375000002
  ],
  "Bass Drum 1": [
    1.3760866125000002,
    1.8891299625000002
  ],
  "Open Hi Hat": [
    1.8956517000000002
  ],
  "Closed Hi Hat": [
    2.0641299187500004
  ]
}