{
  "High Floor Tom": [
    1.0369562625000002,
    1.2054344812500002,
    1.5423909187500002,
    1.70326044375
  ],
  "High Tom": [
    1.0456519125000001,
    1.2195649125,
    1.5532604812500002,
    1.7108691375000002
  ],
  "Bass Drum 1": [
    1.3663040062500003,
    1.8880430062500002
  ]
}