{
  "Closed Hi Hat": [
    0.008012802083333333,
    0.7772418020833334,
    1.1570486208333333
  ],
  "Open Hi Hat": [
    0.37179401666666667,
    2.323712604166667
  ],
  "Bass Drum 1": [
    0.7564085166666666
  ],
  "High Tom": [
    1.5400605604166666,
    1.9326878625000001,
    2.3092895604166666,
    2.6810835770833332
  ]
}