{
  "Bass Drum 1": [
    0.0,
    0.513157125,
    1.03618265625
  ],
  "Acoustic Snare": [
    0.0,
    0.13486821875000002,
    0.2565785625,
    0.37499943750000003,
    0.513157125,
    0.6370604479166667,
    0.7730251562500001,
    0.9100863541666667,
    1.0350861666666669,
    1.1743403437500002,
    1.2982436666666668,
    1.4440767812500002
  ],
  "High Tom": [
    1.70723428125,
    1.8168832395833334
  ]
}