{
  "Closed Hi Hat": [
    0.0,
    0.12875,
    0.29,
    0.4425,
    0.5975,
    0.75,
    0.90125,
    1.05,
    1.19375,
    1.35125,
    1.4875,
    1.79375,
    2.075,
    2.23375,
    2.36625,
    2.52375,
    2.68,
    2.8325,
    2.965,
    3.12625,
    3.28125,
    3.4375,
    3.58625,
    3.74625,
    3.8737500000000002,
    4.18875,
    4.4887500000000005,
    4.65,
    4.78625,
    4.955,
    5.0825000000000005,
    5.2275,
    5.3675,
    5.5275,
    5.68375,
    5.8275,
    5.9887500000000005,
    6.15875,
    6.3012500000000005,
    6.6137500000000005,
    6.91375,
    7.0675,
    7.202500000000001,
    7.36875,
    7.5062500000000005,
    7.65875,
    7.8025,
    7.95125,
    8.105,
    8.2525,
    8.38875,
    8.5325,
    8.69,
    9.125,
    9.275,
    9.4275,
    9.72625,
    10.040000000000001,
    10.19375,
    10.34625,
    10.49375,
    10.64,
    10.78625,
    10.945,
    11.06625,
    11.22625,
    11.36625,
    11.82,
    11.98,
    12.1425,
    12.42125,
    12.56625,
    13.16375,
    13.467500000000001,
    21.555
  ],
  "Bass Drum 1": [
    0.29375,
    0.83875,
    1.1875,
    1.2975,
    1.64125,
    2.6825,
    3.28375,
    3.6025,
    4.01125,
    4.6850000000000005,
    4.9437500000000005,
    5.09625,
    5.695,
    6.0062500000000005,
    6.445,
    7.50875,
    8.04125,
    8.4,
    9.58125,
    9.89875,
    10.508750000000001,
    10.81,
    11.977500000000001,
    16.1325,
    16.26875,
    18.72875,
    19.195
  ],
  "Acoustic Snare": [
    1.78875,
    1.93375,
    4.18625,
    4.3375,
    6.61125,
    6.7575,
    8.8325,
    11.525,
    12.86375,
    13.015,
    13.29875,
    13.637500000000001,
    13.78875,
    13.93875,
    14.0875,
    14.356250000000001,
    14.512500000000001,
    14.6525,
    14.785,
    14.9425,
    15.2425,
    15.38875,
    15.5375,
    15.68,
    16.42875,
    16.5675,
    16.7375,
    16.87375,
    17.0475,
    17.205000000000002,
    17.265,
    17.35375,
    17.51625,
    17.958750000000002,
    18.115000000000002,
    18.8625,
    19.00625,
    19.1525
  ],
  "High Tom": [
    8.97875,
    14.2225,
    15.82625,
    15.97375,
    17.80875,
    19.175
  ],
  "Crash Cymbal 1": [
    9.575000000000001,
    19.26375
  ],
  "High Floor Tom": [
    11.6775,
    18.28,
    18.42875,
    18.57875,
    18.8625
  ],
  "Low-Mid Tom": [
    15.1,
    17.66
  ]
}