{
  "Closed Hi Hat": [
    0.0
  ],
  "Acoustic Snare": [
    0.02262929375,
    0.15193954375000002,
    0.20797398541666667,
    0.2693963541666667,
    0.33405147916666666,
    0.3954738479166667,
    0.7338356687500001,
    0.8491373083333333,
    0.918102775,
    0.98599065625,
    1.0657319770833333,
    1.1260767604166666,
    1.47090409375,
    1.5721971229166667,
    1.6443953458333334,
    1.7209039104166668,
    1.8178865979166667,
    1.8739210395833334,
    2.25323110625,
    2.3749982583333336,
    2.44073096875,
    2.522627460416667,
    2.60236878125,
    2.6594808083333334,
    3.0517219,
    3.1799545645833334
  ],
  "High Floor Tom": [
    0.4859910229166667,
    1.2327577166666668,
    1.9978433625,
    2.77693761875,
    3.5646525583333335
  ],
  "High Tom": [
    3.3049544729166667,
    3.424566454166667
  ],
  "Bass Drum 1": [
    3.679954197916667
  ]
}