{
  "Closed Hi Hat": [
    0.7271490833333334,
    1.2930081666666668,
    1.9247273333333335,
    2.89112325,
    3.5241865000000003,
    4.1935400000000005,
    4.853484916666667,
    5.4852040833333335,
    6.147837166666667,
    6.797029416666667,
    7.4381571666666675,
    8.065844083333333,
    8.696219166666667,
    9.357508166666667,
    10.00401225,
    10.634387333333335,
    11.272826916666668,
    11.915298750000002,
    12.5725555,
    13.22174775,
    13.860187333333334,
    14.516100000000002,
    15.178733083333334,
    15.822549,
    16.432762833333335,
    17.05238525,
    17.686792583333336,
    18.329264416666668,
    19.01877916666667,
    19.692164916666666,
    20.365550666666667,
    21.001302083333336,
    21.643773916666667,
    22.291622083333333,
    22.92602941666667,
    23.5402755,
    24.186779583333333,
    24.827907333333336,
    25.49054041666667,
    26.11688325,
    26.747258333333335,
    27.387042,
    28.04698691666667,
    28.68139425,
    29.330586500000003,
    29.981122833333334,
    30.628971000000003,
    31.26069016666667,
    31.89375341666667,
    32.50531133333334,
    33.16794441666667,
    33.80907216666667,
    34.4918665,
    35.13971466666667,
    35.811756333333335,
    36.444819583333334,
    37.103420416666665,
    37.766053500000005,
    38.4112135,
    39.04696491666667,
    39.709598,
    40.3466935,
    40.96362775,
    41.62760491666667,
    42.25932408333333,
    42.88163466666667,
    43.52948283333333,
    44.17195466666667,
    44.829211416666666,
    45.44480158333334,
    46.07786483333334,
    46.709584,
    47.343991333333335,
    48.016033,
    48.6692575,
    49.325170166666666,
    49.97973875,
    50.60742566666667,
    50.87758641666667,
    51.22839216666667,
    51.88430483333334,
    52.529464833333336,
    53.14908725,
    53.81978483333334
  ],
  "High Floor Tom": [
    1.9408563333333335,
    2.2513395833333334,
    3.3696169166666667,
    4.4932705833333335,
    4.829291416666667,
    5.9757945,
    7.081975083333334,
    7.403211000000001,
    8.5403055,
    9.658582833333334,
    9.993259583333334,
    11.111536916666667,
    12.236534666666667,
    12.553738333333333,
    13.708305916666667,
    14.833303666666668,
    15.162604083333335,
    16.60346141666667,
    17.388406083333333,
    17.69754525,
    18.85883325,
    20.013400833333336,
    20.33329266666667,
    21.473075333333334,
    22.5725355,
    22.905868166666668,
    24.061779833333336,
    25.15720775,
    25.47441141666667,
    26.615538166666667,
    27.727095083333335,
    28.05101916666667,
    29.171984666666667,
    30.28085341666667,
    30.6047775,
    31.76068916666667,
    32.82923541666667,
    33.155847666666666,
    34.3144475,
    35.473047333333334,
    35.79293916666667,
    36.93809816666667,
    38.064440000000005,
    38.373579166666666,
    39.533523083333336,
    40.65583266666667,
    40.971692250000004,
    42.104754500000006,
    43.21631141666667,
    43.532171000000005,
    44.651792416666666,
    45.295608333333334,
    46.40044483333334,
    47.22705608333334,
    48.34130116666667,
    48.6692575,
    49.8144165,
    51.237800750000005,
    51.403123,
    52.372207083333336,
    52.681346250000004,
    53.35204383333333
  ],
  "Bass Drum 1": [
    2.5792959166666667,
    2.784940666666667,
    3.04434875,
    3.224455916666667,
    3.6827883333333338,
    3.8844008333333337,
    4.3521418333333335,
    4.52821675,
    4.974452416666667,
    5.1532155,
    5.629021000000001,
    5.8225690000000005,
    6.301062666666667,
    6.4757935,
    6.955631250000001,
    7.1249857500000005,
    7.575253666666667,
    7.752672666666667,
    8.209661,
    8.396488583333333,
    8.853476916666667,
    9.02820775,
    9.502669166666667,
    9.68143225,
    10.14110875,
    10.306431,
    10.771483833333335,
    10.970408166666667,
    11.422020166666668,
    11.600783250000001,
    12.069868333333334,
    12.251319583333334,
    12.706963833333335,
    12.887071,
    13.369596916666667,
    13.56045675,
    14.029541833333335,
    14.209649,
    14.686798583333335,
    14.861529416666668,
    15.318517750000002,
    15.501313083333335,
    15.948892833333334,
    16.138408583333334,
    16.581956083333335,
    16.758031000000003,
    17.197546250000002,
    17.377653416666668,
    17.822545,
    18.01206075,
    18.4918985,
    18.7015755,
    19.192165916666667,
    19.368240833333335,
    19.852110833333334,
    20.028185750000002,
    20.501303083333333,
    20.682754333333335,
    21.161248,
    21.335978833333336,
    21.78893491666667,
    21.95560125,
    22.446191666666667,
    22.628987000000002,
    23.08328716666667,
    23.243233083333333,
    23.713662250000002,
    23.896457583333333,
    24.357478166666667,
    24.534897166666667,
    24.993229583333335,
    25.177369000000002,
    25.646454083333335,
    25.819840833333334,
    26.283549583333336,
    26.463656750000002,
    26.904516083333334,
    27.080591000000002,
    27.551020166666667,
    27.727095083333335,
    28.19214791666667,
    28.361502416666667,
    28.831931583333336,
    29.013382833333335,
    29.490532416666667,
    29.6531665,
    30.133004250000003,
    30.309079166666667,
    30.783540583333334,
    30.95020691666667,
    31.41794791666667,
    31.58730241666667,
    32.03488216666667,
    32.210957083333334,
    32.66660133333333,
    32.85746116666667,
    33.318481750000004,
    33.48783625,
    33.97036216666667,
    34.16794241666667,
    34.6370275,
    34.818478750000004,
    35.294284250000004,
    35.47976775,
    35.94616466666667,
    36.11820733333334,
    36.59938916666667,
    36.779496333333334,
    37.24589325,
    37.41928,
    37.89911775,
    38.08325716666667,
    38.54965408333334,
    38.72438491666667,
    39.204222666666666,
    39.39642658333334,
    39.84400633333333,
    40.02680166666667,
    40.48244591666667,
    40.67464983333333,
    41.31712166666667,
    41.78351858333333,
    41.969002083333336,
    42.40179691666667,
    42.58459225,
    43.04561283333334,
    43.22572,
    43.657170750000006,
    43.850718750000006,
    44.31845975,
    44.516040000000004,
    44.96630791666667,
    45.13969466666667,
    45.57383358333334,
    45.76334933333334,
    46.193456000000005,
    46.39372441666667,
    46.85743316666667,
    47.05501341666667,
    47.505281333333336,
    47.69614116666667,
    48.18269933333334,
    48.373559166666666,
    48.807698083333335,
    49.00662241666667,
    49.475707500000006,
    49.665223250000004,
    50.112803,
    50.30097466666667,
    50.89640358333334,
    51.24855341666667,
    51.572477500000005,
    51.790219,
    52.0240895,
    52.22435791666667,
    52.64640008333333,
    52.82919541666667,
    53.287527833333336,
    53.497204833333335,
    53.9434405
  ],