{
  "Acoustic Snare": [
    2.6867448833333336,
    2.7680701208333334,
    2.8629495645833334,
    3.39306963125,
    3.570780335416667,
    3.769575360416667,
    3.9472860645833334,
    4.82077935625,
    4.92921300625,
    5.05571893125,
    5.1581284895833335,
    5.2846344145833335
  ],
  "High Tom": [
    3.222889041666667,
    4.68523729375
  ],
  "Low-Mid Tom": [
    4.13403290625,
    4.319273725,
    5.39909215625,
    5.512043875
  ],
  "High Floor Tom": [
    5.631019685416667
  ]
}