{
  "Closed Hi Hat": [
    0.0,
    0.3075,
    0.48125,
    0.905,
    1.07875,
    1.20375,
    1.5,
    1.66375,
    2.08375,
    2.2625,
    2.38125,
    2.6975000000000002,
    2.88625,
    3.30375,
    3.4562500000000003,
    3.58875,
    4.1925,
    4.20125,
    4.50125,
    4.66625
  ],
  "Bass Drum 1": [
    0.01,
    0.60875,
    1.19375,
    1.78375,
    2.38625,
    3.01375,
    3.6012500000000003,
    3.91125,
    4.46
  ],
  "Acoustic Snare": [
    0.6075,
    1.7925,
    3.00625,
    4.2125
  ],
  "Open Hi Hat": [
    3.90625
  ]
}