{
  "Closed Hi Hat": [
    0.4936444791666667,
    1.4915266666666667,
    2.52648515625,
    3.541316510416667,
    4.040257604166667,
    4.55085125,
    5.0402584375,
    5.533902916666667
  ],
  "Acoustic Snare": [
    1.75423875,
    2.5317817708333337,
    2.797671822916667,
    3.0561466145833336,
    3.299790885416667,
    3.54343515625,
    3.814621822916667,
    4.307206979166667,
    4.576275000000001,
    5.075216093750001,
    5.335809531250001,
    5.569919895833333,
    5.822038750000001
  ],
  "High Floor Tom": [
    1.7531794270833334,
    2.0201288020833337,
    2.2796629166666666,
    5.317801041666667,
    5.57733515625,
    5.829454010416667
  ],
  "Bass Drum 1": [
    2.015891510416667,
    2.275425625,
    6.1027593229166675
  ],
  "High Tom": [
    3.2987315625000004
  ],
  "Low-Mid Tom": [
    3.814621822916667,
    4.063562708333333,
    4.574156354166667,
    4.816741302083334
  ],
  "Crash Cymbal 1": [
    6.10487796875
  ]
}