{
  "High Floor Tom": [
    1.9354166666666666,
    1.9541666666666666,
    2.234375,
    2.5,
    3.015625,
    3.1447916666666664,
    3.2760416666666665,
    3.515625,
    3.7385416666666664,
    5.690625,
    5.820833333333333,
    5.951041666666667,
    6.082291666666666,
    6.204166666666667,
    6.464583333333334,
    7.952083333333333,
    8.215625,
    8.467708333333333,
    9.458333333333334,
    9.58125,
    9.641666666666666,
    9.709375,
    9.841666666666667,
    9.905208333333333,
    9.972916666666666,
    10.217708333333333,
    11.736458333333333,
    11.842708333333333,
    11.98125,
    12.21875,
    12.455208333333333,
    13.953125,
    14.192708333333334,
    14.455208333333333,
    17.4875,
    17.603125,
    17.729166666666668,
    17.86145833333333
  ],
  "Bass Drum 1": [
    1.940625,
    2.4729166666666664,
    3.00625,
    3.4989583333333334,
    3.9885416666666664,
    5.935416666666667,
    6.7281249999999995,
    7.934375,
    9.958333333333334,
    10.217708333333333,
    11.971875,
    14.213541666666666,
    15.829166666666666,
    16.234375,
    16.62708333333333,
    17.978125,
    19.961458333333333,
    20.207291666666666,
    21.964583333333334
  ],
  "High Tom": [
    2.3583333333333334,
    3.50625,
    3.8635416666666664,
    3.9072916666666666,
    3.9499999999999997,
    4.133333333333333,
    4.230208333333334,
    4.36875,
    4.602083333333333,
    4.721875,
    4.857291666666667,
    6.347916666666666,
    6.6,
    6.839583333333334,
    7.084375,
    7.307291666666667,
    7.361458333333333,
    7.5625,
    8.347916666666666,
    8.594791666666666,
    8.836458333333333,
    9.076041666666667,
    10.608333333333333,
    10.863541666666666,
    10.989583333333334,
    11.003125,
    11.144791666666666,
    13.083333333333334,
    13.207291666666666,
    13.456249999999999,
    13.579166666666666,
    14.979166666666666,
    15.0875,
    15.214583333333334,
    15.338541666666666,
    15.464583333333334,
    15.597916666666666,
    15.952083333333333,
    15.998958333333333,
    16.739583333333332,
    16.872916666666665,
    19.708333333333332,
    19.83020833333333,
    20.719791666666666,
    21.48125,
    21.605208333333334
  ],
  "Low-Mid Tom": [
    2.7572916666666667,
    4.951041666666667,
    5.091666666666667,
    5.329166666666667,
    5.452083333333333,
    5.576041666666667,
    6.721875,
    6.972916666666666,
    7.217708333333333,
    7.692708333333333,
    7.813541666666667,
    8.71875,
    8.963541666666666,
    9.227083333333333,
    9.335416666666667,
    10.4625,
    10.745833333333334,
    11.242708333333333,
    11.3625,
    11.5,
    11.613541666666666,
    13.689583333333333,
    13.825,
    15.713541666666666,
    16.991666666666667,
    17.120833333333334,
    17.246875,
    17.36145833333333,
    21.728125,
    21.836458333333333
  ],
  "Closed Hi Hat": [
    4.233333333333333,
    4.45625,
    4.990625,
    5.457291666666666,
    6.972916666666666,
    7.451041666666667,
    8.440625,
    8.716666666666667,
    8.977083333333333,
    9.479166666666666,
    10.995833333333334,
    12.734375,
    13.485416666666666,
    20.872916666666665
  ],
  "Acoustic Snare": [
    7.440625,
    12.347916666666666,
    12.579166666666666,
    12.657291666666666,
    12.717708333333333,
    12.836458333333333,
    14.716666666666667,
    14.845833333333333,
    16.467708333333334,
    16.505208333333332,
    18.259375,
    18.372916666666665,
    18.640625,
    18.730208333333334,
    18.755208333333332,
    18.888541666666665,
    19.008333333333333,
    19.35625,
    19.472916666666666,
    19.592708333333334,
    20.357291666666665,
    20.419791666666665,
    20.479166666666668,
    20.613541666666666,
    20.966666666666665,
    20.995833333333334,
    21.103125,
    21.241666666666667,
    21.360416666666666
  ],
  "Ride Cymbal 1": [
    17.9875,
    20.238541666666666
  ],
  "Open Hi Hat": [
    19.13125
  ],
  "Crash Cymbal 1": [
    19.95,
    21.95520833333333
  ]
}