{
  "Closed Hi Hat": [
    0.0,
    0.7339726708333334,
    1.1826895875,
    1.9054443354166668
  ],
  "Open Hi Hat": [
    0.35897353333333337
  ],
  "Bass Drum 1": [
    0.7596136375
  ],
  "High Tom": [
    1.16826654375
  ],
  "Acoustic Snare": [
    1.5448682416666668,
    2.1442258375,
    2.2131359354166666,
    2.2900588354166667,
    2.5080070520833333,
    2.6634554125000003
  ]
}