{
  "Acoustic Snare": [
    1.0456519125000001,
    1.1315214562500002,
    1.2369562125000002,
    1.36413009375,
    1.5249996187500001,
    1.6913039250000002,
    1.8554343187500002
  ],
  "Closed Hi Hat": [
    1.047825825,
    1.5434778750000002
  ]
}