{
  "Acoustic Snare": [
    0.03205120833333333,
    0.3974349833333333,
    0.7564085166666666,
    1.1362153354166666,
    1.365381475,
    1.7211498875,
    1.87980336875,
    2.261212747916667,
    2.4935840083333334
  ],
  "High Tom": [
    0.03685888958333333,
    0.40865290625,
    0.7628187583333333,
    1.1426255770833333,
    1.3717917166666667,
    1.7243550083333334,
    1.8910212916666667
  ],
  "Closed Hi Hat": [
    1.4839709458333334
  ]
}