{
  "Acoustic Snare": [
    1.0586953875,
    1.18586926875,
    1.29673880625,
    1.5021735375000003,
    1.59673873125,
    1.8239125875000002,
    1.9032603937500001
  ],
  "High Tom": [
    1.3858692187500001
  ],
  "Closed Hi Hat": [
    1.5173909250000002
  ],
  "High Floor Tom": [
    1.6956517500000001
  ],
  "Bass Drum 1": [
    2.0195647125000002
  ]
}