{
  "Closed Hi Hat": [
    0.0,
    0.5206520437500001,
    1.0152171375
  ],
  "Acoustic Snare": [
    0.008695650000000001,
    0.32934774375000003,
    0.5184781312500001,
    0.8380432687500001,
    1.02282583125,
    1.18586926875,
    1.5554343937500001
  ],
  "High Floor Tom": [
    0.016304343750000002,
    0.32934774375000003,
    0.5163042187500001,
    0.8326084875,
    1.0195649625,
    1.18369535625,
    1.5228257062500001
  ]
}