{
  "Closed Hi Hat": [
    0.0,
    1.2243561583333333
  ],
  "High Tom": [
    0.24358918333333335,
    0.49198604791666667,
    0.711536825,
    0.9551260083333334,
    1.2099331145833334,
    2.08172598125
  ],
  "Acoustic Snare": [
    1.48557350625,
    1.5304451979166667
  ],
  "High Floor Tom": [
    2.1249951125
  ],
  "Bass Drum 1": [
    2.2275589791666666
  ]
}