{
  "High Floor Tom": [
    0.26442246875000003,
    0.49519116875,
    0.7403829125,
    0.9919848979166667,
    1.2371766416666667,
    1.5064067916666668,
    2.1378155958333336
  ],
  "Acoustic Snare": [
    0.27403783125000003,
    0.5064090916666667,
    0.7211521875,
    0.9823695354166667,
    1.2387792020833335,
    1.5128170333333333
  ],
  "High Tom": [
    2.078520860416667
  ],
  "Bass Drum 1": [
    2.23557178125
  ]
}