{
  "Acoustic Snare": [
    0.31195644375000003,
    0.36630425625,
    0.5163042187500001,
    0.6760867875000001,
    0.8369563125000001
  ],
  "Closed Hi Hat": [
    0.5021737875000001,
    0.9782606250000001,
    1.5032604937500003
  ],
  "High Tom": [
    1.0054345312500002,
    1.160869275
  ],
  "High Floor Tom": [
    1.3369561875000002,
    1.5086952750000002,
    1.6782604500000002
  ]
}