{
  "Closed Hi Hat": [
    0.007608693750000001,
    0.51413030625,
    1.0086954000000001,
    2.0619560062500004
  ],
  "High Floor Tom": [
    0.19999995
  ],
  "Acoustic Snare": [
    0.34347817500000005,
    0.69456504375,
    0.8706519562500001,
    1.0402171312500001,
    1.221738825,
    1.39673878125,
    1.5597822187500001
  ],
  "High Tom": [
    0.52717378125
  ],
  "Bass Drum 1": [
    1.7293473937500001
  ],
  "Open Hi Hat": [
    1.7304343500000001
  ]
}