{
  "High Tom": [
    0.25640966666666665,
    0.5288449375000001,
    0.7756392416666666,
    1.0160233041666666,
    1.2772406520833335,
    2.1265976729166667
  ],
  "High Floor Tom": [
    0.26281990833333335,
    0.5272423770833333,
    0.7804469229166667,
    1.02403610625,
    1.2772406520833335,
    2.1890975291666668
  ],
  "Acoustic Snare": [
    1.5208298354166667,
    1.557688725,
    2.6233914020833335
  ],
  "Bass Drum 1": [
    2.2772383520833333
  ],
  "Open Hi Hat": [
    2.62980164375
  ]
}