{
  "Closed Hi Hat": [
    0.03525632916666667,
    0.7195496270833334,
    0.7612161979166667,
    1.1314076541666667,
    2.987172616666667
  ],
  "Open Hi Hat": [
    0.38301193958333335,
    2.6265965229166666
  ],
  "Bass Drum 1": [
    0.75480595625,
    2.2580076270833334
  ],
  "Acoustic Snare": [
    1.4903811875000001,
    1.52403495625,
    2.6121734791666666
  ],
  "High Tom": [
    2.0897387833333334
  ],
  "High Floor Tom": [
    2.15864888125
  ]
}