{
  "Acoustic Snare": [
    0.0195652125,
    0.1021738875,
    0.19239125625000003,
    1.0076084437500001,
    1.1760866625000002
  ],
  "Bass Drum 1": [
    0.34021730625,
    0.8413041375000001,
    1.3532605312500001
  ],
  "High Tom": [
    0.5010868312500001,
    0.5934781125,
    0.6880433062500001
  ],
  "High Floor Tom": [
    1.5086952750000002
  ]
}