{
  "Closed Hi Hat": [
    0.046474252083333334,
    0.7323701104166667,
    0.7580110770833334,
    1.1362153354166666,
    1.5336503187500001
  ],
  "Open Hi Hat": [
    0.3974349833333333,
    2.665057972916667
  ],
  "Bass Drum 1": [
    0.7612161979166667,
    2.266020429166667
  ],
  "Acoustic Snare": [
    1.519227275,
    2.65864773125
  ],
  "High Tom": [
    2.0849311020833334
  ],
  "High Floor Tom": [
    2.1666616833333334
  ]
}