{
  "Acoustic Snare": [
    0.028260862500000004,
    1.5358691812500003
  ],
  "High Tom": [
    0.33913035,
    0.5326085625000001,
    0.6847824375000001
  ],
  "Closed Hi Hat": [
    0.4771737937500001,
    1.01413018125
  ],
  "High Floor Tom": [
    1.0054345312500002,
    1.3565214
  ],
  "Bass Drum 1": [
    1.7163039187500002
  ]
}