{
  "Open Hi Hat": [
    0.38301193958333335
  ],
  "Closed Hi Hat": [
    0.7323701104166667,
    2.64903236875
  ],
  "Bass Drum 1": [
    0.75480595625,
    1.1346127750000001
  ],
  "Ride Cymbal 1": [
    1.1410230166666666
  ],
  "Acoustic Snare": [
    1.5416631208333333,
    1.9342904229166666,
    2.2996741979166666
  ],
  "High Tom": [
    2.6794810166666667
  ]
}