{
  "Acoustic Snare": [
    0.0,
    0.030434775000000004,
    0.347826,
    1.047825825,
    1.0760866875000001,
    1.7576082562500002
  ],
  "High Tom": [
    0.42065206875000005
  ],
  "High Floor Tom": [
    0.5336955187500001
  ],
  "Bass Drum 1": [
    0.682608525,
    1.4021735625000002
  ],
  "Open Hi Hat": [
    1.3978257375
  ],
  "Closed Hi Hat": [
    1.7326082625
  ]
}