{
  "Acoustic Snare": [
    0.0,
    0.16195648125,
    0.5206520437500001,
    0.7010867812500001
  ],
  "Bass Drum 1": [
    0.32282600625,
    0.8260867500000001
  ],
  "High Tom": [
    1.0282606125,
    1.3717387875000002,
    1.5684778687500003
  ]
}