{
  "Open Hi Hat": [
    0.35096073125
  ],
  "Closed Hi Hat": [
    0.6907035395833333,
    1.9022392145833333
  ],
  "Bass Drum 1": [
    0.7323701104166667,
    1.1169846104166667
  ],
  "High Tom": [
    1.5336503187500001
  ],
  "Acoustic Snare": [
    2.1362130354166666,
    2.209930814583333,
    2.2900588354166667,
    2.4935840083333334
  ],
  "High Floor Tom": [
    2.6666605333333333
  ]
}