{
  "Closed Hi Hat": [
    0.011217922916666668
  ],
  "Acoustic Snare": [
    0.6041652770833333,
    0.6650625729166667,
    0.7580110770833334,
    1.0128181833333334,
    1.2483945645833334,
    1.5080093520833333
  ],
  "High Tom": [
    2.1041618270833333
  ],
  "High Floor Tom": [
    2.16826424375
  ],
  "Bass Drum 1": [
    2.2628153083333333
  ]
}