{
  "Acoustic Snare": [
    0.0,
    0.15241205208333336,
    0.2434206875,
    0.3881573125,
    0.5175430833333334,
    0.6458323645833334,
    0.7653497291666668,
    0.8936390104166667,
    1.0383756354166667,
    1.1557000208333335,
    1.2861822812500001,
    1.4199540104166668
  ],
  "Bass Drum 1": [
    0.0,
    0.50328871875,
    1.0186388229166667
  ],
  "High Tom": [
    1.5438573333333334,
    1.6732431041666669,
    1.8004358958333335,
    1.949558479166667
  ]
}