{
  "Acoustic Snare": [
    0.1825,
    0.23375,
    0.32,
    0.46125,
    0.61125,
    0.75,
    1.03375,
    1.61625,
    1.89375,
    2.05125,
    2.2075,
    2.52625,
    3.13375,
    3.24125,
    3.42375,
    3.57625,
    3.72375,
    3.7800000000000002,
    3.82125,
    4.03625,
    4.1925
  ],
  "High Tom": [
    0.89125,
    3.8850000000000002,
    4.34
  ],
  "Bass Drum 1": [
    1.29875,
    2.6750000000000003,
    2.8225000000000002,
    4.66125
  ],
  "Low-Mid Tom": [
    1.46375
  ],
  "High Floor Tom": [
    2.36125,
    2.97625,
    4.49
  ],
  "Crash Cymbal 1": [
    4.66375
  ]
}