{
  "Closed Hi Hat": [
    0.0,
    1.2737059625
  ],
  "Acoustic Snare": [
    0.25107740208333335,
    0.5237065125,
    0.7887925250000001,
    1.0528009520833335,
    1.1950422270833334,
    1.3146542083333335,
    1.5431023166666666
  ],
  "High Floor Tom": [
    0.2564653291666667,
    0.5280168541666667,
    0.7952580375,
    1.05064578125,
    1.1713353479166666,
    1.2952576708333334,
    1.5398695604166668
  ],
  "Bass Drum 1": [
    1.4030162125,
    1.6734901520833334
  ]
}