{
  "Acoustic Snare": [
    0.0,
    0.10729166666666666,
    0.23854166666666665,
    0.3885416666666667,
    0.48541666666666666,
    0.6416666666666666,
    0.8791666666666667,
    0.9979166666666667,
    1.1427083333333332,
    1.2583333333333333,
    1.3854166666666667,
    1.5104166666666667,
    1.66875,
    1.7635416666666666,
    1.9010416666666667,
    2.015625,
    2.1552083333333334,
    2.277083333333333,
    2.396875,
    2.521875,
    2.65,
    2.7666666666666666,
    2.896875,
    3.0166666666666666,
    3.142708333333333,
    3.2624999999999997,
    3.3895833333333334,
    3.5072916666666667,
    3.63125,
    3.7697916666666664,
    3.8895833333333334,
    4.014583333333333,
    4.152083333333334,
    4.259375,
    4.390625,
    4.509375,
    4.634375,
    4.765625,
    4.883333333333333,
    5.016666666666667,
    5.15,
    5.273958333333333,
    5.389583333333333,
    5.507291666666666,
    5.634375,
    5.763541666666667,
    5.8875,
    6.010416666666667,
    6.138541666666667,
    6.266666666666667,
    6.375,
    6.5093749999999995,
    6.620833333333334,
    6.751041666666667,
    6.864583333333333,
    6.995833333333334,
    7.10625,
    7.246875,
    7.371875,
    7.498958333333333,
    7.623958333333333,
    7.765625,
    7.865625
  ],
  "Crash Cymbal 1": [
    8.007291666666667
  ],
  "Bass Drum 1": [
    8.010416666666666
  ]
}