{
  "High Floor Tom": [
    0.0,
    0.32680697291666666,
    0.6957825875,
    1.0692762708333334,
    1.4156615416666667
  ],
  "Acoustic Snare": [
    0.32831299583333334,
    0.6897584958333334,
    1.0617461562500001,
    1.4111434729166668
  ],
  "Closed Hi Hat": [
    1.7906612479166668
  ]
}