{
  "Acoustic Snare": [
    0.00625,
    0.12916666666666665,
    2.490625,
    3.466666666666667,
    3.9458333333333333,
    3.9812499999999997,
    4.061458333333333,
    4.121875,
    4.184375,
    4.288541666666666,
    4.326041666666667,
    4.360416666666667,
    4.445833333333333,
    4.55,
    5.951041666666667,
    7.226041666666666,
    8.375,
    10.36875,
    10.728125,
    12.360416666666666,
    12.702083333333333,
    12.794791666666667,
    12.853125,
    14.373958333333333,
    14.725,
    14.805208333333333,
    14.884375,
    16.390625,
    16.738541666666666,
    16.846875,
    16.89270833333333,
    18.410416666666666,
    18.758333333333333,
    18.855208333333334,
    20.35625,
    20.721875,
    21.013541666666665,
    21.344791666666666,
    21.690625,
    22.326041666666665,
    22.67395833333333,
    22.786458333333332,
    22.8375,
    23.046875,
    23.184375,
    23.315625,
    23.457291666666666,
    23.585416666666667,
    24.485416666666666,
    24.858333333333334,
    24.91875,
    24.969791666666666,
    25.120833333333334,
    25.5,
    25.8625,
    26.099999999999998,
    26.5,
    27.489583333333332,
    28.483333333333334,
    29.483333333333334,
    30.715625,
    31.471875,
    32.719791666666666,
    33.715625,
    35.5
  ],
  "Bass Drum 1": [
    0.234375,
    0.5875,
    0.9802083333333333,
    1.471875,
    2.0104166666666665,
    2.9739583333333335,
    3.214583333333333,
    3.6666666666666665,
    3.9187499999999997,
    5.814583333333333,
    6.201041666666667,
    7.091666666666667,
    8.003125,
    9.366666666666667,
    9.741666666666667,
    9.9875,
    10.590625,
    11.280208333333333,
    11.954166666666666,
    12.583333333333334,
    13.985416666666666,
    14.595833333333333,
    16.004166666666666,
    16.608333333333334,
    18.00625,
    18.636458333333334,
    19.959375,
    20.594791666666666,
    20.9875,
    21.579166666666666,
    21.945833333333333,
    22.571875,
    23.957291666666666,
    24.405208333333334,
    24.73645833333333,
    24.977083333333333,
    25.357291666666665,
    25.425,
    25.744791666666668,
    25.985416666666666,
    27.004166666666666,
    27.952083333333334,
    28.373958333333334,
    28.428124999999998,
    28.724999999999998,
    28.97083333333333,
    29.321875,
    29.412499999999998,
    29.733333333333334,
    29.977083333333333,
    30.317708333333332,
    30.40833333333333,
    30.578125,
    30.630208333333332,
    30.982291666666665,
    31.302083333333332,
    31.3875,
    31.739583333333332,
    31.978125,
    32.317708333333336,
    32.41354166666667,
    32.565625,
    32.64270833333333,
    32.97083333333333,
    33.309375,
    33.403125,
    33.55104166666666,
    33.635416666666664,
    33.97708333333333,
    34.31875,
    34.42916666666667,
    34.56979166666667,
    34.692708333333336,
    34.809375,
    34.92395833333333,
    35.06875,
    35.16458333333333,
    35.284375,
    35.41041666666666,
    35.509375,
    35.81041666666667,
    35.994791666666664,
    36.31979166666667,
    36.415625,
    36.592708333333334
  ],
  "High Tom": [
    0.3458333333333333,
    0.48125,
    4.802083333333333,
    4.945833333333333,
    5.0875,
    6.480208333333334,
    8.779166666666667,
    11.071875,
    13.088541666666666,
    13.345833333333333,
    15.109375,
    15.373958333333333,
    15.623958333333333,
    17.136458333333334,
    19.126041666666666,
    19.37708333333333,
    23.70625,
    23.832291666666666
  ],
  "Low-Mid Tom": [
    0.73125,
    0.865625,
    5.188541666666667,
    5.335416666666666,
    6.851041666666666,
    9.145833333333334,
    11.454166666666666,
    13.478125,
    13.729166666666666,
    13.861458333333333,
    15.501041666666666,
    15.748958333333333,
    15.863541666666666,
    17.380208333333332,
    17.513541666666665,
    17.629166666666666,
    17.73125,
    17.808333333333334,
    17.886458333333334,
    17.940625,
    19.491666666666667,
    19.634375
  ],
  "High Floor Tom": [
    1.0854166666666667,
    1.2197916666666666,
    5.425,
    5.5625,
    5.7,
    5.98125,
    6.215625,
    6.4781249999999995,
    6.705208333333333,
    6.985416666666667,
    7.236458333333333,
    7.998958333333333,
    8.033333333333333,
    8.2625,
    8.501041666666666,
    8.772916666666667,
    9.008333333333333,
    9.265625,
    9.486458333333333,
    9.516666666666666,
    9.7375,
    10.002083333333333,
    10.235416666666666,
    10.486458333333333,
    10.734375,
    10.955208333333333,
    11.197916666666666,
    11.460416666666667,
    11.710416666666667,
    11.840625,
    11.976041666666667,
    12.215625,
    12.475,
    12.714583333333334,
    12.952083333333333,
    13.208333333333334,
    13.990625,
    14.228125,
    14.487499999999999,
    14.739583333333334,
    14.971874999999999,
    15.227083333333333,
    16.003125,
    16.245833333333334,
    16.496875,
    16.761458333333334,
    16.998958333333334,
    17.25625,
    18.309375,
    18.530208333333334,
    18.760416666666668,
    18.995833333333334,
    19.240625,
    19.73125,
    19.84583333333333,
    20.233333333333334,
    20.495833333333334,
    20.738541666666666,
    20.992708333333333,
    21.222916666666666,
    21.469791666666666,
    21.707291666666666,
    22.216666666666665,
    22.454166666666666,
    22.695833333333333,
    22.928125,
    24.227083333333333,
    24.495833333333334,
    24.7375,
    24.989583333333332,
    25.240625,
    25.515625,
    25.753125,
    25.99375,
    26.226041666666667,
    26.505208333333332,
    26.753125,
    27.0,
    27.245833333333334,
    27.496875,
    27.738541666666666,
    27.972916666666666,
    28.20625,
    28.5,
    28.734375,
    28.983333333333334,
    29.209374999999998,
    29.489583333333332,
    29.73645833333333,
    29.985416666666666,
    30.213541666666668,
    30.48125,
    30.734375,
    30.978125,
    31.217708333333334,
    31.483333333333334,
    31.7375,
    31.988541666666666,
    32.229166666666664,
    32.483333333333334,
    32.733333333333334,
    32.983333333333334,
    33.23020833333333,
    33.478125,
    33.735416666666666,
    33.990625,
    34.234375,
    34.4875,
    34.744791666666664,
    34.99375,
    35.24583333333333,
    35.50625,
    36.005208333333336,
    36.239583333333336,
    36.50729166666667
  ],
  "Ride Cymbal 1": [
    1.4885416666666667,
    1.7562499999999999,
    2.0239583333333333,
    2.4875,
    2.990625,
    3.2083333333333335,
    3.4812499999999997,
    3.6979166666666665,
    19.984375,
    21.946875
  ],
  "Closed Hi Hat": [
    3.946875,
    4.434375,
    5.169791666666667,
    13.491666666666667,
    14.237499999999999,
    15.202083333333333,
    15.501041666666666,
    17.508333333333333,
    19.01875,
    19.511458333333334,
    22.980208333333334
  ],
  "Crash Cymbal 1": [
    23.969791666666666
  ]
}