{
  "Bass Drum 1": [
    0.0,
    0.5725,
    1.19
  ],
  "Closed Hi Hat": [
    0.0,
    0.2925,
    0.46125,
    0.87875,
    1.04875,
    1.17875
  ],
  "Acoustic Snare": [
    0.59375
  ]
}