{
  "Closed Hi Hat": [
    0.47563598958333336,
    1.4735181770833334
  ],
  "Low-Mid Tom": [
    0.7330514583333334,
    1.2415264583333334,
    1.7436455208333335,
    2.021188125,
    2.2722476562500002,
    2.540256354166667,
    2.7997904687500004,
    3.0550872916666667,
    3.30826546875
  ],
  "Crash Cymbal 1": [
    1.5010605729166668
  ],
  "Acoustic Snare": [
    1.5052978645833335,
    2.2711883333333334,
    2.53284109375,
    2.5847479166666667,
    3.045553385416667,
    3.799791302083334
  ],
  "Bass Drum 1": [
    1.7521201041666667,
    2.0148321875,
    2.781781979166667,
    3.30190953125
  ],
  "High Floor Tom": [
    2.5434343229166667,
    3.570977552083334
  ]
}