{
  "Closed Hi Hat": [
    0.004528989583333334,
    0.4329714041666667,
    0.8976457354166667,
    1.3224649583333334,
    1.76087115,
    2.1666686166666667,
    2.634060341666667,
    3.0480099895833335,
    3.489133575,
    3.897648435416667,
    4.368663352083334,
    4.783518797916667,
    5.23641775625,
    5.613229689583333,
    6.0887735958333336,
    6.5163102125000005,
    6.928448264583333,
    7.3731950416666665,
    7.8315287875,
    8.24729003125,
    8.689319414583334,
    9.115044435416667,
    9.582436160416666,
    9.99185681875,
    10.431168808333334,
    10.875915585416667,
    11.336060927083334,
    11.76359754375,
    12.18751096875,
    12.601460616666667,
    13.050736383333334,
    13.460157041666667,
    13.906715414583333,
    14.337875222916667,
    14.805266947916667,
    15.20925281875,
    15.656716989583334,
    16.079724616666667,
    16.560703310416667,
    16.949290616666666,
    17.400377979166667,
    17.8315377875,
    18.289871533333333,
    18.711067564583335,
    19.173930300000002,
    19.5706697875,
    20.015416564583333,
    20.42664881875,
    20.844221658333336,
    21.283533647916666,
    21.751831170833334,
    22.163969222916666,
    22.615056585416667,
    23.045310595833335,
    23.504550139583333,
    23.893137445833332,
    24.363246564583335,
    24.776290414583332,
    25.238247352083334,
    25.621399870833333,
    26.094226383333336,
    26.522668797916666,
    26.99187211875,
    27.382271020833333
  ],
  "Bass Drum 1": [
    0.00815218125,
    0.20471032916666668,
    0.31159448333333334,
    1.0824285104166667,
    1.1902184625,
    1.7554363625,
    1.9529003083333334,
    2.81793731875,
    2.9474664208333334,
    3.48641618125,
    3.6893149145833335,
    3.7699309291666667,
    4.5733736812500005,
    4.63043895,
    5.4293527125,
    5.544389047916667,
    6.093302585416667,
    6.3206578625,
    6.379534727083334,
    6.936600445833333,
    7.145839764583333,
    8.025369541666667,
    8.134971089583333,
    8.685696222916667,
    8.902181925,
    9.77446531875,
    9.860516120833333,
    10.441132585416668,
    10.6576182875,
    11.52446689375,
    11.621387270833333,
    12.384974914583333,
    12.469214120833334,
    13.01903345625,
    13.248200329166666,
    13.354178685416667,
    13.923925575,
    14.136788085416667,
    14.219215695833334,
    14.987332329166668,
    15.10055706875,
    15.658528585416667,
    15.86686210625,
    16.735522308333334,
    16.832442685416666,
    17.400377979166667,
    17.606899904166667,
    18.485523883333332,
    18.542589152083334,
    19.365053660416667,
    19.46559722916667,
    20.031720927083335,
    20.249112427083332,
    20.852373839583333,
    21.063424754166668,
    21.94838931875,
    22.057990866666668,
    22.624114564583333,
    22.83244808541667,
    23.683898127083335,
    23.800746058333335,
    24.360529170833335,
    24.56795689375,
    25.44839246875,
    25.572486783333336,
    26.096943777083332,
    26.297125116666667,
    27.174843297916667,
    27.283539047916666
  ],
  "Ride Cymbal 1": [
    0.013586968750000001,
    0.23369586250000002,
    0.44836996875,
    0.6757252458333334,
    0.9021747250000001,
    1.119566225,
    1.3269939479166668,
    1.5416680541666667,
    1.75271896875,
    1.9556177020833334,
    2.1802555854166665,
    2.41032825625,
    2.6286255541666668,
    2.8514518416666665,
    3.0588795645833335,
    3.2762710645833333,
    3.4836987875000003,
    3.691126510416667,
    3.9284455645833334,
    4.1476486604166665,
    4.3659459583333335,
    4.582431660416667,
    4.8061637458333335,
    5.018120458333334,
    5.223736585416667,
    5.45652665,
    5.652179,
    5.8750052875000005,
    6.091490989583334,
    6.305259297916667,
    6.523556595833334,
    6.726455329166667,
    6.941129435416666,
    7.163955722916667,
    7.382253020833334,
    7.609608297916667,
    7.836963575,
    8.06522465,
    8.253630616666667,
    8.474645308333333,
    8.68750781875,
    8.9076167125,
    9.132254595833334,
    9.351457691666667,
    9.580624564583333,
    9.808885639583334,
    10.000914797916668,
    10.227364277083334,
    10.438415191666667,
    10.656712489583333,
    10.884067766666666,
    11.112328841666667,
    11.33968411875,
    11.558887214583333,
    11.712872860416667,
    11.946568722916666,
    12.16577181875,
    12.38859810625,
    12.605083808333333,
    12.829721691666666,
    13.052547979166667,
    13.27446846875,
    13.484613585416668,
    13.716497852083334,
    13.934795150000001,
    14.153998245833334,
    14.37229554375,
    14.58696965,
    14.810701735416666,
    15.036245416666667,
    15.232803564583334,
    15.45381825625,
    15.659434383333334,
    15.871391095833333,
    16.105086958333334,
    16.326101650000002,
    16.549833735416666,
    16.7663194375,
    16.976464554166668,
    17.205631427083333,
    17.409435958333333,
    17.62229846875,
    17.844218958333332,
    18.067045245833334,
    18.279001958333335,
    18.496393458333333,
    18.72556033125,
    18.9402344375,
    19.159437533333335,
    19.389510204166665,
    19.590597341666665,
    19.810706235416667,
    20.026286139583334,
    20.245489235416667,
    20.406721264583332,
    20.63317074375,
    20.85056224375,
    21.069765339583334,
    21.3098017875,
    21.539874458333333,
    21.7554543625,
    21.981903841666668,
    22.186614170833334,
    22.413969447916667,
    22.6250203625,
    22.838788670833335,
    23.060709160416668,
    23.28534704375,
    23.509984927083334,
    23.731905416666667,
    23.93208675625,
    24.15491304375,
    24.368681352083335,
    24.57882646875,
    24.813428129166667,
    25.01904425625,
    25.24187054375,
    25.463791033333333,
    25.664878170833333,
    25.89132765,
    26.104190160416668,
    26.32158166041667,
    26.553465927083334,
    26.7554588625,
    26.97556775625,
    27.197488245833334,
    27.405821766666666,
    27.63680023541667
  ],