{
  "Bass Drum 1": [
    0.00875,
    1.5175,
    2.07875,
    2.3875,
    3.8975,
    4.7975,
    6.295,
    6.8975,
    7.195,
    7.635,
    8.545,
    8.8225,
    9.293750000000001,
    9.59625,
    10.045,
    11.21875,
    11.71,
    12.02,
    12.2075,
    12.46625,
    12.92,
    14.387500000000001,
    14.838750000000001,
    15.91375,
    16.07625,
    16.33125,
    16.81,
    16.985,
    17.26,
    19.20375,
    20.66875,
    20.84625,
    21.111250000000002,
    21.615000000000002,
    21.90875,
    22.94375,
    23.25125,
    23.6925,
    23.995,
    24.205000000000002,
    24.48375,
    24.90875,
    25.07375,
    25.62625,
    26.39375,
    26.560000000000002,
    26.845,
    27.29,
    27.76125,
    28.05875,
    28.34,
    28.80375,
    28.9925,
    29.24875,
    29.59,
    29.845,
    30.01875,
    31.22875,
    31.52375,
    32.10625,
    32.42875,
    33.62,
    33.90125,
    34.47875,
    34.792500000000004,
    35.99625,
    36.30375,
    36.88875,
    37.2,
    38.4025,
    38.698750000000004,
    39.27625,
    39.585,
    40.755,
    41.06125,
    41.68625,
    41.9775,
    43.1725,
    43.47375,
    44.09125,
    44.395,
    45.325,
    45.9425
  ],
  "Crash Cymbal 1": [
    0.01125,
    9.59125,
    14.38,
    23.98875,
    30.01625
  ],
  "Closed Hi Hat": [
    0.30625,
    0.63375,
    0.9187500000000001,
    1.20375,
    1.2337500000000001,
    1.5050000000000001,
    1.81125,
    2.09,
    2.395,
    2.6725,
    2.84,
    2.965,
    2.985,
    3.28625,
    3.61625,
    3.895,
    4.1925,
    4.79875,
    4.8125,
    5.095,
    5.3950000000000005,
    5.6725,
    5.705,
    5.96375,
    5.99625,
    6.285,
    6.577500000000001,
    6.60125,
    6.8950000000000005,
    7.20125,
    7.49125,
    7.79125,
    8.11,
    8.395,
    8.68375,
    8.97875,
    9.27375,
    9.895,
    10.2025,
    10.515,
    10.81375,
    11.10125,
    11.38625,
    11.70625,
    12.02,
    12.307500000000001,
    12.61,
    12.9125,
    13.21,
    13.50375,
    13.78625,
    14.092500000000001,
    15.321250000000001,
    15.58625,
    17.765,
    18.01,
    18.355,
    19.22625,
    20.40125,
    22.47125,
    24.298750000000002,
    24.61625,
    24.915,
    25.2175,
    25.517500000000002,
    25.810000000000002,
    26.095,
    26.3975,
    26.6925,
    27.00375,
    27.2875,
    30.0025,
    30.31125,
    30.6125,
    30.92125,
    31.22875,
    31.53625,
    31.81875,
    32.1275,
    32.43,
    32.72625,
    33.0325,
    33.32125,
    33.6225,
    33.9075,
    34.195,
    34.49,
    34.7825,
    35.08375,
    35.39125,
    35.695,
    35.9925,
    36.30375,
    36.597500000000004,
    36.905,
    37.1875,
    37.495,
    37.7975,
    38.10375,
    38.4,
    38.695,
    38.985,
    39.56,
    39.581250000000004,
    39.86875,
    40.15125,
    40.4275,
    40.46,
    40.75875,
    41.066250000000004,
    41.35,
    41.38,
    41.68625,
    41.97875,
    42.28875,
    42.58625,
    42.88125,
    43.16625,
    43.18375,
    43.47625,
    43.792500000000004,
    44.097500000000004,
    44.395,
    44.70875,
    45.01625,
    45.331250000000004,
    45.6425,
    45.94625,
    46.245
  ],
  "Acoustic Snare": [
    0.63125,
    1.7975,
    2.98,
    4.19,
    5.39375,
    5.855,
    6.15,
    6.59625,
    7.7975,
    7.97,
    8.25625,
    8.9825,
    10.195,
    10.68125,
    10.955,
    11.38625,
    11.89125,
    11.94875,
    12.60875,
    12.81,
    13.095,
    13.3625,
    13.63875,
    13.7925,
    13.94,
    14.98875,
    15.14625,
    15.4275,
    15.7425,
    16.2,
    16.63375,
    16.7125,
    17.42875,
    17.59125,
    17.88875,
    18.19875,
    18.34,
    18.48375,
    19.7925,
    20.24875,
    20.54375,
    20.9775,
    21.3625,
    21.47,
    22.2,
    22.5025,
    22.6725,
    23.39375,
    24.61,
    24.7775,
    25.368750000000002,
    25.8125,
    26.235,
    26.31125,
    27.00125,
    27.6025,
    28.5,
    28.66875,
    29.42,
    30.6125,
    31.8075,
    33.03,
    34.18375,
    35.386250000000004,
    36.58875,
    37.79125,
    38.985,
    40.1475,
    40.612500000000004,
    41.3725,
    42.5825,
    43.003750000000004,
    43.095,
    43.78625,
    45.00625,
    46.235
  ],
  "Open Hi Hat": [
    1.7925,
    3.585,
    4.49875,
    27.61,
    27.9075,
    28.19125,
    28.5025,
    28.80375,
    29.12,
    29.42,
    29.712500000000002,
    39.27875
  ],
  "High Tom": [
    14.088750000000001,
    14.227500000000001,
    18.62625,
    18.775000000000002
  ],
  "Ride Cymbal 1": [
    14.686250000000001,
    15.0,
    15.31375,
    15.606250000000001,
    15.885,
    16.20125,
    16.517500000000002,
    16.825,
    17.1275,
    17.43625,
    17.7475,
    18.052500000000002,
    19.798750000000002,
    20.1175,
    20.415,
    20.695,
    20.9875,
    21.28625,
    21.59625,
    21.90875,
    22.2,
    22.4975,
    22.8125,
    23.09875,
    23.39875,
    23.69625
  ],
  "Low-Mid Tom": [
    18.9125,
    19.06125
  ]
}