{
  "Bass Drum 1": [
    0.0010416666666666667,
    0.2739583333333333,
    1.2604166666666667,
    1.3302083333333332,
    2.0145833333333334,
    2.2604166666666665,
    3.265625,
    4.0125,
    4.25625,
    5.284375,
    6.025,
    6.248958333333333,
    7.983333333333333,
    8.229166666666666,
    9.259375,
    10.0125,
    10.261458333333334,
    11.235416666666666,
    12.004166666666666,
    12.258333333333333,
    13.266666666666666,
    14.019791666666666,
    14.758333333333333,
    16.038541666666667,
    16.723958333333332,
    17.244791666666668,
    17.996875,
    18.24375,
    18.766666666666666,
    19.25208333333333,
    20.011458333333334,
    20.271875,
    20.765625,
    21.272916666666667,
    21.760416666666668,
    21.994791666666668,
    22.245833333333334,
    22.764583333333334,
    23.2375,
    23.733333333333334,
    23.983333333333334,
    24.735416666666666,
    25.23645833333333,
    25.727083333333333,
    25.963541666666668,
    26.738541666666666,
    27.23125,
    27.998958333333334,
    28.747916666666665,
    29.254166666666666,
    29.759375,
    29.990624999999998,
    30.229166666666668,
    30.483333333333334,
    30.73645833333333,
    31.019791666666666,
    31.99375,
    32.75416666666666,
    33.234375,
    33.73125,
    33.99375,
    34.748958333333334,
    35.244791666666664,
    35.36770833333333,
    36.01875,
    36.744791666666664,
    37.23229166666667,
    38.020833333333336,
    38.264583333333334,
    38.76354166666667,
    38.990625,
    39.989583333333336,
    40.7,
    41.213541666666664,
    41.99270833333333,
    42.74375,
    43.23020833333333,
    43.71145833333333,
    43.984375,
    45.47708333333333,
    47.848958333333336,
    47.99791666666667,
    48.759375,
    49.26875,
    50.01875,
    50.784375,
    51.253125,
    51.390625,
    51.489583333333336,
    52.014583333333334,
    52.770833333333336,
    53.290625,
    54.01145833333333,
    54.76145833333333,
    55.219791666666666,
    55.378125,
    56.012499999999996,
    56.75625,
    57.266666666666666,
    58.03125,
    58.771875,
    58.860416666666666,
    59.27708333333333,
    59.770833333333336,
    60.01770833333333,
    60.262499999999996,
    60.75833333333333,
    61.24270833333333,
    61.734375,
    61.994791666666664,
    63.8,
    63.99583333333333
  ],
  "Acoustic Snare": [
    0.005208333333333333,
    0.534375,
    0.5875,
    0.8916666666666666,
    1.5229166666666667,
    1.5760416666666666,
    2.527083333333333,
    3.5010416666666666,
    4.498958333333333,
    5.521875,
    5.5875,
    5.915625,
    6.134375,
    6.513541666666667,
    6.578125,
    6.920833333333333,
    7.371875,
    7.497916666666667,
    7.63125,
    7.720833333333333,
    7.872916666666667,
    8.492708333333333,
    8.898958333333333,
    9.509375,
    9.558333333333334,
    10.0625,
    10.526041666666666,
    11.492708333333333,
    12.511458333333334,
    12.569791666666667,
    13.518749999999999,
    13.589583333333334,
    14.021875,
    14.264583333333333,
    14.526041666666666,
    15.230208333333334,
    15.502083333333333,
    16.520833333333332,
    16.573958333333334,
    17.492708333333333,
    17.545833333333334,
    18.498958333333334,
    19.209375,
    19.522916666666667,
    20.516666666666666,
    21.203125,
    21.516666666666666,
    22.222916666666666,
    22.514583333333334,
    23.497916666666665,
    24.516666666666666,
    24.95,
    25.165625,
    25.485416666666666,
    26.134375,
    26.488541666666666,
    27.49375,
    27.555208333333333,
    28.509375,
    28.95520833333333,
    29.214583333333334,
    29.510416666666668,
    30.253125,
    30.5125,
    30.756249999999998,
    31.001041666666666,
    31.272916666666667,
    31.3875,
    31.506249999999998,
    31.634375,
    31.754166666666666,
    31.872916666666665,
    32.520833333333336,
    32.921875,
    33.21041666666667,
    33.489583333333336,
    34.49791666666667,
    35.51354166666667,
    35.927083333333336,
    36.494791666666664,
    36.55520833333333,
    37.51354166666667,
    38.51145833333333,
    39.0125,
    39.25416666666666,
    39.73125,
    40.469791666666666,
    41.471875,
    41.52291666666667,
    42.479166666666664,
    43.182291666666664,
    43.484375,
    44.166666666666664,
    44.48229166666667,
    44.85,
    44.975,
    45.10208333333333,
    45.22604166666667,
    45.614583333333336,
    45.733333333333334,
    45.86145833333333,
    45.98645833333333,
    46.108333333333334,
    46.47604166666667,
    46.6,
    46.728125,
    46.85625,
    46.989583333333336,
    47.11875,
    47.15416666666667,
    47.22604166666667,
    47.29270833333333,
    47.40416666666667,
    47.5125,
    48.521875,
    49.170833333333334,
    49.516666666666666,
    50.15625,
    50.5125,
    51.5,
    51.55,
    52.512499999999996,
    53.19375,
    53.526041666666664,
    54.51354166666667,
    54.94583333333333,
    55.50625,
    55.55416666666667,
    56.494791666666664,
    56.56041666666667,
    57.50833333333333,
    58.521875,
    59.215624999999996,
    59.53541666666666,
    60.51979166666666,
    60.578125,
    61.496874999999996,
    61.55520833333333,
    62.219791666666666,
    62.48645833333333,
    62.86354166666666,
    63.10520833333333,
    63.23645833333333,
    63.371874999999996,
    63.50208333333333,
    63.625,
    63.75416666666666,
    63.895833333333336
  ],