{
  "Bass Drum 1": [
    0.0,
    0.2750000458333333,
    0.707142975,
    1.1696430520833334,
    1.32857165,
    2.5821432875,
    2.85535761875,
    3.2714291166666665,
    3.85178635625,
    4.1464292625,
    4.567857904166667,
    5.021429408333334,
    5.1625008604166664,
    5.4321437625,
    5.832143829166666,
    6.278572475,
    6.426786785416667,
    7.701786997916667,
    7.9821441875,
    8.419644260416666,
    8.85535861875,
    8.996430070833334,
    9.2571444,
    9.71250161875,
    10.18393026875,
    10.326787435416668,
    10.996430404166667,
    11.464287625,
    11.589287645833334,
    12.662502110416666,
    12.86250214375,
    13.1678593375,
    13.62321655625,
    13.732145145833334,
    14.04107376875,
    14.167859504166668,
    14.4321452625,
    14.8392881875,
    15.303573979166666,
    15.426788285416666,
    15.703574045833333,
    16.091074110416667,
    16.550002758333335,
    16.701788497916667,
    17.541074352083335,
    17.9250029875,
    18.237503039583334,
    18.689288829166667,
    19.135717475,
    19.271431783333334,
    19.539288970833333,
    19.95536046875,
    20.417860545833335,
    20.550003425,
    20.821432041666668,
    21.266074972916666,
    21.682146470833334,
    21.85178935625,
    22.544646614583332,
    23.146432429166666,
    23.4107181875,
    23.850003975,
    24.028575433333334,
    24.24107546875,
    24.400004066666668,
    25.09821846875,
    25.508932822916666,
    25.662504277083332,
    25.919647177083334,
    26.380361539583333,
    26.814290183333334,
    26.978575925,
    27.435718858333335,
    28.262504710416668,
    28.54821904375,
    28.989290545833335,
    29.401790614583334,
    29.53393349375,
    29.832147829166665,
    30.280362189583332,
    30.698219402083332,
    30.851790856250002,
    31.57321954791667,
    31.946433895833334,
    32.13571964166667,
    33.26250554375,
    33.4392912875,
    33.710719904166666,
    34.164291408333334,
    34.605362910416666,
    34.742862933333335
  ],
  "Ride Cymbal 1": [
    0.028571433333333333,
    0.44642864583333336,
    0.8892858625,
    1.32857165,
    3.0000005,
    3.4428577166666665,
    3.8750006458333335,
    4.2964292875,
    4.721429358333333,
    5.167858004166667,
    5.596429504166666,
    6.00535814375,
    6.416072497916667,
    7.70892985625,
    8.123215639583334,
    8.596430004166667,
    9.003572929166667,
    9.43393014375,
    9.885715933333334,
    10.325001720833333,
    10.71964464375,
    11.150001858333333,
    11.600001933333333,
    34.3178628625,
    34.764291508333336,
    35.61786307916667
  ],
  "Acoustic Snare": [
    0.8803572895833334,
    1.4660716729166667,
    1.59107169375,
    1.7267860020833334,
    1.8607145958333333,
    2.0000003333333334,
    3.45535771875,
    3.7142863333333334,
    4.7464293625,
    5.9875009979166665,
    6.560715379166667,
    6.698215402083333,
    6.837501139583333,
    8.548215710416667,
    9.878573075,
    10.566073189583333,
    11.141073285416667,
    11.744644814583333,
    11.873216264583334,
    12.007144858333334,
    12.157144883333334,
    12.287502047916666,
    12.575002095833334,
    12.708930689583333,
    13.744645147916668,
    14.98393106875,
    16.262502710416666,
    16.833931377083335,
    16.97678854375,
    17.114288566666666,
    17.398217185416666,
    17.69464580625,
    17.8285744,
    17.985717283333333,
    18.826788852083332,
    20.125003354166665,
    21.426789285416667,
    21.725003620833334,
    22.110717970833335,
    22.696432354166667,
    22.992860975,
    23.97321828125,
    24.673218397916667,
    25.255361352083334,
    26.546432995833335,
    27.539290304166666,
    27.676790327083335,
    27.83036178125,
    28.13036183125,
    29.13750485625,
    30.43393364375,
    31.1142909,
    31.716076714583334,
    32.285719666666665,
    32.421433975,
    32.56964828541667,
    32.721434025,
    32.864291191666666,
    34.31072000416667
  ],
  "Low-Mid Tom": [
    2.1410717854166665,
    7.13035833125,
    33.276791260416665
  ],
  "High Tom": [
    2.4071432583333334,
    12.43393064375,
    33.00714835833333,
    33.13036266458333
  ],
  "Crash Cymbal 1": [
    2.571429,
    12.869645002083333,
    33.46786272083333
  ],
  "Closed Hi Hat": [
    6.837501139583333,
    11.82321625625,
    12.064287725,
    13.755359435416667,
    14.18035950625,
    14.585716716666667,
    15.001788214583334,
    15.855359785416667,
    16.273216997916666,
    16.7035742125,
    17.125002854166667,
    17.285717166666668,
    17.550002925,
    18.416074497916668,
    18.833931710416667,
    19.273217497916665,
    19.683931852083333,
    20.13750335625,
    20.558931997916666,
    20.992860641666667,
    21.432146429166668,
    22.271432283333333,
    22.69821806875,
    23.146432429166666,
    23.553575354166668,
    23.998218285416666,
    24.42321835625,
    24.835718425,
    25.264289925,
    25.669647135416668,
    26.10000435,
    26.550004425,
    27.43393314375,
    28.694647639583334,
    29.139290570833335,
    29.978576425,
    30.4392907875,
    30.860719429166668,
    31.278576641666668,
    32.292862525,
    32.6035768625
  ],
  "High Floor Tom": [
    7.2857155,
    7.530358397916666,
    33.40357699583333
  ],
  "Open Hi Hat": [
    13.33393079375,
    15.435716858333333,
    17.2607171625,
    17.96964585208333,
    21.86250364375,
    26.987504497916667,
    27.398218852083332,
    27.96964751875,
    28.262504710416668,
    29.5607192125,
    31.716076714583334,
    32.141076785416665
  ]
}