{
  "Closed Hi Hat": [
    0.6055558583333334,
    1.2361117291666668,
    1.6402785979166667,
    1.9402787479166668,
    2.2388900083333336,
    2.6138901958333336,
    2.95416814375,
    3.2861127541666666,
    5.294447091666667,
    5.644447266666667,
    7.306948097916667,
    7.63333715,
    7.931948410416667,
    7.959726202083334,
    8.301393039583333,
    8.777782166666666,
    8.940282247916667,
    9.022226733333333,
    9.268060189583334,
    9.584727014583335,
    9.913893845833334,
    10.259727352083333,
    10.627783091666666,
    12.277783916666667,
    12.650006325,
    13.048617635416667,
    13.466673400000001,
    15.652785604166667,
    16.00278577916667,
    16.319452604166667,
    18.609731527083333,
    18.980565045833334,
    19.293065202083334,
    20.280565695833335,
    20.606954747916667,
    21.626399702083333,
    23.654178493750003,
    24.277789916666666,
    24.6000123,
    24.831956860416668,
    24.945845806250002,
    25.016679175,
    25.281957085416668,
    25.59584613125,
    25.92917963125,
    26.647235545833333,
    26.951402364583334,
    28.24584745625,
    28.58751429375,
    29.247236845833335,
    29.59445924166667,
    29.9250149625,
    30.261126241666666,
    32.08612715416667,
    32.35140506458333,
    32.597238520833336,
    35.315295435416665,
    35.55418444375,
    36.968074039583335,
    37.320851993750004,
    37.55418544375,
    37.956963422916665,
    38.27918580625,
    39.676408727083334,
    39.97918665625,
    40.63057587083333,
    40.99446494166667,
    42.63474353958333,
    43.23335495,
    44.1333554,
    45.30974487708333,
    45.972245208333334,
    46.19585643125,
    47.99585733125,
    48.56252428125,
    49.173635697916666,
    49.504191418750004,
    50.676414227083335,
    53.31391554583333,
    53.84586025625
  ],
  "Acoustic Snare": [
    0.9638893708333334,
    1.12083389375,
    1.2819450854166667,
    1.93750096875,
    2.3944456416666666,
    2.83750141875,
    2.88750144375,
    3.2805571958333335,
    3.7694463291666667,
    3.8569463729166666,
    4.115279835416667,
    4.147224295833333,
    4.172224308333334,
    4.213890995833333,
    4.530557820833334,
    4.636113429166667,
    5.109724777083334,
    5.177780366666667,
    5.452780504166667,
    5.51250275625,
    5.5569472229166665,
    5.82916958125,
    6.14583640625,
    6.465281010416667,
    6.777781166666667,
    7.17917025625,
    7.304170318750001,
    7.7916705625,
    7.873615047916667,
    8.611115416666667,
    8.77917105625,
    9.072226758333334,
    9.150004575,
    9.230560170833334,
    9.294449091666667,
    9.416671375,
    9.47917140625,
    9.916671625000001,
    10.415282985416667,
    10.50417191875,
    10.755560933333333,
    10.805560958333334,
    10.84583875625,
    10.873616547916667,
    11.111116666666668,
    11.272227858333334,
    11.468061289583334,
    11.809728127083334,
    12.119450504166666,
    12.222228333333334,
    12.647228545833334,
    13.136117679166667,
    13.20417326875,
    13.305562208333333,
    13.4000067,
    13.44584005625,
    13.483340075000001,
    13.5083400875,
    13.986118104166668,
    14.473618347916668,
    14.58750729375,
    14.804174068750001,
    15.315285435416667,
    15.818063464583334,
    16.165285860416667,
    16.211119216666667,
    16.511119366666666,
    16.79445284166667,
    17.145841906250002,
    17.47917540625,
    17.544453216666668,
    17.968064539583334,
    18.444453666666668,
    18.780564945833333,
    18.834731639583335,
    18.8750094375,
    18.91250945625,
    19.28750964375,
    19.752787654166667,
    19.83750991875,
    19.919454404166668,
    20.101398939583333,
    20.159732302083334,
    20.601399189583333,
    21.12917723125,
    21.46251073125,
    21.52917743125,
    21.78195533541667,
    21.943066527083335,
    22.10695549791667,
    22.76667805,
    23.27917830625,
    23.380567245833333,
    23.772234108333333,
    24.097234270833333,
    24.152789854166667,
    24.198623210416667,
    24.6000123,
    25.069456979166667,
    25.163901470833334,
    25.441679387500002,
    25.92779074166667,
    26.409735427083334,
    26.49584658125,
    26.780568945833334,
    26.834735639583336,
    27.07918020625,
    27.25418029375,
    27.42362482291667,
    28.086125154166666,
    28.581958735416666,
    29.06945897916667,
    29.1333479,
    29.22362572291667,
    29.402792479166667,
    29.447236945833335,
    29.497236970833335,
    29.916681625000002,
    30.001403889583333,
    30.4250152125,
    30.74445981666667,
    30.79584873125,
    30.836126529166666,
    31.313904545833335,
    31.815293685416666,
    32.105571608333335,
    32.2000161,
    32.30418281875,
    32.416682875,
    32.5333496,
    33.96807253958333,
    34.47085056875,
    34.71529513541667,
    34.768072939583334,
    34.8083507375,
    35.293073202083335,
    35.78890678333333,
    36.13196251041667,
    36.501407139583335,
    36.62779609166667,
    37.12362967291667,
    37.468074289583335,
    37.97779676666667,
    38.4916859125,
    38.8250194125,
    39.31529743541667,
    39.813908795833335,
    40.17224230833334,
    40.62640920208334,
    41.14029834791667,
    41.48196518541667,
    41.977798766666666,
    42.48474346458333,
    42.81391029583334,
    43.14307712708334,
    43.46113284166667,
    43.63474403958333,
    44.50141113958333,
    44.63196676041667,
    45.09585588125,
    45.475022737500005,
    45.972245208333334,
    46.476412127083336,
    46.815301185416665,
    47.32085699375,
    47.81391279583333,
    48.18752409375,
    48.477802016666665,
    48.831968860416666,
    50.01252500625,
    50.53752526875,
    50.79585873125,
    50.87780321666667,
    50.99030327291667,
    51.2416922875,
    51.473636847916666,
    51.57780356666667,
    51.683359175,
    51.91113706666667,
    52.6416929875,
    53.15697102291667,
    53.48058229583334,
    53.615304585416666,
    53.79308245208333
  ],
  "Bass Drum 1": [
    1.2583339625,
    1.816667575,
    3.6833351750000003,
    3.961113091666667,
    4.505557808333333,
    6.6416699875,
    7.15417024375,
    9.268060189583334,
    9.773615997916666,
    11.95417264375,
    12.483339575,
    12.601395189583334,
    14.643062877083334,
    15.159729802083334,
    15.251396514583334,
    17.294453091666668,
    17.81945335416667,
    19.936121079166668,
    20.463899120833332,
    20.551399164583334,
    22.598622410416667,
    23.112511556250002,
    25.259734852083334,
    25.781957335416667,
    27.906958397916668,
    28.423625322916667,
    28.504180918750002,
    29.793070452083334,
    30.633348650000002,
    31.163904470833334,
    33.2916833125,
    33.650016825,
    35.954184643750004,
    36.47918490625,
    38.66113044166667,
    39.141686237500004,
    41.30279842916667,
    41.818076464583335,
    43.950021975,
    44.47780001666667,
    46.64030109791667,
    47.15557913333333,
    49.343080227083334,
    49.84863603541667,
    51.34447011666667,
    51.99030377291667,
    52.34030394791667,
    54.584749514583336
  ],