{
  "Bass Drum 1": [
    0.0,
    0.675,
    2.1979166666666665,
    2.464583333333333,
    3.2104166666666667,
    3.7104166666666667,
    3.964583333333333,
    4.704166666666667,
    6.220833333333333,
    6.46875,
    7.2375,
    7.727083333333333,
    8.022916666666667,
    8.714583333333334,
    11.697916666666666,
    11.939583333333333,
    12.691666666666666,
    14.197916666666666,
    14.4625,
    15.2,
    15.716666666666667,
    15.979166666666666,
    16.72083333333333,
    18.23125,
    18.47083333333333,
    19.23125,
    19.75208333333333,
    19.997916666666665,
    20.725,
    22.216666666666665,
    22.47083333333333,
    23.21875,
    23.73125,
    23.983333333333334,
    24.70625,
    26.20625,
    26.497916666666665,
    27.229166666666668,
    27.727083333333333,
    27.997916666666665,
    28.727083333333333,
    30.210416666666667,
    30.495833333333334,
    32.00208333333333,
    32.702083333333334,
    34.2125,
    34.485416666666666,
    35.22708333333333,
    35.74166666666667,
    36.00625,
    36.735416666666666,
    37.99583333333333,
    38.71458333333333,
    40.010416666666664,
    40.733333333333334,
    41.7125,
    42.21458333333333,
    42.704166666666666,
    43.677083333333336,
    43.96666666666667,
    45.7125,
    46.18541666666667,
    46.48125,
    48.020833333333336,
    48.72708333333333,
    50.21458333333333,
    50.49791666666667,
    51.24375,
    51.766666666666666,
    52.01875,
    52.735416666666666,
    54.21875,
    54.50625,
    56.0375,
    56.731249999999996,
    58.25208333333333,
    58.510416666666664,
    59.2375,
    59.77291666666667,
    60.25,
    60.520833333333336,
    61.7375,
    62.00208333333333,
    62.739583333333336,
    64.0375,
    64.71875,
    66.24166666666666,
    66.49583333333334,
    67.25833333333333,
    67.725,
    68.02708333333334,
    68.73333333333333,
    70.22083333333333,
    70.49375,
    71.22291666666666,
    71.50416666666666,
    71.99583333333334,
    72.72083333333333,
    74.23333333333333,
    74.50625,
    75.25625,
    75.52916666666667,
    76.03958333333333,
    76.71875,
    78.2,
    78.46458333333334,
    79.23125,
    79.46666666666667
  ],
  "Closed Hi Hat": [
    0.0,
    0.20833333333333334,
    0.45208333333333334,
    0.69375,
    0.9479166666666666,
    1.1854166666666666,
    1.4520833333333334,
    1.70625,
    1.95,
    2.2,
    2.4541666666666666,
    2.689583333333333,
    2.9729166666666664,
    3.216666666666667,
    3.475,
    3.7312499999999997,
    3.9854166666666666,
    4.21875,
    4.472916666666666,
    4.716666666666667,
    4.96875,
    5.204166666666667,
    5.460416666666666,
    5.7125,
    5.975,
    6.214583333333334,
    6.45625,
    6.710416666666666,
    6.989583333333333,
    7.50625,
    7.772916666666666,
    8.022916666666667,
    8.252083333333333,
    8.495833333333334,
    8.733333333333333,
    8.997916666666667,
    9.233333333333333,
    9.46875,
    9.720833333333333,
    9.98125,
    10.191666666666666,
    10.45,
    10.68125,
    10.94375,
    11.189583333333333,
    11.4375,
    11.691666666666666,
    11.945833333333333,
    12.19375,
    12.439583333333333,
    12.683333333333334,
    12.966666666666667,
    13.206249999999999,
    13.441666666666666,
    13.704166666666666,
    13.956249999999999,
    14.195833333333333,
    14.433333333333334,
    14.7,
    14.956249999999999,
    15.220833333333333,
    15.477083333333333,
    15.745833333333334,
    15.989583333333334,
    16.25208333333333,
    16.477083333333333,
    16.733333333333334,
    16.98125,
    17.20625,
    17.485416666666666,
    17.725,
    17.991666666666667,
    18.241666666666667,
    18.4875,
    18.71875,
    18.989583333333332,
    19.23125,
    19.5,
    19.758333333333333,
    20.010416666666668,
    20.233333333333334,
    20.472916666666666,
    20.735416666666666,
    20.997916666666665,
    21.24375,
    21.491666666666667,
    21.75,
    21.995833333333334,
    22.245833333333334,
    22.483333333333334,
    22.729166666666668,
    22.979166666666668,
    23.235416666666666,
    23.479166666666668,
    23.739583333333332,
    23.9875,
    24.22083333333333,
    24.464583333333334,
    24.729166666666668,
    24.972916666666666,
    25.202083333333334,
    25.472916666666666,
    25.733333333333334,
    25.98125,
    26.233333333333334,
    26.477083333333333,
    26.722916666666666,
    26.983333333333334,
    27.229166666666668,
    27.483333333333334,
    27.745833333333334,
    27.991666666666667,
    28.229166666666668,
    28.474999999999998,
    28.733333333333334,
    28.985416666666666,
    29.2375,
    29.4875,
    29.716666666666665,
    29.9875,
    30.235416666666666,
    30.479166666666668,
    30.71875,
    30.96875,
    31.210416666666667,
    31.4625,
    31.958333333333332,
    32.19375,
    32.427083333333336,
    32.697916666666664,
    32.958333333333336,
    33.204166666666666,
    33.47083333333333,
    33.72083333333333,
    33.98125,
    34.22708333333333,
    34.475,
    34.72291666666666,
    34.9875,
    35.24166666666667,
    35.489583333333336,
    35.74583333333333,
    35.99583333333333,
    36.229166666666664,
    36.475,
    36.725,
    36.9875,
    37.229166666666664,
    37.46875,
    37.975,
    38.19166666666666,
    38.454166666666666,
    38.704166666666666,
    38.9625,
    39.21875,
    39.46666666666667,
    39.989583333333336,
    40.233333333333334,
    40.489583333333336,
    40.74791666666667,
    41.00625,
    41.24166666666667,
    41.475,
    41.729166666666664,
    41.97083333333333,
    42.22291666666666,
    42.47291666666666,
    42.7125,
    42.97291666666666,
    43.21666666666667,
    43.47291666666666,
    43.71875,
    43.9625,
    44.18125,
    44.42916666666667,
    44.6875,
    44.9625,
    45.202083333333334,
    45.458333333333336,
    45.71875,
    45.9625,
    46.21875,
    46.46666666666667,
    46.71666666666667,
    46.98125,
    47.22708333333333,
    47.47708333333333,
    47.985416666666666,
    48.22708333333333,
    48.47291666666666,
    48.74166666666667,
    48.9875,
    49.22291666666666,
    49.475,
    49.735416666666666,
    49.97708333333333,
    50.233333333333334,
    50.475,
    50.71666666666667,
    50.98125,
    51.25208333333333,
    51.50416666666666,
    51.75833333333333,
    52.00625,
    52.24583333333333,
    52.49375,
    52.74166666666667,
    52.99583333333333,
    53.22083333333333,
    53.47708333333333,
    53.725,
    53.99166666666667,
    54.24583333333333,
    54.49791666666667,
    54.731249999999996,
    54.99791666666667,
    55.235416666666666,
    55.485416666666666,
    56.016666666666666,
    56.2375,
    56.479166666666664,
    56.733333333333334,
    56.9875,
    57.24166666666667,
    57.50625,
    57.74375,
    58.020833333333336,
    58.275,
    58.514583333333334,
    58.74583333333333,
    59.00833333333333,
    59.27291666666667,
    59.510416666666664,
    59.766666666666666,
    60.00833333333333,
    60.24583333333333,
    60.50625,
    60.764583333333334,
    61.00208333333333,
    61.25625,
    61.5,
    61.75625,
    62.010416666666664,
    62.262499999999996,
    62.5,
    62.75,
    62.99791666666667,
    63.22083333333333,
    64.0,
    64.02083333333333,
    64.2375,
    64.47916666666667,
    64.7125,
    64.97083333333333,
    65.22291666666666,
    65.48125,
    65.73125,
    65.99791666666667,
    66.24791666666667,
    66.49791666666667,
    67.0125,
    67.2625,
    67.51041666666667,
    67.75208333333333,
    68.01458333333333,
    68.2625,
    68.48958333333333,
    68.75,
    69.00625,
    69.24166666666666,
    69.49791666666667,
    69.75,
    70.0,
    70.24166666666666,
    70.4875,
    70.7375,
    70.99166666666666,
    71.23958333333333,
    71.49375,
    71.98333333333333,
    72.23125,
    72.48541666666667,
    72.73958333333333,
    73.00208333333333,
    73.23333333333333,
    73.50625,
    73.75833333333333,
    74.0125,
    74.25416666666666,
