{
  "Acoustic Snare": [
    0.57692175,
    0.65384465,
    0.6939086604166667,
    0.7403829125,
    0.9743567333333334,
    1.2227535979166666,
    1.4839709458333334,
    2.65384005
  ],
  "High Tom": [
    2.12980279375
  ],
  "High Floor Tom": [
    2.1987128916666667
  ],
  "Bass Drum 1": [
    2.2596101875
  ],
  "Open Hi Hat": [
    2.6634554125000003
  ]
}