{
  "High Floor Tom": [
    0.008035706250000002,
    0.23124976875000003,
    0.43303528125000007,
    2.57410456875
  ],
  "High Tom": [
    0.014285700000000002,
    0.22142835000000002,
    0.42946385625000005,
    1.4696413875000003,
    1.6999983000000003
  ],
  "Closed Hi Hat": [
    0.41517815625000004,
    1.2321416250000001,
    2.9741041687500003
  ],
  "Bass Drum 1": [
    0.63124936875,
    2.3446405125000003,
    2.7732115125000005,
    3.1732111125
  ],
  "Acoustic Snare": [
    0.8473205812500001,
    0.8839276875000002,
    2.5964259750000003
  ],
  "Low-Mid Tom": [
    1.9258909312500003,
    2.1374978625
  ]
}