{
  "Acoustic Snare": [
    0.8419634437500001,
    0.8812491187500001
  ],
  "Bass Drum 1": [
    1.0732132125000002,
    1.4383914187500002
  ],
  "Closed Hi Hat": [
    1.2196416375,
    2.11339074375,
    2.5419617437500004
  ],
  "High Tom": [
    1.6892840250000003,
    1.7419625437500001
  ],
  "Low-Mid Tom": [
    2.1232121625
  ],
  "High Floor Tom": [
    2.3383905187500003,
    2.7562472437500003,
    2.9669613187500006
  ]
}