{
  "Closed Hi Hat": [
    0.011607131250000001,
    2.12231930625
  ],
  "Acoustic Snare": [
    0.41249958750000004,
    1.6526769187500001,
    1.6937483062500003
  ],
  "Open Hi Hat": [
    0.4249995750000001,
    0.5008923562500001
  ],
  "High Tom": [
    1.0857132,
    2.3241048187500004,
    2.5642831500000005
  ],
  "High Floor Tom": [
    1.1589274125000002,
    2.9812470187500004
  ],
  "Bass Drum 1": [
    1.2223202062500003
  ]
}