{
  "Acoustic Snare": [
    0.39374960625000005,
    1.6910697375000001,
    1.9053552375000002,
    2.1151764562500004,
    2.3294619562500003,
    2.5544617312500004,
    2.9866041562500003
  ],
  "Open Hi Hat": [
    0.40535673750000006
  ],
  "High Tom": [
    1.07232035625
  ],
  "High Floor Tom": [
    1.13660600625,
    1.6857126000000002,
    1.9035695250000002,
    2.1285693,
    2.34374765625,
    2.55267601875
  ],
  "Bass Drum 1": [
    1.2205344937500002,
    2.7991043437500003
  ],
  "Closed Hi Hat": [
    1.2374987625000002,
    1.6705340437500003,
    2.1160693125,
    2.7607115250000005,
    2.9812470187500004
  ]
}