{
  "High Tom": [
    0.0,
    0.20714265000000004,
    0.43214242500000005,
    0.6294636562500001,
    0.8374991625000001,
    1.0410703875,
    1.2526773187500002,
    1.460712825,
    1.6839268875000002,
    1.8982123875000003,
    2.1116050312500003
  ],
  "High Floor Tom": [
    0.005357137500000001,
    0.21249978750000004,
    0.42321386250000004,
    0.6276779437500001,
    0.8428563000000001,
    1.0526775187500002,
    1.2732130125,
    1.4857128000000002,
    1.6910697375000001,
    1.9053552375000002,
    2.1232121625
  ],
  "Closed Hi Hat": [
    0.39464246250000007,
    0.7955349187500002,
    1.2526773187500002,
    1.6749983250000002,
    2.1151764562500004
  ],
  "Bass Drum 1": [
    2.3205333937500003
  ],
  "Acoustic Snare": [
    2.52231890625,
    2.5624974375000003
  ]
}