{
  "High Floor Tom": [
    0.0089285625,
    0.21785692500000003,
    0.4249995750000001
  ],
  "High Tom": [
    0.009821418750000002,
    0.22857120000000003,
    0.44285670000000005
  ],
  "Closed Hi Hat": [
    0.024107118750000003,
    0.40803530625000006
  ],
  "Bass Drum 1": [
    0.6276779437500001
  ],
  "Acoustic Snare": [
    0.8508920062500002,
    0.8892848250000002
  ]
}