{
  "High Tom": [
    0.005357137500000001,
    0.22321406250000003,
    0.42589243125000004
  ],
  "High Floor Tom": [
    0.008035706250000002,
    0.21785692500000003,
    0.41785672500000004
  ],
  "Closed Hi Hat": [
    0.39732103125000007
  ],
  "Bass Drum 1": [
    0.6124993875000001,
    1.2642844500000001
  ],
  "Acoustic Snare": [
    0.8303563125000001,
    0.8669634187500002
  ]
}