{
  "High Tom": [
    1.0646913854166669,
    1.18749821875,
    1.3234629270833334,
    1.45723465625
  ],
  "High Floor Tom": [
    1.5800414895833335,
    1.6951728958333334,
    1.8201727083333334,
    1.9594268854166668
  ]
}