{
  "Bass Drum 1": [
    0.0,
    1.66875,
    3.7487500000000002,
    3.86875,
    4.705
  ],
  "Crash Cymbal 1": [
    0.0
  ],
  "Closed Hi Hat": [
    0.63625,
    1.16,
    3.105,
    4.47
  ],
  "Acoustic Snare": [
    1.18875,
    1.22,
    1.4925,
    1.51125,
    1.65125,
    2.09625,
    2.5500000000000003,
    2.7,
    2.7925,
    2.88125,
    2.99625,
    4.05,
    4.25625,
    4.36125
  ],
  "High Tom": [
    1.8,
    1.94,
    2.2487500000000002,
    3.0812500000000003,
    3.17875,
    4.45875,
    4.66375
  ],
  "Low-Mid Tom": [
    2.38375,
    3.2775,
    3.3850000000000002,
    4.5675
  ],
  "High Floor Tom": [
    3.4775,
    3.5925000000000002,
    3.68125,
    3.9450000000000003
  ]
}