{
  "Closed Hi Hat": [
    0.0
  ],
  "High Floor Tom": [
    0.23383603541666667,
    0.5064651458333334,
    0.7553873770833334,
    1.0334044145833334,
    1.1659474208333334,
    1.3049559395833334,
    1.5215506083333334
  ],
  "High Tom": [
    0.23706879166666667,
    0.49999963333333336,
    0.7553873770833334,
    1.03771475625,
    1.1756456895833334
  ],
  "Bass Drum 1": [
    1.3857748458333334,
    1.6831884208333334
  ],
  "Acoustic Snare": [
    1.5409471458333335
  ]
}