{
  "Acoustic Snare": [
    2.68825090625,
    2.74246773125,
    2.78313035,
    2.8192749,
    2.85090138125,
    3.3975877,
    3.575298404166667,
    3.760539222916667,
    3.9442740187500003
  ],
  "High Tom": [
    3.2123468812500002,
    4.11596063125
  ],
  "Low-Mid Tom": [
    4.3027074729166666,
    4.4819242,
    4.670177064583333
  ],
  "High Floor Tom": [
    4.86596004375,
    5.0466827937500005,
    5.242465772916667,
    5.438248752083333
  ]
}