{
  "Bass Drum 1": [
    0.0,
    1.0625001416666666,
    1.2948371291666667,
    2.5625003416666665,
    3.650815704166667,
    3.875000516666667,
    4.964674575,
    5.209239825,
    6.270381270833333,
    6.513587825,
    7.555707529166667,
    7.769022775,
    8.858696833333333,
    9.103262083333334,
    9.529892575,
    10.194294837500001,
    10.429349216666667,
    11.495925445833334,
    11.725545041666667,
    12.76630605,
    13.001360429166667,
    14.100545358333333,
    14.347828,
    15.434784666666667,
    15.669839045833333,
    16.726904404166667,
    16.959241391666666,
    18.0366871875,
    18.274458958333334,
    19.7608722,
    20.838317995833332,
    21.921198575000002,
    22.14810077916667,
    23.2173944,
    23.451090083333334,
    24.557068491666666,
    24.816579395833333,
    26.059786083333336,
    27.154894925,
    27.383155825,
    28.690221216666668,
    29.766308316666667,
    30.009514870833335,
    31.31522156666667,
    32.398102145833334,
    32.633156525000004,
    33.68206970833334,
    33.9089719125,
    34.98370031666667,
    35.21603730416667,
    36.29891788333333
  ],
  "Closed Hi Hat": [
    0.009510870833333334,
    0.26086960000000003,
    0.3940217916666667,
    0.6589674791666666,
    0.872282725,
    1.0570653583333334,
    1.2826088666666666,
    1.687500225,
    1.9252719958333333,
    2.346467704166667,
    2.5720112125,
    2.7975547208333333,
    2.9932069208333334,
    3.2119569500000003,
    3.4442939375,
    3.650815704166667,
    3.8777179083333335,
    4.127717941666667,
    4.309783183333334,
    4.555707129166667,
    4.783968029166667,
    4.986413708333333,
    5.209239825,
    5.434783333333334,
    5.62500075,
    5.854620345833333,
    6.082881245833334,
    6.274457358333334,
    6.504076954166667,
    6.726903070833334,
    6.938859620833334,
    7.15760965,
    7.377718375000001,
    7.572011879166667,
    7.7826097333333335,
    8.014946720833333,
    8.224185879166667,
    8.444294604166666,
    8.6739142,
    8.870925095833334,
    9.096468604166667,
    9.3301642875,
    9.779892608333334,
    10.0149469875,
    10.207881795833334,
    10.4307079125,
    10.669838379166666,
    10.868207970833334,
    11.073371041666666,
    11.297555854166667,
    11.497284141666666,
    11.717392866666668,
    11.937501591666667,
    12.161686404166668,
    12.379077737500001,
    12.5869582,
    12.788045183333333,
    13.009512604166668,
    13.240490895833334,
    13.441577879166667,
    13.676632258333333,
    13.913045333333333,
    14.110056229166666,
    14.341034520833334,
    14.562501941666667,
    15.017665045833335,
    15.251360729166667,
    15.448371625,
    15.669839045833333,
    15.907610816666667,
    16.09239345,
    16.323371741666666,
    16.550273945833332,
    16.741850058333334,
    16.97146965416667,
    17.1847849,
    17.39674145,
    17.616850175,
    17.847828466666666,
    18.047556754166667,
    18.266306783333334,
    18.4891329,
    18.691578579166666,
    18.918480783333333,
    19.119567766666666,
    19.335600404166666,
    19.5448395625,
    19.998643970833335,
    20.19565486666667,
    20.391307066666666,
    20.616850575,
    20.847828866666667,
    21.086959333333333,
    21.491850691666667,
    21.72011159166667,
    21.918481183333334,
    22.154894258333336,
    22.379079070833335,
    22.573372575,
    22.792122604166668,
    22.994568283333333,
    23.211959616666668,
    23.45652486666667,
    23.69022055,
    23.88451405416667,
    24.1182097375,
    24.34918802916667,
    24.550275012500002,
    24.783970695833332,
    25.395383820833334,
    25.426633825,
    25.657612116666666,
    26.0665795625,
    26.30571002916667,
    26.500003533333334,
    26.721470954166666,
    26.957884029166667,
    27.1589710125,
    27.607340637500002,
    28.021742866666667,
    28.256797245833333,
    28.47011249166667,
    28.690221216666668,
    28.937503858333333,
    29.114134316666668,
    29.343753912500002,
    29.577449595833333,
    29.762232229166667,
    29.991851825,
    30.274460558333335,
    30.44022145,
    30.652178,
    30.862775854166667,
    31.082884579166667,
    31.971471654166667,
    32.21196081666667,
    32.404895625,
    32.87228699166667,
    33.254080520833334,
    33.490493595833335,
    33.688863187500004,
    33.913048,
    34.1290806375,
    34.32609153333333,
    34.56658069583334,
    34.788048116666666,
    34.9850590125,
    35.217396,
    35.437504725000004,
    35.646743883333336,
    35.870928695833335,
    36.095113508333334,
    36.2934831
  ],
  "Acoustic Snare": [
    0.6548913916666667,
    1.9252719958333333,
    3.2160330375,
    4.555707129166667,
    5.85326165,
    6.808424820833333,
    7.156250954166667,
    8.444294604166666,
    9.7785339125,
    11.078805825,
    12.038045083333333,
    12.368208170833334,
    13.676632258333333,
    15.012230262500001,
    16.326089133333333,
    17.62500235,
    18.918480783333333,
    19.98369831666667,
    20.616850575,
    21.502720258333333,
    22.786687820833333,
    24.111416258333335,
    25.421199041666668,
    26.717394866666666,
    28.019025475,
    29.336960433333335,
    30.650819304166667,
    31.077449795833335,
    31.9687542625,
    33.2567979125,
    34.55978721666667,
    35.870928695833335
  ],
  "Open Hi Hat": [
    9.546196925,
    9.771740433333333,
    14.777175883333333,
    15.01630635,
    19.7649482875,
    19.97962222916667,
    25.012231595833335,
    27.384514520833335,
    30.222830116666668,
    32.633156525000004,
    32.8573413375
  ],
  "Crash Cymbal 1": [
    31.302993304166666
  ]
}