{
  "Closed Hi Hat": [
    0.43220375000000005,
    1.4639842708333335
  ],
  "Acoustic Snare": [
    1.7213997395833334,
    1.868645625,
    2.505298697916667,
    2.6260615104166667,
    3.010595729166667,
    3.7521217708333334,
    3.884537135416667,
    4.0222491145833335,
    4.152545833333334,
    4.224579791666667,
    4.304029010416667,
    4.427969791666667,
    4.806148072916667,
    5.4618689583333335,
    5.5858097395833335,
    5.716106458333334
  ],
  "High Tom": [
    1.9883491145833334,
    2.1271204166666666,
    2.7510616145833335,
    2.873943072916667,
    3.1461890625000004,
    4.55085125,
    4.684325937500001,
    4.949156666666667
  ],
  "Bass Drum 1": [
    2.247883229166667,
    2.3845358854166667,
    2.4661037500000003,
    3.3993672395833334,
    3.488350364583334,
    4.443859635416667,
    5.0847500000000005,
    5.203394166666667
  ],
  "Low-Mid Tom": [
    3.266951875,
    3.6355962500000003,
    5.318860364583334
  ],
  "High Floor Tom": [
    5.85699640625,
    5.988352447916667
  ]
}