{
  "High Tom": [
    0.007142850000000001,
    0.40446388125000005,
    1.2437487562500003
  ],
  "High Floor Tom": [
    0.017857125,
    0.41339244375000006,
    1.2785701500000002
  ],
  "Closed Hi Hat": [
    0.3624996375,
    1.2589273125000002
  ],
  "Bass Drum 1": [
    0.5982136875
  ],
  "Acoustic Snare": [
    0.8312491687500001,
    0.8616062812500002
  ]
}