{
  "High Tom": [
    0.0,
    0.21071407500000003,
    0.4169638687500001
  ],
  "High Floor Tom": [
    0.005357137500000001,
    0.22142835000000002,
    0.41607101250000006
  ],
  "Bass Drum 1": [
    0.6187493812500001
  ],
  "Acoustic Snare": [
    0.8312491687500001,
    0.8651777062500001,
    1.06160608125,
    1.2776772937500003
  ]
}