{
  "Acoustic Snare": [
    0.0,
    0.04732138125000001,
    0.43482099375000005,
    0.6616064812500001,
    1.0883917687500002
  ],
  "Closed Hi Hat": [
    0.0,
    0.41339244375000006,
    0.8589277125000001
  ],
  "High Tom": [
    1.15803455625
  ],
  "High Floor Tom": [
    1.2249987750000002
  ],
  "Bass Drum 1": [
    1.2946415625
  ]
}