{
  "Acoustic Snare": [
    0.014285700000000002,
    0.06517850625,
    0.27321401250000005,
    0.6758921812500001,
    0.8982133875000001,
    1.2883915687500003
  ],
  "Open Hi Hat": [
    0.44285670000000005,
    1.09196319375
  ],
  "Bass Drum 1": [
    0.45446383125000006,
    1.0544632312500002
  ],
  "Closed Hi Hat": [
    0.63124936875,
    1.2919629937500001
  ]
}