{
  "Acoustic Snare": [
    0.0,
    0.041964243750000005,
    0.22589263125000003,
    0.63660650625,
    0.8455348687500001
  ],
  "Open Hi Hat": [
    0.41071387500000006,
    1.0419632437500002
  ],
  "Bass Drum 1": [
    0.42142815000000006,
    0.9839275875000001
  ],
  "Closed Hi Hat": [
    0.5946422625000001
  ],
  "High Floor Tom": [
    1.2758915812500002
  ]
}