{
  "Acoustic Snare": [
    0.013392843750000001,
    0.037499962500000004,
    0.22499977500000004
  ],
  "Bass Drum 1": [
    0.43035671250000007
  ],
  "Open Hi Hat": [
    0.43035671250000007
  ],
  "High Tom": [
    0.6392850750000001,
    0.8571420000000001
  ],
  "Closed Hi Hat": [
    1.2276773437500001
  ],
  "High Floor Tom": [
    1.2714273000000003,
    1.5062484937500003
  ]
}