{
  "Acoustic Snare": [
    0.0,
    0.050892806250000006
  ],
  "Bass Drum 1": [
    0.40267816875000007
  ],
  "Open Hi Hat": [
    0.4419638437500001
  ],
  "Closed Hi Hat": [
    0.6133922437500001
  ],
  "High Tom": [
    0.65267791875,
    0.8508920062500002
  ],
  "High Floor Tom": [
    1.29017728125,
    1.5223199062500001
  ]
}