{
  "Closed Hi Hat": [
    0.4089281625000001,
    0.8392848750000002,
    1.26874873125
  ],
  "High Tom": [
    0.4196424375000001
  ],
  "Acoustic Snare": [
    0.64196364375,
    0.8455348687500001,
    1.0651775062500002,
    1.2937487062500002,
    1.5071413500000002
  ]
}