{
  "High Floor Tom": [
    0.39107103750000005,
    0.60446368125,
    0.8303563125000001,
    1.0267846875000002,
    1.2553558875000002,
    1.4732128125000001
  ],
  "Acoustic Snare": [
    0.39732103125000007,
    0.59285655,
    0.8464277250000001,
    1.0348203937500002,
    1.2633915937500002,
    1.4857128000000002
  ],
  "Closed Hi Hat": [
    0.41339244375000006,
    0.8151777562500001,
    1.2285702
  ]
}