{
  "Closed Hi Hat": [
    0.0,
    0.39464246250000007,
    0.8392848750000002,
    1.25624874375,
    2.8919613937500004
  ],
  "High Tom": [
    0.0,
    0.21160693125000002,
    0.42142815000000006,
    0.6339279375000001,
    0.8446420125000001,
    1.0517846625000002,
    1.2624987375
  ],
  "High Floor Tom": [
    0.005357137500000001,
    0.20089265625000002,
    0.42321386250000004,
    0.6357136500000001,
    0.8526777187500001,
    1.0499989500000002,
    1.2678558750000002,
    2.9714256000000003
  ],
  "Bass Drum 1": [
    1.4973199312500003,
    1.9151766562500003,
    2.3232119625000003
  ],
  "Acoustic Snare": [
    1.6901768812500002,
    1.7258911312500003,
    2.1249978750000005,
    2.15624784375,
    2.5428546000000005,
    2.5821402750000004,
    2.7562472437500003
  ]
}