{
  "High Floor Tom": [
    1.0383756354166667,
    1.1754368333333334,
    1.2982436666666668,
    1.4374978437500001,
    1.554822229166667,
    1.8103043020833336
  ],
  "High Tom": [
    1.0416651041666667,
    1.18091928125,
    1.3157875,
    1.4495592291666668,
    1.5910063854166667,
    1.8146902604166668
  ]
}