{
  "Crash Cymbal 1": [
    0.0,
    9.56125
  ],
  "Bass Drum 1": [
    0.00875,
    9.4725,
    9.5775
  ],
  "Closed Hi Hat": [
    0.57875,
    1.1375,
    1.69375,
    2.335,
    2.9362500000000002,
    3.57875,
    4.15125,
    4.76625,
    5.37375,
    5.95875,
    6.51875,
    7.115,
    7.82,
    8.3875,
    8.96625,
    10.175
  ],
  "Acoustic Snare": [
    1.1325,
    1.28,
    2.64875,
    2.8175,
    5.07,
    5.2225,
    5.37625,
    5.5225,
    5.58125,
    5.6325,
    5.67875,
    5.8325000000000005,
    6.00375,
    6.615,
    6.8950000000000005,
    7.21125,
    7.495,
    7.7925,
    7.9475,
    8.22125,
    8.38125,
    8.52,
    8.585,
    8.67875,
    8.835,
    8.9625,
    9.0625,
    9.2775
  ],
  "High Floor Tom": [
    1.135,
    1.4212500000000001,
    1.75625,
    1.9075,
    2.21375,
    2.3725,
    2.6550000000000002,
    2.95375,
    3.265,
    3.57375,
    3.895,
    4.2,
    4.5062500000000005,
    4.635,
    4.7875000000000005,
    5.07125,
    6.43,
    6.74875,
    7.0575,
    7.3525,
    7.6537500000000005,
    8.095,
    9.36125,
    9.47125
  ],
  "Low-Mid Tom": [
    1.58375,
    3.12,
    3.43,
    3.73875,
    4.04,
    4.33,
    6.28625,
    9.1675
  ],
  "High Tom": [
    6.1475
  ]
}