{
  "Closed Hi Hat": [
    0.0,
    1.2004301541666667,
    1.4407317020833335
  ],
  "Acoustic Snare": [
    0.10668095625,
    0.2262929375,
    0.36314628541666666,
    0.48814619375,
    0.6131461020833333,
    0.74676669375,
    0.8642235041666667,
    0.9935337541666667,
    1.2553870104166667,
    1.5129299250000001
  ],
  "Bass Drum 1": [
    1.1249991750000001,
    1.3900851875,
    1.6357746625,
    1.7790935229166667
  ],
  "Open Hi Hat": [
    1.1228440041666667,
    1.3879300166666668,
    1.7790935229166667
  ]
}