{
  "High Tom": [
    0.035416666666666666,
    0.2864583333333333,
    0.3927083333333333,
    0.6333333333333333,
    0.7666666666666666,
    1.1635416666666667,
    1.4166666666666667,
    1.5447916666666666,
    1.640625,
    1.7645833333333334,
    2.271875,
    2.403125,
    2.671875,
    2.7979166666666666,
    3.1625,
    3.419791666666667,
    3.525,
    3.6354166666666665,
    3.76875,
    4.261458333333334,
    4.402083333333334,
    4.669791666666667,
    4.80625,
    5.179166666666666,
    5.423958333333333,
    5.54375,
    5.775,
    5.907291666666667,
    6.422916666666667,
    6.6656249999999995,
    6.808333333333334
  ],
  "Ride Cymbal 1": [
    2.0083333333333333,
    3.995833333333333,
    6.032291666666667
  ],
  "Bass Drum 1": [
    2.027083333333333,
    4.01875,
    6.073958333333334
  ]
}