{
  "Bass Drum 1": [
    2.71084125,
    3.1084313,
    3.4683707770833334
  ],
  "Acoustic Snare": [
    2.8599375187500002,
    3.2063227895833335,
    3.7123464895833336,
    3.9442740187500003,
    4.066261875,
    4.18824973125,
    4.30571951875,
    4.42318930625,
    4.673189110416667,
    4.89306845625,
    5.018068358333333
  ],
  "High Floor Tom": [
    2.965359122916667,
    5.512043875,
    5.650597983333333
  ],
  "Low-Mid Tom": [
    3.3418648520833334,
    5.256019979166667,
    5.3960801104166665
  ],
  "High Tom": [
    3.5768044270833332,
    4.5451771625,
    5.1340321229166666
  ]
}