{
  "Bass Drum 1": [
    0.3145833333333333,
    0.8072916666666666,
    0.9562499999999999,
    1.315625,
    1.8395833333333333,
    1.8885416666666666,
    2.3010416666666664,
    2.355208333333333,
    2.815625,
    2.86875,
    3.3375,
    3.372916666666667,
    3.821875,
    3.870833333333333,
    4.303125,
    4.36875,
    4.810416666666667,
    4.879166666666666,
    5.294791666666667,
    5.327083333333333,
    5.797916666666667,
    5.951041666666667
  ],
  "Open Hi Hat": [
    0.46979166666666666,
    0.9708333333333333,
    1.4802083333333333,
    2.003125,
    2.5125,
    3.0083333333333333,
    3.515625,
    3.571875,
    4.022916666666666,
    4.517708333333333,
    5.016666666666667,
    5.50625
  ],
  "Acoustic Snare": [
    0.475,
    1.4864583333333332,
    1.9885416666666667,
    2.4854166666666666,
    2.996875,
    3.513541666666667,
    4.007291666666666,
    4.5,
    4.998958333333333,
    5.495833333333334
  ],
  "Crash Cymbal 1": [
    5.95
  ]
}