{
  "High Tom": [
    1.0296618750000002,
    1.4120774479166667
  ],
  "Acoustic Snare": [
    1.1546619791666668,
    1.2775434375,
    1.66843359375
  ],
  "Low-Mid Tom": [
    1.5349589062500002
  ],
  "High Floor Tom": [
    1.7913150520833334
  ],
  "Bass Drum 1": [
    1.8993659895833335,
    2.0275440625
  ],
  "Crash Cymbal 1": [
    1.9110185416666667,
    2.034959322916667
  ]
}