{
  "Closed Hi Hat": [
    0.6739131333333334,
    0.8831522916666666,
    1.0883153625,
    1.3247284375000001,
    1.5584241208333334,
    1.7309784916666666,
    1.9660328708333334,
    2.1997285541666667,
    2.3872285791666665,
    2.6127720875000002,
    2.8342395083333334,
    3.040761275,
    3.2622286958333335,
    3.4891309,
    3.6902178833333332,
    3.9062505208333334,
    4.123641854166666,
    4.350544058333333,
    4.582881045833333,
    4.804348466666667,
    4.9932071875,
    5.222826783333334,
    5.4375007250000005,
    5.652174666666667,
    5.876359479166667,
    6.282609533333334,
    6.502718258333333,
    6.722826983333333,
    6.92934875,
    7.164403129166667,
    7.366848808333334,
    7.5855988375,
    7.812501041666667,
    8.048914116666667,
    8.267664145833333,
    8.493207654166667,
    8.701088116666666,
    8.917120754166667,
    9.133153391666667,
    9.3627729875,
    9.572012145833334,
    9.785327391666668,
    10.033968729166666,
    10.220110058333333
  ],
  "Acoustic Snare": [
    0.6793479166666667,
    1.9592393916666668,
    3.2717395666666667,
    4.582881045833333,
    5.868207304166667,
    7.164403129166667,
    7.578805358333334,
    8.495925045833333,
    9.792120870833333
  ],
  "Bass Drum 1": [
    1.0801631875,
    1.328804525,
    2.3790764041666668,
    2.6046199125,
    3.0584243208333333,
    3.6739135333333333,
    3.9035331291666666,
    4.354620145833334,
    4.974185445833333,
    5.2133159125,
    5.652174666666667,
    6.267663879166667,
    6.52174,
    7.812501041666667,
    8.264946754166667,
    8.899457708333333,
    9.138588175,
    9.547555620833334,
    10.188860054166668
  ]
}