{
  "Bass Drum 1": [
    1.4839270875000001,
    1.9080338062500002,
    2.3446405125000003
  ],
  "Acoustic Snare": [
    1.6821411750000002,
    1.7223197062500002,
    2.1035693250000005,
    2.153569275,
    2.5419617437500004,
    2.5696402875000004,
    2.7437472562500003
  ],
  "High Floor Tom": [
    2.9419613437500005
  ]
}