{
  "Acoustic Snare": [
    0.0,
    0.029464256250000005,
    0.42142815000000006,
    0.44285670000000005
  ],
  "Bass Drum 1": [
    0.19910694375000001,
    0.6464279250000001
  ],
  "High Tom": [
    0.8723205562500002,
    1.0678560750000001
  ],
  "High Floor Tom": [
    1.2937487062500002
  ]
}