{
  "Acoustic Snare": [
    0.0,
    0.034821393750000006,
    0.43660670625000003,
    0.45892811250000004
  ],
  "Bass Drum 1": [
    0.21607121250000003,
    0.6482136375
  ],
  "High Tom": [
    0.8714277000000001,
    1.0660703625,
    1.2830344312500002
  ]
}