{
  "Acoustic Snare": [
    0.015178556250000003,
    0.049107093750000004,
    0.43749956250000005,
    0.46160668125000004,
    0.8455348687500001,
    0.8919633937500001,
    1.2892844250000002
  ],
  "Bass Drum 1": [
    0.22589263125000003,
    0.63124936875
  ],
  "Closed Hi Hat": [
    1.0785703500000001,
    1.2767844375000001
  ]
}