{
  "Acoustic Snare": [
    0.008035706250000002,
    0.04821423750000001,
    1.0589275125000002,
    1.2803558625000002
  ],
  "Closed Hi Hat": [
    0.403571025
  ],
  "High Tom": [
    0.6723207562500001
  ],
  "High Floor Tom": [
    0.724999275
  ],
  "Bass Drum 1": [
    0.8285706000000002
  ]
}