{
  "High Floor Tom": [
    0.21696406875000002
  ],
  "High Tom": [
    0.42946385625000005,
    0.6499993500000001,
    1.05803465625,
    1.26696301875
  ],
  "Closed Hi Hat": [
    0.4883923687500001
  ]
}