{
  "Closed Hi Hat": [
    0.0,
    0.37946390625000004,
    0.8178563250000002,
    1.2553558875000002,
    1.9839265875000003
  ],
  "High Floor Tom": [
    0.008035706250000002,
    0.20892836250000002,
    0.44553526875000005,
    0.6562493437500001,
    0.8642848500000001,
    1.0607132250000002,
    1.2776772937500003
  ],
  "High Tom": [
    0.23214262500000002,
    0.45089240625000004,
    0.6464279250000001,
    0.8508920062500002,
    1.0517846625000002,
    1.26874873125
  ],
  "Bass Drum 1": [
    1.4714271
  ],
  "Acoustic Snare": [
    1.6696411875000001,
    1.7169625687500003,
    1.9830337312500002,
    2.0339265375,
    2.2526763187500003,
    2.30714055,
    2.5482117375000004,
    2.5839259875000002
  ]
}