{
  "Closed Hi Hat": [
    0.0,
    0.4116067312500001,
    0.8124991875,
    1.2883915687500003,
    1.5151770562500002,
    1.7160697125000002
  ],
  "Acoustic Snare": [
    0.20089265625000002,
    0.41607101250000006,
    0.42946385625000005,
    0.6187493812500001,
    0.6383922187500001,
    0.8562491437500002,
    1.0651775062500002
  ],
  "High Tom": [
    1.2696415875000002,
    1.5008913562500001,
    1.9026766687500003,
    2.1285693
  ],
  "Bass Drum 1": [
    2.3517833625000004
  ],
  "High Floor Tom": [
    2.5803545625
  ],
  "Open Hi Hat": [
    2.5803545625
  ]
}