{
  "Closed Hi Hat": [
    0.0,
    1.2517844625,
    1.6785697500000003
  ],
  "Acoustic Snare": [
    0.44374955625000007,
    2.5874974125000003
  ],
  "Bass Drum 1": [
    0.6499993500000001,
    2.3303548125000004
  ],
  "High Floor Tom": [
    0.8901776812500001,
    2.5749974250000003
  ],
  "High Tom": [
    1.2785701500000002,
    1.49910564375,
    1.8883909687500002,
    2.1062478937500004
  ]
}