{
  "Closed Hi Hat": [
    0.0,
    1.6910697375000001,
    2.1428550000000004
  ],
  "Acoustic Snare": [
    0.5973208312500001,
    1.2267844875000002
  ],
  "High Tom": [
    0.6723207562500001,
    1.8910695375000002,
    2.3151762562500005,
    2.5571403000000004
  ],
  "High Floor Tom": [
    0.7491063937500001
  ],
  "Bass Drum 1": [
    0.8303563125000001
  ],
  "Open Hi Hat": [
    1.2339273375000002,
    1.31160583125
  ]
}