{
  "Bass Drum 1": [
    1.0679808541666667
  ],
  "Ride Cymbal 1": [
    1.0712703229166667
  ],
  "Acoustic Snare": [
    1.3267523958333334,
    1.4703925312500001,
    1.5942958541666667,
    1.73355003125,
    1.8497779270833334
  ]
}