{
  "Crash Cymbal 1": [
    0.0,
    19.18375
  ],
  "Bass Drum 1": [
    0.0,
    0.2575,
    0.90125,
    1.20625,
    1.6425,
    1.82625,
    2.65875,
    3.16125,
    3.57375,
    4.03375,
    5.1175,
    5.5825000000000005,
    6.01375,
    6.4625,
    7.5275,
    7.94875,
    8.25125,
    8.375,
    8.80625,
    9.918750000000001,
    10.32625,
    10.651250000000001,
    10.78,
    12.2875,
    12.790000000000001,
    13.06875,
    13.200000000000001,
    17.11625,
    19.17
  ],
  "Closed Hi Hat": [
    0.12875,
    0.26875,
    0.4325,
    0.595,
    0.76,
    0.90375,
    1.04,
    1.2025000000000001,
    1.3587500000000001,
    1.48625,
    1.64875,
    1.80875,
    2.10125,
    2.2475,
    2.38875,
    2.53875,
    2.68,
    2.83,
    2.965,
    3.125,
    3.2800000000000002,
    3.4162500000000002,
    3.5725000000000002,
    3.73125,
    3.855,
    4.01875,
    4.18125,
    4.47125,
    4.6475,
    4.79875,
    4.9625,
    5.115,
    5.2675,
    5.3975,
    5.555,
    5.69625,
    5.8812500000000005,
    6.0075,
    6.1675,
    6.3025,
    6.4662500000000005,
    6.61,
    6.89875,
    7.06375,
    7.2125,
    7.3950000000000005,
    7.52125,
    7.66625,
    7.78875,
    7.94625,
    8.10875,
    8.24625,
    8.37125,
    8.52875,
    8.6575,
    8.9625,
    9.26875,
    9.43125,
    9.595,
    9.755,
    9.90625,
    10.057500000000001,
    10.18125,
    10.35375,
    10.481250000000001,
    10.6475,
    10.776250000000001,
    10.946250000000001,
    11.09,
    11.39875,
    11.705,
    12.32875,
    12.45875,
    12.60125,
    12.75625,
    12.90375,
    13.06625,
    13.18,
    13.34625,
    13.505,
    14.98625,
    17.95625
  ],
  "Acoustic Snare": [
    1.7975,
    1.94625,
    4.1762500000000005,
    4.3325000000000005,
    6.60375,
    6.7325,
    8.96625,
    9.12375,
    11.39375,
    11.557500000000001,
    11.85,
    11.901250000000001,
    11.93875,
    12.00625,
    13.65375,
    13.8025,
    13.95375,
    14.72,
    14.7425,
    14.9,
    15.17,
    15.30625,
    15.748750000000001,
    15.887500000000001,
    16.06125,
    16.11625,
    16.16,
    16.21625,
    16.35625,
    16.505,
    17.335,
    18.271250000000002,
    18.40875,
    18.5625,
    18.70375,
    18.837500000000002,
    19.3125
  ],
  "High Tom": [
    14.102500000000001,
    14.25,
    15.463750000000001,
    15.6,
    16.65125
  ],
  "Low-Mid Tom": [
    16.795,
    16.9475,
    17.08125,
    17.35
  ]
}