{
  "Closed Hi Hat": [
    0.005387927083333334,
    0.39762901875,
    0.7661632312500001,
    1.1346974437500001,
    1.538791975
  ],
  "Acoustic Snare": [
    0.10560337083333333,
    0.16379298333333334,
    0.24892223125000001,
    0.49676687708333334,
    0.5635771729166666,
    0.8653010895833334,
    0.9224131166666667,
    1.00861995,
    1.2618525229166666,
    1.3308179895833334
  ],
  "High Tom": [
    0.6314650541666667,
    1.41917999375
  ],
  "High Floor Tom": [
    1.6874987625,
    1.8114210854166668
  ]
}