{
  "Bass Drum 1": [
    0.008333333333333333,
    2.042708333333333,
    4.008333333333333,
    8.034375,
    16.021875,
    24.021875
  ],
  "Ride Cymbal 1": [
    0.016666666666666666,
    2.034375,
    4.0,
    8.017708333333333,
    9.995833333333334,
    16.025,
    24.01875,
    24.402083333333334,
    24.654166666666665,
    24.76875,
    25.152083333333334,
    25.366666666666667,
    25.479166666666668,
    25.744791666666668,
    25.904166666666665,
    26.001041666666666,
    26.40833333333333,
    26.67395833333333,
    27.15,
    27.388541666666665,
    27.494791666666668,
    27.757291666666667,
    27.914583333333333,
    28.006249999999998,
    28.372916666666665,
    28.633333333333333,
    28.732291666666665,
    29.160416666666666,
    29.407291666666666,
    29.514583333333334,
    29.758333333333333,
    29.930208333333333,
    30.039583333333333,
    30.4,
    30.660416666666666,
    31.180208333333333,
    31.415625,
    31.523958333333333,
    31.766666666666666,
    31.91875,
    32.016666666666666,
    32.378125,
    32.628125,
    32.73854166666666,
    33.14791666666667,
    33.39791666666667,
    33.49270833333333,
    33.746875,
    34.026041666666664,
    34.39791666666667,
    34.65833333333333,
    34.751041666666666,
    35.161458333333336,
    35.41770833333333,
    35.51979166666666,
    35.76145833333333,
    36.03854166666667,
    36.391666666666666,
    36.653125,
    36.75208333333333,
    37.140625,
    37.390625,
    37.48020833333333,
    37.740625,
    38.00833333333333,
    38.390625,
    38.66458333333333,
    38.766666666666666,
    39.171875,
    39.415625,
    39.514583333333334,
    39.776041666666664,
    40.00833333333333,
    40.391666666666666,
    40.6625,
    40.76354166666667,
    41.17395833333333,
    41.428125,
    41.75208333333333,
    41.99791666666667,
    42.364583333333336,
    42.62916666666666,
    42.75208333333333,
    43.165625,
    43.405208333333334,
    43.50625,
    43.641666666666666,
    43.7375
  ],
  "High Tom": [
    0.38125,
    0.6229166666666667,
    0.7572916666666667,
    1.1625,
    1.3958333333333333,
    1.5177083333333332,
    1.7677083333333332,
    1.9020833333333333,
    2.3916666666666666,
    2.6510416666666665,
    2.784375,
    3.146875,
    3.386458333333333,
    3.50625,
    3.6177083333333333,
    3.7447916666666665,
    4.376041666666667,
    4.63125,
    4.758333333333333,
    5.148958333333333,
    5.390625,
    5.508333333333333,
    5.615625,
    5.745833333333334,
    5.99375,
    6.233333333333333,
    6.379166666666666,
    6.620833333333334,
    6.753125,
    7.0125,
    7.141666666666667,
    8.396875,
    8.65,
    8.764583333333333,
    9.151041666666666,
    9.38125,
    9.501041666666666,
    9.626041666666666,
    9.74375,
    10.371875,
    10.620833333333334,
    10.733333333333333,
    11.126041666666666,
    11.369791666666666,
    11.482291666666667,
    11.602083333333333,
    11.723958333333334,
    11.835416666666667,
    11.966666666666667,
    12.388541666666667,
    12.654166666666667,
    12.786458333333334,
    13.177083333333334,
    13.394791666666666,
    13.527083333333334,
    13.615625,
    13.751041666666666,
    16.411458333333332,
    16.652083333333334,
    16.782291666666666,
    17.170833333333334,
    17.398958333333333,
    17.522916666666667,
    17.771875,
    18.054166666666667,
    18.416666666666668,
    18.6625,
    18.777083333333334,
    19.15,
    19.379166666666666,
    19.494791666666668,
    19.742708333333333,
    19.883333333333333,
    19.997916666666665,
    20.372916666666665,
    20.634375,
    20.748958333333334,
    21.163541666666667,
    21.394791666666666,
    21.522916666666667,
    21.765625,
    21.897916666666667
  ],
  "Open Hi Hat": [
    5.629166666666666
  ],
  "Low-Mid Tom": [
    7.377083333333333,
    7.5,
    7.766666666666667,
    13.997916666666667,
    14.241666666666667,
    14.393749999999999,
    14.635416666666666,
    14.7625,
    22.021875,
    22.153125,
    22.395833333333332,
    22.646875,
    22.773958333333333
  ],
  "High Floor Tom": [
    15.027083333333334,
    15.151041666666666,
    15.396875,
    15.527083333333334,
    15.760416666666666,
    23.025,
    23.151041666666668,
    23.277083333333334,
    23.404166666666665,
    23.5375,
    23.665625,
    23.775
  ]
}