{
  "Acoustic Snare": [
    2.165660954166667,
    3.6219851145833335,
    5.0707791604166665,
    6.518067183333334,
    7.918668495833334,
    9.387040839583333,
    10.837340908333333,
    12.246978358333333,
    13.275592010416666,
    13.655109785416666,
    14.012037216666666,
    15.14004838125,
    16.609926747916667,
    18.052696702083335,
    18.81474429791667,
    18.983418864583335,
    20.9548028625,
    22.03612731666667,
    22.406608954166668,
    23.131005977083333,
    23.868957206250002,
    24.215342477083333,
    24.57377593125,
    25.127992364583335,
    25.19877544166667,
    25.272570564583333,
    25.442751154166668,
    25.617449812500002,
    26.703292335416666,
    28.18973695416667,
    29.643049068750003,
    30.716843408333336,
    31.076782885416666,
    31.460818729166668,
    32.510516702083336,
    33.618949568750004,
    33.97738302291667,
    35.04816531666667,
    35.42316502291667,
    35.95930918125,
    36.277080016666666,
    36.39605582708334,
    36.519549706250004,
    36.62948937916667,
    36.734910983333336,
    36.849368725,
    36.96081442083334,
    38.31623504583334,
    39.40810166041667,
    39.75749897708334,
    41.17918461041667,
    42.23641269791667,
    42.62496661041667,
    42.79364117708334,
    42.98189404166667,
    44.057194404166665,
    45.17918147708333,
    45.560205275,
    46.02707237916667,
    46.1114096625,
    46.17767467083333,
    46.26050593125,
    46.4367106125,
    47.15658956666667,
    47.85689022291667,
    47.94423955208333,
    48.03309490416667,
    48.19725140208333,
    48.382492220833335
  ],
  "Open Hi Hat": [
    2.170179022916667,
    46.99243306875
  ],
  "Closed Hi Hat": [
    2.8644555875,
    3.6129489770833336,
    4.3268038395833335,
    5.066261091666667,
    5.77860993125,
    6.50150093125,
    7.210837725,
    7.9051142895833335,
    8.661137793750001,
    9.367462541666667,
    10.123486045833333,
    10.849389091666668,
    11.53011145,
    12.239448243750001,
    12.923182647916667,
    13.6536037625,
    14.393061014583333,
    15.1174580375,
    15.86745745,
    16.597878564583333,
    17.343359908333333,
    18.070768977083333,
    18.77257565625,
    19.471370289583334,
    20.22889981666667,
    20.951790816666666,
    21.67919988541667,
    22.403596908333334,
    23.11895779375,
    23.83281265625,
    24.560221725,
    26.67919596875,
    27.435219472916668,
    28.15811047291667,
    28.864435220833332,
    29.634012931250002,
    30.368952114583333,
    31.055698564583334,
    31.79364979375,
    32.512022725,
    33.2800944125,
    33.99244325208333,
    34.67768367916667,
    35.41563490833333,
    36.124971702083336,
    36.86141690833333,
    38.32075311458333,
    39.054186275,
    39.74545079375,
    40.456293610416665,
    41.17165449583334,
    41.90207561041667,
    42.60990638125,
    43.33882147291667,
    44.054182358333335,
    44.8102058625,
    45.530084816666665
  ],
  "Ride Cymbal 1": [
    2.8719857020833333,
    3.2123468812500002,
    3.6400573895833332,
    4.337346,
    4.686743316666667,
    5.0783092750000005,
    5.798188229166667,
    6.522585252083333,
    7.221379885416667,
    8.668667908333333,
    9.394570954166667,
    10.10691979375,
    11.596376458333333,
    12.25300245,
    13.251495643750001,
    14.403603175,
    15.143060427083334,
    15.86745745,
    17.36444422916667,
    18.060226816666667,
    20.234923908333332,
    20.9548028625,
    21.665645679166666,
    22.019561064583336,
    22.417151114583334,
    23.549680347916667,
    27.436725495833333,
    28.19726706875,
    29.643049068750003,
    30.368952114583333,
    31.817746160416668,
    32.51503477083333,
    33.27708236666667,
    33.624973660416664,
    33.986419160416666,
    34.70328606875,
    35.046659293750004,
    35.4306951375,
    35.781598477083335,
    37.59183802291667,
    38.328283229166665,
    39.04063206875,
    39.42617393541667,
    39.76201704583333,
    40.14605288958334,
    40.48641406875,
    41.18972677083333,
    41.912617770833336,
    43.34785761041667,
    44.06020645,
    44.813217908333336,
    45.173157385416665,
    45.5692414125,
    45.911108614583334
  ],
  "Bass Drum 1": [
    3.9563222020833333,
    5.7996942520833334,
    6.878006660416667,
    7.5813193625,
    8.700294389583334,
    9.742462247916666,
    10.487943591666667,
    11.210834591666668,
    12.584327491666667,
    14.430711587500001,
    15.475891491666667,
    17.374986389583334,
    18.4337205,
    20.259020275,
    21.323778477083334,
    22.805705027083334,
    23.5029936375,
    25.99395554166667,
    27.05871374375,
    28.9066038625,
    30.013530706250002,
    31.835818435416666,
    32.89003447708333,
    34.71834629791667,
    37.60991029791667,
    38.67316247708334,
    40.481896,
    41.54966624791667,
    43.37647204583333,
    44.44123024791667
  ],
  "Crash Cymbal 1": [
    7.918668495833334,
    10.843365,
    12.936736854166668,
    16.618962885416668,
    23.12799393125,
    25.989437472916666,
    28.90359181666667
  ],
  "High Floor Tom": [
    13.665651945833334,
    14.018061308333333,
    19.489442564583335,
    19.665647245833334,
    19.85691215625,
    23.868957206250002,
    24.219860545833335,
    24.582812068750002,
    24.929197339583332,
    31.45931270625,
    37.33430810416667,
    37.45328391458334,
    42.254484972916664,
    42.62797865625,
    42.79665322291667,
    42.98038801875,
    48.5782752,
    48.752973858333334
  ],
  "Low-Mid Tom": [
    19.15209343125,
    19.3102258375,
    30.713831362500002,
    31.073770839583336,
    37.084308300000004,
    37.20479013333333
  ],
  "High Tom": [
    36.13701988541667,
    46.978878862500004,
    47.32978220208334
  ]
}