{
  "Bass Drum 1": [
    0.032608700000000004,
    0.45380440833333335,
    1.0747284041666667,
    1.3165762625,
    1.7336958833333334,
    2.36413075,
    2.5991851291666666,
    3.0108699666666667,
    3.6480983125,
    3.8913048666666668,
    4.301631008333334,
    5.209239825,
    5.65760945,
    6.282609533333334,
    6.524457391666667,
    6.9415770125,
    7.580164054166667,
    7.8043488666666665,
    8.243207620833333,
    8.868207704166666,
    9.116849041666667,
    9.516305616666667,
    10.406251387500001,
    10.841034054166666,
    11.495925445833334,
    11.7065233,
    12.139947270833334,
    12.785327791666667,
    13.013588691666667,
    13.4673931,
    14.112773620833334,
    14.3437519125,
    14.558425854166668,
    15.634512954166667,
    16.0760891,
    16.736415275,
    16.957882695833334,
    17.385871883333333,
    18.0285350125,
    18.2486437375,
    18.677991620833335,
    19.327448229166666,
    19.558426520833333,
    19.747285241666667,
    20.846470170833335,
    21.285328925,
    21.930709445833333,
    22.165763825,
    22.597829100000002,
    23.256796579166668,
    23.470111825,
    23.908970579166667,
    24.555709795833334,
    24.78125330416667,
    26.059786083333336
  ],
  "Closed Hi Hat": [
    0.04891305,
    0.45788049583333335,
    0.6861413958333333,
    0.9062501208333333,
    1.0978262333333333,
    1.3016306083333333,
    1.5339675958333334,
    1.736413275,
    1.9551633041666667,
    2.1793481166666666,
    2.3790764041666668,
    2.591032954166667,
    2.807065591666667,
    3.0298917083333334,
    3.247283041666667,
    3.4605982875000003,
    3.6684787500000002,
    3.8709244291666667,
    4.1046201125,
    4.313859270833333,
    4.5285332125,
    4.739131066666666,
    4.967391966666667,
    5.190218083333334,
    5.434783333333334,
    5.667120320833334,
    5.879076870833334,
    6.091033420833334,
    6.304348666666667,
    6.52174,
    6.7377726375,
    6.9497291875,
    7.163044433333334,
    7.404892291666667,
    7.586957533333334,
    7.790761908333334,
    8.029892375000001,
    8.243207620833333,
    8.467392433333334,
    8.695653333333334,
    8.8980990125,
    9.111414258333333,
    9.335599070833334,
    9.543479533333334,
    9.759512170833334,
    9.9904904625,
    10.2065231,
    10.637229679166667,
    10.866849275,
    11.080164520833334,
    11.305708029166667,
    11.519023275,
    11.739132,
    11.953805941666667,
    12.153534229166667,
    12.372284258333334,
    12.597827766666667,
    12.796197358333334,
    13.012229995833334,
    13.241849591666668,
    13.4673931,
    13.687501825,
    13.914404029166667,
    14.110056229166666,
    14.334241041666667,
    14.78804545,
    14.9877737375,
    15.4198390125,
    15.866849941666667,
    16.085599970833332,
    16.307067391666667,
    16.5326109,
    16.733697883333335,
    16.952447912500002,
    17.158969679166667,
    17.372284925,
    17.60326321666667,
    17.81929585416667,
    18.0326111,
    18.241850258333333,
    18.250002433333332,
    18.4769046375,
    18.698372058333334,
    18.911687304166666,
    19.1372308125,
    19.3328830125,
    19.551633041666665,
    19.959241791666667,
    20.163046166666668,
    20.385872283333335,
    20.6209266625,
    21.073372375,
    21.30027457916667,
    21.513589825,
    21.744568116666667,
    21.934785533333333,
    22.1616877375,
    22.387231245833334,
    22.604622579166666,
    22.8301660875,
    23.046198725,
    23.256796579166668,
    23.509514004166668,
    23.702448812500002,
    23.908970579166667,
    24.131796695833334,
    24.365492379166668,
    24.563861970833333,
    24.788046783333336
  ],
  "Acoustic Snare": [
    0.6915761791666667,
    1.9551633041666667,
    3.2513591291666666,
    4.533967995833334,
    4.961957183333333,
    5.879076870833334,
    7.158968345833333,
    8.463316345833334,
    9.759512170833334,
    10.194294837500001,
    11.080164520833334,
    12.372284258333334,
    13.694295304166667,
    14.9877737375,
    15.4198390125,
    16.312502175,
    17.605980608333333,
    18.913046,
    20.169839645833335,
    20.6209266625,
    21.521742,
    22.832883479166668,
    24.131796695833334,
    24.995927245833332,
    25.209242491666668,
    25.432068608333335
  ],
  "Crash Cymbal 1": [
    10.419838345833334,
    15.638589041666668,
    20.851904954166667,
    26.067938258333335,
    26.067938258333335
  ],
  "Open Hi Hat": [
    14.543480200000001,
    19.769024375,
    23.478264
  ],
  "High Tom": [
    25.631796895833332
  ],
  "Low-Mid Tom": [
    25.831525183333333
  ]
}