{
  "Ride Cymbal 1": [
    0.465625,
    0.7875,
    0.9541666666666666,
    1.296875,
    1.4552083333333332,
    1.7947916666666666,
    1.9604166666666667,
    2.2958333333333334,
    2.4447916666666667,
    2.779166666666667,
    2.9541666666666666,
    3.44375,
    3.7937499999999997,
    3.970833333333333,
    4.472916666666666,
    4.815625,
    4.984375,
    5.480208333333334,
    5.834375,
    6.010416666666667,
    6.492708333333333,
    6.832291666666666,
    7.00625,
    7.497916666666667,
    7.855208333333334,
    8.023958333333333,
    8.507291666666667,
    8.709375,
    8.865625,
    9.18125,
    9.502083333333333,
    9.816666666666666,
    10.13125,
    10.5,
    12.477083333333333,
    12.796875,
    12.969791666666666,
    13.29375,
    13.4625,
    13.807291666666666,
    13.986458333333333,
    14.303125,
    14.467708333333333,
    14.825,
    14.985416666666666,
    15.303125,
    15.467708333333333,
    15.811458333333333,
    15.970833333333333,
    16.286458333333332,
    16.457291666666666,
    16.81458333333333,
    16.966666666666665,
    17.297916666666666,
    17.458333333333332,
    17.803125,
    17.976041666666667,
    18.289583333333333,
    18.471875
  ],
  "Acoustic Snare": [
    0.471875,
    1.4458333333333333,
    2.4416666666666664,
    3.4479166666666665,
    4.472916666666666,
    5.49375,
    6.494791666666667,
    7.504166666666666,
    8.516666666666666,
    9.5125,
    10.30625,
    10.823958333333334,
    11.010416666666666,
    11.172916666666666,
    11.329166666666666,
    12.479166666666666,
    13.4625,
    14.467708333333333,
    15.4625,
    16.447916666666668,
    17.458333333333332,
    18.466666666666665,
    18.795833333333334,
    18.852083333333333,
    18.910416666666666,
    18.99375,
    19.302083333333332,
    19.460416666666667,
    19.619791666666668,
    20.509375,
    21.469791666666666,
    22.485416666666666,
    23.466666666666665,
    24.305208333333333,
    24.469791666666666,
    24.802083333333332,
    25.311458333333334,
    25.473958333333332,
    25.796875,
    26.311458333333334,
    26.471875,
    26.804166666666667,
    27.302083333333332,
    27.4625,
    27.801041666666666,
    28.315625,
    28.477083333333333,
    28.807291666666668,
    29.3125,
    29.459374999999998,
    29.790625,
    30.271874999999998,
    30.447916666666668,
    30.764583333333334,
    31.108333333333334,
    31.270833333333332,
    31.787499999999998
  ],
  "Bass Drum 1": [
    1.9447916666666667,
    2.93125,
    3.2916666666666665,
    3.9635416666666665,
    4.320833333333333,
    4.96875,
    5.313541666666667,
    5.65625,
    5.990625,
    6.347916666666666,
    6.979166666666667,
    7.338541666666667,
    7.678125,
    8.030208333333333,
    8.36875,
    9.014583333333333,
    9.336458333333333,
    9.669791666666667,
    9.986458333333333,
    10.654166666666667,
    11.976041666666667,
    12.308333333333334,
    12.973958333333334,
    13.452083333333333,
    13.979166666666666,
    14.473958333333334,
    14.972916666666666,
    15.465625,
    15.957291666666666,
    16.447916666666668,
    16.944791666666667,
    17.458333333333332,
    17.9625,
    18.453125,
    18.976041666666667,
    19.941666666666666,
    20.992708333333333,
    21.45625,
    21.98645833333333,
    22.48125,
    22.965625,
    23.457291666666666,
    23.973958333333332,
    24.460416666666667,
    24.978125,
    25.484375,
    25.99375,
    26.491666666666667,
    26.982291666666665,
    27.464583333333334,
    27.978125,
    28.479166666666668,
    28.979166666666668,
    29.457291666666666,
    29.961458333333333,
    30.458333333333332,
    30.945833333333333,
    31.466666666666665,
    31.945833333333333
  ],
  "High Tom": [
    11.495833333333334,
    11.652083333333334,
    11.8125
  ],
  "Crash Cymbal 1": [
    11.983333333333333,
    19.760416666666668,
    19.94375
  ],
  "Open Hi Hat": [
    20.513541666666665,
    21.0,
    21.323958333333334,
    21.458333333333332,
    21.835416666666667,
    21.9875,
    22.33125
  ],
  "Closed Hi Hat": [
    22.448958333333334,
    22.476041666666667,
    22.808333333333334,
    22.976041666666667,
    23.290625,
    23.45520833333333,
    23.810416666666665,
    23.967708333333334,
    24.43125,
    24.469791666666666,
    24.969791666666666,
    25.434375,
    25.469791666666666,
    25.977083333333333,
    26.464583333333334,
    26.479166666666668,
    26.974999999999998,
    27.43958333333333,
    27.463541666666668,
    27.969791666666666,
    28.45,
    28.48125,
    28.977083333333333,
    29.434375,
    29.467708333333334,
    29.95625,
    30.443749999999998,
    30.45625,
    30.936458333333334,
    31.447916666666668,
    31.4625,
    31.785416666666666,
    31.938541666666666
  ]
}