{
  "Acoustic Snare": [
    0.043749956250000006,
    0.6321422250000001,
    0.7107135750000001,
    1.24553446875,
    1.4723199562500002,
    2.5642831500000005,
    2.9803541625000003
  ],
  "Closed Hi Hat": [
    0.42589243125000004,
    0.8133920437500001,
    1.2098202187500002,
    1.6901768812500002
  ],
  "High Tom": [
    0.8267848875000001,
    1.9080338062500002,
    2.1017836125000002
  ],
  "High Floor Tom": [
    2.3571405000000003
  ],
  "Bass Drum 1": [
    2.7669615187500005
  ],
  "Open Hi Hat": [
    2.9892827250000003
  ]
}