{
  "Closed Hi Hat": [
    0.0,
    0.40803530625000006,
    0.8178563250000002,
    1.2535701750000001
  ],
  "High Floor Tom": [
    0.0,
    0.23571405000000004,
    0.44017813125000005,
    0.6544636312500001,
    0.8678562750000001,
    1.0732132125000002,
    1.2812487187500001,
    3.0919611937500004,
    3.2374967625000006
  ],
  "Acoustic Snare": [
    0.017857125,
    0.22678548750000002,
    0.43660670625000003,
    0.6392850750000001,
    0.8624991375000001,
    1.0714275000000002,
    1.2803558625000002,
    1.6794626062500002,
    1.7116054312500002,
    1.9589266125000002,
    1.9973194312500002,
    2.2348191937500004,
    2.26428345
  ],
  "Bass Drum 1": [
    1.4812485187500002,
    1.8258910312500003,
    2.1035693250000005,
    2.3973190312500003
  ],
  "High Tom": [
    2.53124746875,
    2.6732116125000003,
    2.8080329062500002,
    2.9607113250000006
  ]
}