{
  "High Tom": [
    0.0,
    0.41339244375000006,
    0.5089280625000001,
    1.2357130500000002,
    1.3553557875000002,
    1.6955340187500003,
    1.7999982000000003,
    2.10089075625,
    2.1982120875000004
  ],
  "High Floor Tom": [
    0.015178556250000003,
    0.14642842500000003,
    0.4633923937500001,
    0.582142275,
    1.2839272875,
    1.4160700125,
    1.7491053937500003,
    1.8642838500000003,
    2.1642835500000004,
    2.2874977125000004
  ],
  "Bass Drum 1": [
    0.24374975625000003,
    0.66428505,
    0.746427825,
    1.4767842375000002,
    1.5794627062500002,
    1.9312480687500002,
    2.0303551125,
    2.33481909375,
    2.4526761187500004
  ],
  "Acoustic Snare": [
    0.8366063062500001,
    2.5383903187500003
  ],
  "Closed Hi Hat": [
    1.2160702125000002
  ]
}