{
  "High Tom": [
    0.0,
    0.10267846875000002,
    0.4142853000000001,
    0.5178566250000001
  ],
  "Closed Hi Hat": [
    0.009821418750000002
  ],
  "High Floor Tom": [
    0.046428525000000005,
    0.17321411250000002,
    0.47589238125000005,
    0.603570825
  ],
  "Bass Drum 1": [
    0.27321401250000005,
    0.36696391875000006,
    0.6848207437500001,
    0.7571421000000002
  ],
  "Acoustic Snare": [
    0.8571420000000001,
    0.8999991000000002
  ]
}