{
  "High Floor Tom": [
    0.0,
    0.23749976250000004,
    0.4473209812500001,
    0.6651779062500001
  ],
  "High Tom": [
    0.0035714250000000005,
    0.23303548125000004,
    0.43749956250000005,
    0.6598207687500001
  ],
  "Bass Drum 1": [
    0.13749986250000001,
    0.34464251250000005,
    0.5499994500000001,
    0.746427825
  ],
  "Acoustic Snare": [
    0.8669634187500002,
    0.8883919687500001
  ]
}