{
  "High Floor Tom": [
    0.0,
    0.21428550000000002,
    0.4223210062500001,
    0.64196364375
  ],
  "High Tom": [
    0.0,
    0.19107123750000002,
    0.42053529375000004,
    0.62589223125
  ],
  "Bass Drum 1": [
    0.10714275000000001,
    0.28928542500000004,
    0.49732093125000004,
    0.7294635562500001
  ],
  "Acoustic Snare": [
    0.8553562875000001,
    1.0776774937500002,
    1.1883916687500002,
    1.30089155625
  ]
}