{
  "High Tom": [
    0.0,
    0.08571420000000002,
    0.38928532500000007,
    0.49732093125000004
  ],
  "High Floor Tom": [
    0.023214262500000003,
    0.15714270000000002,
    0.45089240625000004,
    0.57589228125
  ],
  "Bass Drum 1": [
    0.25089260625000004,
    0.35446393125000003,
    0.6455350687500001,
    0.7258921312500001
  ],
  "Acoustic Snare": [
    0.8339277375000002,
    0.8642848500000001
  ]
}