{
  "High Tom": [
    0.0,
    0.06607136250000001,
    0.36607106250000004,
    0.47321381250000005,
    1.0508918062500001,
    1.15803455625
  ],
  "High Floor Tom": [
    0.013392843750000001,
    0.13214272500000002,
    0.4142853000000001,
    0.5366066062500001,
    1.3508915062500002,
    1.4669628187500001
  ],
  "Bass Drum 1": [
    0.23928547500000003,
    0.6223208062500001
  ],
  "Acoustic Snare": [
    0.7999992000000001,
    0.8446420125000001
  ]
}