{
  "Closed Hi Hat": [
    0.010714275000000002,
    1.2303559125,
    2.5491045937500005,
    2.7803543625000002,
    2.9437470562500003
  ],
  "High Tom": [
    0.0,
    0.10357132500000002,
    0.41517815625000004,
    1.2303559125,
    1.3491057937500002,
    1.6732126125000002,
    1.7964267750000003,
    2.5455331687500005,
    2.6428545000000003,
    2.7660686625000004,
    2.8714257000000005
  ],
  "High Floor Tom": [
    0.03214282500000001,
    0.16339269375,
    0.4580352562500001,
    0.582142275,
    1.2830344312500002,
    1.4258914312500002,
    1.7455339687500002,
    1.8696409875000002,
    2.9857113,
    3.0919611937500004,
    3.2053539375000004,
    3.2901752812500002
  ],
  "Bass Drum 1": [
    0.24732118125000002,
    0.6767850375000001,
    1.5455341687500002,
    1.9794623062500003
  ],
  "Acoustic Snare": [
    0.8241063187500001,
    0.8598205687500001,
    2.10714075,
    2.1374978625
  ],
  "Open Hi Hat": [
    2.8857114000000004
  ]
}