{
  "Bass Drum 1": [
    1.0833317083333334
  ],
  "Acoustic Snare": [
    1.3497786770833335,
    1.49012934375,
    1.6118396875,
    1.7499973750000002,
    1.8771901666666668
  ]
}