{
  "Closed Hi Hat": [
    0.59375,
    1.17875,
    1.82625,
    1.97625,
    2.27
  ],
  "Acoustic Snare": [
    0.6075,
    0.92125,
    1.1087500000000001,
    1.3975,
    1.6812500000000001,
    1.82625,
    2.1237500000000002
  ],
  "Open Hi Hat": [
    1.54125
  ]
}