{
  "High Tom": [
    0.0,
    0.10729166666666666,
    0.221875,
    0.35625,
    0.46979166666666666,
    0.6375,
    0.725,
    0.859375,
    0.990625,
    1.1260416666666666,
    1.2385416666666667,
    1.3739583333333334,
    1.5,
    1.6645833333333333,
    1.7729166666666667,
    1.8875,
    2.0145833333333334,
    2.1510416666666665,
    2.267708333333333,
    2.39375,
    2.5229166666666667,
    2.685416666666667,
    2.775,
    2.8958333333333335,
    3.0260416666666665,
    3.167708333333333,
    3.28125,
    3.396875,
    3.5354166666666664,
    3.771875,
    4.016666666666667,
    4.140625,
    4.251041666666667,
    4.370833333333334,
    4.507291666666666,
    4.673958333333333,
    4.766666666666667,
    4.869791666666667,
    5.007291666666666,
    5.161458333333333,
    5.276041666666667,
    5.3875,
    5.521875,
    5.673958333333333,
    5.767708333333333,
    5.89375,
    6.03125,
    6.171875,
    6.283333333333333,
    6.395833333333333,
    6.528125,
    6.646875,
    6.769791666666666,
    6.889583333333333
  ],
  "Bass Drum 1": [
    0.0,
    0.47291666666666665,
    0.984375,
    1.4979166666666666,
    2.0166666666666666,
    2.5104166666666665,
    3.013541666666667,
    3.5395833333333333,
    4.035416666666666,
    4.521875,
    5.027083333333334,
    5.525,
    6.009375,
    6.50625,
    7.034375,
    7.541666666666667
  ],
  "Low-Mid Tom": [
    7.015625,
    7.138541666666667,
    7.2593749999999995,
    7.379166666666666
  ],
  "High Floor Tom": [
    7.511458333333334,
    7.633333333333333,
    7.765625,
    7.867708333333333
  ]
}