{
  "Closed Hi Hat": [
    0.0,
    0.35237043125,
    0.74676669375,
    1.1228440041666667,
    1.5398695604166668
  ],
  "Acoustic Snare": [
    0.08620683333333334,
    0.14547403125,
    0.20581881458333334,
    0.47413758333333333,
    0.53340478125,
    0.8696114312500001,
    0.9396544833333333,
    1.0075423645833335,
    1.2683180354166668,
    1.3308179895833334
  ],
  "High Tom": [
    0.6023702479166667,
    1.4224127500000001
  ],
  "High Floor Tom": [
    1.6767229083333335,
    1.8081883291666667
  ]
}