{
  "Acoustic Snare": [
    1.4759024583333333,
    1.5903602000000001,
    2.1807211833333335,
    2.3930704145833332,
    3.5978887479166666,
    4.664152972916667,
    5.012044266666667,
    6.4954768395833336,
    7.561741064583334,
    7.930716679166667,
    9.3704745875,
    10.45932915625,
    10.813244541666666,
    11.893062972916667,
    12.260532564583334,
    12.719869554166667,
    12.89908628125,
    12.972881404166667,
    13.158122222916667,
    13.489447264583333,
    13.682218197916667,
    15.162638725,
    16.246975225,
    16.637035160416666,
    17.70631143125,
    18.079805114583333,
    18.77257565625,
    19.353900502083334,
    19.417153464583333,
    19.495466656250002,
    19.679201452083333,
    20.9367305875,
    22.01353697291667,
    22.71383762916667,
    23.460824995833335,
    23.641547745833336
  ],
  "Bass Drum 1": [
    1.7334323770833333,
    1.8373479583333334,
    2.87800979375,
    3.9307198125,
    5.725899129166667,
    6.859934385416667,
    8.656619725,
    9.734932133333334,
    11.533123495833333,
    14.4668561375,
    15.52860229375,
    17.350890022916666,
    18.42167231666667,
    20.21835765625,
    21.301188133333333
  ],
  "High Tom": [
    1.9457816083333335,
    2.06475741875,
    2.5090341791666666,
    13.334326904166668,
    13.861434925000001,
    23.834318679166667,
    23.9999812
  ],
  "High Floor Tom": [
    2.62499794375,
    2.7409617083333333,
    14.051193812500001,
    14.243964745833333,
    19.855406133333332,
    20.0240807,
    24.71534208541667,
    24.896064835416666,
    25.067751447916667,
    25.243956129166666,
    25.42317285625,
    25.608413675
  ],
  "Ride Cymbal 1": [
    2.8674676333333333,
    4.652104789583333,
    5.018068358333333,
    5.373489766666667,
    5.549694447916667,
    5.731923220833333,
    6.1475855458333335,
    6.503006954166667,
    6.864452454166667,
    7.207825679166667,
    7.582825385416667,
    7.9367407708333335,
    8.29969229375,
    8.653607679166667,
    9.382522770833333,
    9.721377927083333,
    10.109931839583334,
    10.447280972916667,
    10.826798747916667,
    11.180714133333334,
    11.545171679166668,
    11.89607501875,
    12.265050633333333,
    12.61444795,
    14.451795908333334,
    15.174686908333333,
    15.897577908333334,
    16.259023408333334,
    16.64908334375,
    16.986432477083333,
    17.36444422916667,
    17.713841545833333,
    18.08582920625,
    18.43522652291667,
    20.207815495833334,
    22.015042995833333
  ],
  "Closed Hi Hat": [
    3.5903586333333335,
    4.280117129166666,
    5.02409245,
    5.72439310625,
    6.489452747916667,
    7.198789541666667,
    7.926198610416667,
    8.621981197916666,
    9.355414358333334,
    10.085835472916667,
    10.832822839583333,
    11.549689747916666,
    12.24848438125,
    12.60089374375,
    13.692760358333334,
    15.143060427083334,
    15.896071885416667,
    16.64004720625,
    17.316251495833335,
    18.060226816666667,
    19.132515133333335,
    20.926188427083336,
    21.64606738125,
    22.331307808333335,
    23.090343358333335,
    23.813234358333332,
    24.51955910625,
    25.25148624375
  ],
  "Crash Cymbal 1": [
    3.9502981104166666,
    21.32076643125,
    22.71383762916667
  ],
  "Low-Mid Tom": [
    12.83583331875,
    24.189740087500002,
    24.362932722916668,
    24.54214945
  ],
  "Open Hi Hat": [
    13.87498913125,
    18.78161179375
  ]
}