{
  "High Floor Tom": [
    0.23728833333333335,
    0.7415260416666667,
    1.7966116666666667
  ],
  "Acoustic Snare": [
    0.49258515625000004,
    0.7500006250000001,
    1.2754247916666668,
    1.4067808333333334,
    1.5381368750000002,
    1.66843359375
  ],
  "Low-Mid Tom": [
    1.0000008333333334
  ]
}