{
  "Bass Drum 1": [
    0.0,
    0.4388587541666667,
    1.084239275,
    1.3274458291666666,
    1.7404893625,
    2.3845111875000002,
    2.6222829583333334,
    3.0652178,
    3.683424404166667,
    3.9144026958333336,
    4.3654897125000005,
    4.994565883333333
  ],
  "Ride Cymbal 1": [
    0.0,
    0.23369568333333335,
    0.44972832083333336,
    0.6752718291666667,
    0.9008153375,
    1.100543625,
    1.3301632208333334,
    1.5461958583333333,
    1.7703806708333334,
    1.980978525,
    2.3953807541666667,
    2.627717741666667,
    2.8355982041666667,
    3.0434786666666667,
    3.27717435,
    3.491848291666667,
    3.6956526666666667,
    3.9252722625,
    4.131794029166667,
    4.326087533333333,
    4.5774462625000005,
    4.77717455,
    4.998641970833334
  ],
  "Acoustic Snare": [
    0.6671196541666666,
    1.9782611333333333,
    3.2758156541666668,
    4.58152235
  ]
}