{
  "Acoustic Snare": [
    1.7249945375,
    1.77691745,
    1.8586479604166668,
    2.17787771875,
    2.2432621270833333,
    2.321146495833333,
    2.6134532625,
    2.92210613125,
    3.0797979395833335,
    3.246143566666667
  ],
  "Closed Hi Hat": [
    1.8288403625,
    2.2951850395833335,
    2.7826834958333335,
    3.266335810416667
  ]
}