{
  "Acoustic Snare": [
    1.7057638291666668,
    1.76249441875,
    1.8423018583333333
  ],
  "High Tom": [
    2.157685475,
    2.3096080708333333,
    2.46056913125,
    2.7846065666666666,
    3.0634518375,
    3.228835929166667
  ],
  "Closed Hi Hat": [
    2.282685079166667,
    2.71441448125,
    3.21633596875
  ]
}