{
  "Acoustic Snare": [
    1.6865331208333334,
    1.7355714270833333,
    1.7673020958333334,
    1.8365326458333333
  ],
  "Closed Hi Hat": [
    1.8336480395833334,
    2.27595433125,
    2.7336451895833336,
    3.2240282520833334
  ],
  "High Tom": [
    2.1230702,
    2.435569210416667,
    2.7634527875,
    2.9182599895833334
  ],
  "Open Hi Hat": [
    2.4499922416666666
  ],
  "High Floor Tom": [
    3.0749902625,
    3.3874892729166666,
    3.5288349791666667
  ]
}