{
  "Acoustic Snare": [
    0.0,
    0.12499960416666667,
    0.17019176875,
    0.20384550833333334,
    0.2788452708333333,
    0.3644219229166667,
    0.46346007083333335,
    0.62019034375,
    0.773074475,
    0.9394201020833334,
    1.0894196270833334
  ],
  "Closed Hi Hat": [
    0.0,
    0.46153700000000003,
    0.92595860625,
    1.3769187166666668
  ],
  "High Tom": [
    1.2269191916666666,
    1.3836494645833333
  ],
  "High Floor Tom": [
    1.534610525
  ]
}