{
  "Closed Hi Hat": [
    0.0
  ],
  "Acoustic Snare": [
    0.16538409166666668,
    0.3173066875,
    0.4711523541666667,
    0.6240364854166667,
    0.7653821916666667,
    0.9163432520833333,
    1.22018844375,
    1.37595718125
  ],
  "High Floor Tom": [
    0.16442255625,
    0.3134605458333333,
    0.45961392916666666,
    0.6096134541666667,
    0.7605745145833334,
    0.92018939375,
    1.2163423020833333,
    1.3721110395833334
  ]
}