{
  "Acoustic Snare": [
    0.0,
    0.4461524333333333,
    1.0682658479166667,
    1.2173038375,
    1.3836494645833333,
    1.5298028479166668,
    1.6682639479166668
  ],
  "Bass Drum 1": [
    0.28557601875,
    0.7605745145833334
  ],
  "Open Hi Hat": [
    0.28557601875,
    0.7538437666666666
  ],
  "Closed Hi Hat": [
    0.39999873333333336
  ]
}