{
  "Acoustic Snare": [
    1.72787914375,
    1.7701867020833333,
    1.7990327645833333,
    2.005762879166667,
    2.457684525,
    2.7672989291666665,
    2.92210613125
  ],
  "Bass Drum 1": [
    1.8480710708333334,
    2.167300829166667,
    2.61633786875
  ],
  "Closed Hi Hat": [
    1.8730709916666668,
    2.1701854354166668,
    2.3240311020833335,
    3.219220575
  ],
  "High Tom": [
    3.0730671916666665,
    3.2259513229166665,
    3.37787391875,
    3.525950372916667
  ]
}