{
  "Acoustic Snare": [
    1.6144179645833334,
    1.6519178458333335,
    1.6798023729166667,
    1.7096099708333334,
    1.9442246125,
    2.41441543125,
    2.7538374333333335,
    2.8980677458333335,
    3.200951402083333,
    3.2932588020833333,
    3.3932584854166667,
    3.4721043895833335,
    3.5394118687500002,
    3.6192193083333333,
    3.6653730083333333
  ],
  "Bass Drum 1": [
    1.7817251270833334,
    2.1192240583333333,
    2.5788379875
  ],
  "Closed Hi Hat": [
    1.8057635125,
    2.1067240979166666,
    2.273069725,
    3.257681991666667
  ],
  "High Floor Tom": [
    3.0730671916666665
  ]
}