{
  "Bass Drum 1": [
    0.0038461416666666667,
    0.3384604666666667
  ],
  "Open Hi Hat": [
    0.018269172916666666,
    0.33557586041666665
  ],
  "Closed Hi Hat": [
    0.11057657291666667,
    0.47596003125
  ],
  "Acoustic Snare": [
    0.6442287291666666,
    0.8009590020833334,
    0.9615354166666666,
    1.1028811229166666
  ],
  "High Tom": [
    1.2499960416666667,
    1.3942263541666666,
    1.5384566666666666,
    1.69903308125
  ]
}