{
  "Bass Drum 1": [
    0.0,
    1.2490345062500001
  ],
  "Open Hi Hat": [
    0.0
  ],
  "Acoustic Snare": [
    0.46538314166666667,
    0.5711520375,
    0.67788246875,
    0.7951897895833333
  ],
  "High Tom": [
    0.9163432520833333,
    1.0153814,
    1.1384579333333333
  ],
  "High Floor Tom": [
    1.3682648979166667,
    1.4663415104166666,
    1.5884565083333333,
    1.6942254041666667
  ]
}