{
  "Bass Drum 1": [
    1.0285072291666668
  ],
  "Acoustic Snare": [
    1.3212699479166667,
    1.4671030625,
    1.5931993645833336,
    1.7138132187500001,
    1.8399095208333336
  ]
}