{
  "Acoustic Snare": [
    0.0025,
    0.16,
    0.44375000000000003,
    0.5962500000000001,
    0.7375,
    1.02625,
    1.18875,
    1.33625,
    1.4837500000000001,
    2.36375
  ],
  "Closed Hi Hat": [
    0.305
  ],
  "High Tom": [
    0.88875,
    1.63375
  ],
  "Low-Mid Tom": [
    1.79,
    1.9275,
    2.075
  ],
  "Bass Drum 1": [
    2.18375
  ],
  "High Floor Tom": [
    2.37
  ]
}