{
  "Closed Hi Hat": [
    0.004310341666666667
  ],
  "High Floor Tom": [
    0.13038783541666668,
    0.2521549875,
    0.49784446250000003,
    0.7618528895833334,
    1.0172406333333335
  ],
  "Acoustic Snare": [
    0.15409471458333335,
    0.2758618666666667,
    0.50754273125,
    0.7607753041666667,
    1.0301716583333334,
    1.1594819083333334,
    1.2974128416666668,
    1.4224127500000001,
    1.5495678291666668
  ],
  "Bass Drum 1": [
    0.3728445541666667,
    0.6314650541666667,
    0.8922407250000001,
    1.68103325
  ]
}