{
  "High Floor Tom": [
    1.5095110708333335,
    1.7051632708333333,
    2.346467704166667
  ],
  "Low-Mid Tom": [
    1.9252719958333333
  ],
  "High Tom": [
    2.1372285458333335
  ],
  "Bass Drum 1": [
    2.5625003416666665,
    3.0448373625,
    3.6888591875000003,
    3.9184787833333337,
    4.368207104166666,
    4.986413708333333,
    5.222826783333334,
    5.675272495833333,
    6.292120404166667,
    6.519022608333334,
    6.940218316666667,
    7.573370575,
    7.811142345833334,
    8.277175016666668,
    8.899457708333333,
    9.125001216666666,
    9.5543491,
    10.197012229166667,
    10.4144035625,
    10.868207970833334,
    11.513588491666667,
    13.016306083333333,
    14.076088833333333,
    14.3192953875,
    14.7432084875,
    15.40761075,
    15.63587165,
    16.084241275,
    16.735056579166667,
    16.964676175,
    17.399458841666668,
    18.270382870833334,
    18.716035104166668,
    19.362774320833335,
    19.584241741666666,
    20.000002666666667,
    20.635872316666667,
    20.861415825,
    21.29619849166667,
    21.956524666666667,
    23.069296554166666,
    23.319296587500002,
    23.5108727,
    23.9347858,
    24.581525016666667,
    24.820655483333333,
    25.248644670833333,
    25.884514320833333,
    26.108699133333335,
    26.543481800000002,
    27.15761231666667,
    27.385873216666667,
    27.824731970833334,
    28.444297270833335,
    28.663047300000002,
    29.1195691,
    29.754080054166668,
    29.985058345833334,
    30.4239171,
    31.036688920833335,
    31.285330258333335,
    31.701091183333332,
    33.89946104166667
  ],
  "Crash Cymbal 1": [
    2.5774459958333336,
    13.0149473875,
    33.9008197375
  ],
  "Ride Cymbal 1": [
    2.578804691666667,
    2.8043482,
    3.0394025791666666,
    3.2649460875000003,
    3.487772204166667,
    3.7065222333333336,
    3.9239135666666667,
    4.351902754166667,
    4.588315829166667,
    4.8220115125000005,
    4.995924579166667,
    5.2296202625,
    5.635870316666667,
    5.8654899125,
    6.103261683333334,
    6.307066058333334,
    6.524457391666667,
    6.948370491666667,
    7.1779900875000004,
    7.391305333333333,
    7.5923923166666665,
    7.815218433333333,
    8.2622293625,
    8.489131566666666,
    8.728262033333333,
    8.917120754166667,
    9.135870783333333,
    9.365490379166667,
    9.563859970833333,
    9.783968695833334,
    10.009512204166667,
    10.198370925,
    10.415762258333334,
    10.639947070833333,
    10.8546210125,
    11.093751479166666,
    11.313860204166668,
    11.512229795833333,
    11.744566783333333,
    13.444295270833333,
    13.6630453,
    13.898099679166666,
    14.114132316666668,
    14.3192953875,
    14.542121504166667,
    14.7676650125,
    14.986415041666667,
    15.221469420833333,
    15.413045533333333,
    15.644023825,
    15.881795595833333,
    16.101904320833334,
    16.32065435,
    16.551632641666668,
    16.740491362500002,
    16.974187045833332,
    17.205165337500002,
    17.402176233333332,
    17.6290784375,
    17.830165420833335,
    18.058426320833334,
    18.278535045833333,
    18.506795945833336,
    18.706524233333333,
    18.934785133333335,
    19.1453829875,
    19.358698233333335,
    19.584241741666666,
    19.81250264166667,
    19.997285275,
    20.23369835,
    20.453807075,
    20.6413071,
    20.861415825,
    21.089676725,
    21.29619849166667,
    21.523100695833335,
    21.741850725,
    21.923915966666666,
    22.165763825,
    23.520383570833335,
    23.75815534166667,
    23.944296670833335,
    24.18206844166667,
    24.39402499166667,
    24.5869598,
    24.8192967875,
    25.07065551666667,
    25.221470754166667,
    25.461959916666668,
    25.688862120833335,
    25.894025191666667,
    26.114133916666667,
    26.524460058333332,
    26.752720958333335,
    26.968753595833334,
    27.171199275,
    27.380438433333335,
    27.61413411666667,
    27.807068925,
    28.038047216666666,
    28.25815594166667,
    28.468753795833333,
    28.680710345833333,
    28.908971245833335,
    29.111416925,
    29.350547391666666,
    29.5760909,
    29.781253970833333,
    29.993210520833333,
    30.226906204166667,
    30.4279931875,
    30.6481019125,
    30.853264983333336,
    31.061145445833333,
    31.282612866666668,
    31.5000042,
    31.7078846625,
    31.934786866666666,
    32.15761298333334,
    32.353265183333335,
    32.58560217083333
  ],
  "Acoustic Snare": [
    3.2581526083333334,
    4.584239741666667,
    5.868207304166667,
    7.179348783333333,
    8.489131566666666,
    9.781251304166666,
    11.095110175,
    11.955164637500001,
    12.1508168375,
    12.361414691666667,
    12.5665777625,
    12.785327791666667,
    13.664403995833334,
    14.986415041666667,
    16.319295654166666,
    17.6290784375,
    18.0448393625,
    18.948372091666666,
    20.221470087500002,
    21.519024608333336,
    22.864133483333333,
    22.9035356625,
    24.176633658333333,
    25.45380774166667,
    26.750003566666667,
    28.033971129166666,
    29.343753912500002,
    30.642667129166668,
    31.933428170833334,
    32.78261306666667,
    32.85598264166667,
    33.02581962083333,
    33.0611457125,
    33.25951530416667,
    33.274460958333336,
    33.4687544625,
    33.480982725000004,
    33.679352316666666,
    33.69158057916667
  ],
  "Open Hi Hat": [
    22.154894258333336
  ],
  "Closed Hi Hat": [
    22.649459541666666
  ]
}