{
  "Crash Cymbal 1": [
    0.023611122916666668,
    2.63750131875,
    13.3083399875,
    31.29584898125,
    35.986129104166665,
    50.66113644166667,
    55.97919465625,
    61.29864176041667
  ],
  "Bass Drum 1": [
    0.034722239583333335,
    2.6277790916666666,
    3.96250198125,
    4.31250215625,
    4.97916915625,
    5.3277804416666665,
    6.665281110416667,
    6.981947935416667,
    7.976392877083334,
    9.293060202083334,
    9.616671475,
    10.611116416666666,
    10.958338812500001,
    11.802783679166668,
    12.259728352083334,
    12.96667315,
    13.297228870833333,
    14.316673825,
    14.677785116666668,
    16.352785954166666,
    17.005564058333334,
    17.348619785416666,
    18.297231370833334,
    18.615287085416668,
    20.288899033333333,
    20.936121579166667,
    21.263899520833334,
    23.930567520833335,
    26.651402214583335,
    26.98612460416667,
    27.815291685416668,
    28.330569720833335,
    28.826403302083335,
    29.330570220833334,
    30.448626335416666,
    30.534737489583335,
    30.944459916666666,
    31.613904695833334,
    32.32362727291667,
    34.6250173125,
    35.316684325000004,
    35.976406877083335,
    36.329184831250004,
    36.97362959791667,
    37.320851993750004,
    38.64724154583333,
    38.9750194875,
    39.63613092916667,
    39.972242208333334,
    40.3083534875,
    41.2916873125,
    41.625020812500004,
    42.605576858333336,
    43.950021975,
    44.283355475,
    44.95280025416667,
    45.30696709791667,
    45.77918955625,
    45.88891183333333,
    46.281967585416666,
    46.62918998125,
    47.500023750000004,
    47.87919060625,
    47.980579545833336,
    48.31391304583334,
    49.127802341666666,
    49.19446904166667,
    49.618080364583335,
    50.30696959791667,
    50.65696977291667,
    51.96252598125,
    52.28891503333333,
    52.97085981875,
    53.29863776041667,
    54.60697174791667,
    54.950027475,
    55.652805604166666,
    55.96391687083334,
    57.293084202083335,
    57.61808436458333,
    58.14308462708333,
    58.49586258125,
    58.63058487083334,
    58.968085039583336,
    60.298641260416666,
    61.28753064375,
    61.630586370833335,
    62.45697567291667,
    62.58197573541667,
    62.95697592291667,
    63.98197643541667,
    64.316698825,
    64.98197693541667,
    65.316699325,
    65.66392172083333,
    66.31531093541668,
    66.64447776666667,
    67.97086731875,
    68.33614527916667,
    68.99725672083333
  ],
  "Acoustic Snare": [
    1.6569452729166667,
    1.83750091875,
    3.2930572020833333,
    3.83333525,
    3.9083352875,
    4.6444467666666664,
    5.9958363312500005,
    7.313892545833333,
    8.647226545833334,
    9.2000046,
    9.47083806875,
    9.952782754166668,
    10.17917175625,
    10.402782979166666,
    10.51250525625,
    11.294450091666667,
    11.948617085416666,
    12.504172918750001,
    12.57083961875,
    12.644450766666667,
    12.834728639583334,
    13.9750069875,
    15.350007675,
    16.690286122916667,
    17.983342325000002,
    19.304176318750002,
    19.826398802083332,
    20.61528808541667,
    21.613899695833336,
    21.79862201041667,
    21.961122091666667,
    22.126399952083336,
    24.643067877083332,
    25.143068127083335,
    25.322234883333333,
    25.497234970833333,
    27.31251365625,
    27.480569295833334,
    29.994459441666667,
    30.633348650000002,
    31.300015650000002,
    32.493071802083335,
    32.54446071666667,
    32.605571858333334,
    32.650016325,
    32.82640530208334,
    35.32085099375,
    36.65557388333333,
    37.96529676041667,
    38.502797029166665,
    38.56529706041667,
    39.316686325,
    40.647242545833336,
    41.18474281458334,
    41.5083540875,
    41.9583543125,
    42.13057662083334,
    42.50974347708333,
    43.29307720208333,
    43.7250218625,
    43.843077477083334,
    44.62363342291667,
    45.94585630625,
    47.306968097916666,
    48.627802091666666,
    49.29585798125,
    49.9750249875,
    51.301414539583334,
    51.83474813958333,
    52.636137429166666,
    53.96391587083333,
    54.39724942083333,
    54.491693912500004,
    55.29724987083333,
    56.633361650000005,
    57.08197298541667,
    57.17641747708333,
    57.24030639791667,
    57.97919565625,
    59.306974097916665,
    59.98752999375,
    60.51114136666667,
    60.562530281250005,
    60.65975255208333,
    60.847252645833336,
    61.962530981250005,
    62.63614242916667,
    63.30975387708334,
    63.50697619791667,
    63.659754052083336,
    63.84308747708334,
    64.650032325,
    65.98892188333333,
    67.3250336625,
    68.67225655833333
  ],
  "Closed Hi Hat": [
    1.9763898770833335,
    3.5972240208333335,
    4.652780104166667,
    5.3277804416666665,
    6.348614285416667,
    7.002781279166667,
    7.322225883333334,
    8.306948597916668,
    8.96667115,
    9.959727202083334,
    10.2916718125,
    11.302783429166666,
    12.65417299375,
    13.309728877083334,
    13.647229045833333,
    14.009729227083334,
    14.318062714583334,
    14.668062889583334,
    15.015285285416667,
    15.348618785416667,
    15.704174518750001,
    16.038896908333335,
    16.363897070833335,
    16.690286122916667,
    17.018064064583335,
    17.33611977916667,
    17.658342162500002,
    17.9750089875,
    18.31528693541667,
    18.96945392916667,
    19.306954097916666,
    19.593065352083332,
    19.643065377083335,
    19.93195441041667,
    19.968065539583336,
    20.298621260416667,
    20.605565858333335,
    20.622232533333335,
    20.938899358333334,
    23.944456416666668,
    37.95557453333333,
    38.29446359166667,
    38.630574870833335,
    39.316686325,
    39.63751981875,
    39.975019987500005,
    40.30974237708333,
    40.643075877083334,
    40.96807603958334,
    41.963909870833334,
    42.2916878125,
    42.958354812500005,
    43.287521643750004,
    43.60974402708334,
    43.94585530625,
    44.619466754166666,
    45.644467266666666,
    47.29863476041667,
    48.96391337083333,
    51.29447009166667,
    53.97363809791667,
    54.29030492291667,
    55.301416539583336,
    56.630583870833334,
    56.96947292916667,
    60.66114144166667,
    60.99030827291667,
    61.94586430625,
    62.2750311375,
    63.64030959791667,
    64.98197693541667,
    66.96670015000001
  ],
  "High Tom": [
    2.1277788416666668,
    12.97917315625,
    13.1750065875,
    22.30001115,
    22.461122341666666,
    22.618066864583334,
    22.784733614583335,
    25.82084624375,
    27.648624935416667,
    27.98195843541667,
    28.156958522916668,
    32.97362759791667,
    33.130572120833335,
    33.2916833125,
    33.63335015,
    33.7416835375,
    33.85557248333333,
    33.97640587708334,
    60.99447494166667,
    61.15697502291667
  ],
  "Low-Mid Tom": [
    2.2972233708333336,
    22.94584480625,
    23.10417821875,
    23.276400527083336,
    23.430567270833333,
    25.983346325,
    28.501403139583335,
    28.669458779166668,
    34.088905933333336,
    34.200017100000004,
    34.30973937708333,
    34.416683875000004
  ],