{
  "Bass Drum 1": [
    0.0,
    0.50625,
    1.0041666666666667,
    1.496875,
    2.0041666666666664,
    2.5041666666666664,
    3.0208333333333335,
    3.486458333333333,
    3.9968749999999997,
    4.482291666666667,
    4.99375,
    5.494791666666667,
    5.984375,
    6.5,
    6.998958333333333,
    7.515625,
    7.989583333333333,
    8.504166666666666,
    9.008333333333333,
    9.485416666666666,
    9.985416666666666,
    10.492708333333333,
    10.989583333333334,
    11.5,
    11.998958333333333,
    12.484375,
    12.979166666666666,
    13.504166666666666,
    14.001041666666666,
    14.497916666666667,
    14.99375,
    15.50625
  ],
  "Open Hi Hat": [
    0.0,
    0.51875,
    1.5041666666666667,
    2.0125,
    2.5125,
    3.029166666666667,
    3.4927083333333333,
    4.4875,
    4.998958333333333,
    5.496875,
    6.00625,
    6.505208333333333,
    7.002083333333333,
    7.269791666666666,
    7.521875,
    8.520833333333334,
    9.504166666666666,
    11.003125,
    11.253125,
    11.509375,
    11.784375,
    12.00625,
    12.501041666666666,
    12.995833333333334,
    13.513541666666667,
    14.00625,
    14.504166666666666,
    14.992708333333333,
    15.25625,
    15.508333333333333
  ],
  "Acoustic Snare": [
    0.5166666666666666,
    1.5052083333333333,
    2.5145833333333334,
    3.486458333333333,
    4.49375,
    5.5,
    6.511458333333334,
    7.266666666666667,
    7.520833333333333,
    8.526041666666666,
    9.508333333333333,
    10.507291666666667,
    11.253125,
    11.501041666666666,
    12.508333333333333,
    13.516666666666666,
    14.50625,
    15.251041666666666,
    15.50625
  ],
  "Closed Hi Hat": [
    1.0083333333333333,
    4.015625,
    9.003125,
    9.9875,
    10.502083333333333
  ],
  "Crash Cymbal 1": [
    8.002083333333333
  ]
}