{
  "Crash Cymbal 1": [
    0.0,
    0.52436484375,
    1.01377203125,
    1.2531790104166667,
    1.5180097395833334,
    1.7457641666666668,
    2.01165421875,
    2.2605951041666668,
    2.5423750000000003,
    2.756358229166667,
    3.0211889583333336,
    3.2849603645833336,
    3.5423758333333337,
    3.7881387500000003,
    4.04555421875,
    4.304029010416667,
    4.5625038020833335,
    4.822037916666667,
    5.060385572916667,
    5.306148489583333,
    5.557208020833333,
    5.805089583333333,
    6.058267760416667,
    6.312505260416667,
    6.5783953125000005,
    6.828395520833334,
    7.095344895833334,
    7.335811197916668,
    8.098523697916667,
    8.62818515625,
    8.883481979166667,
    9.137719479166668,
    9.396194270833334,
    9.641957187500001,
    9.893016718750001,
    10.144076250000001,
    10.38242390625,
    10.650432604166667,
    10.923737916666667,
    12.179035572916668,
    12.4512815625,
    12.704459739583335,
    12.947044687500002,
    13.2012821875,
    13.443867135416667,
    13.708697864583334,
    13.939630260416667,
    16.750013958333334
  ],
  "Bass Drum 1": [
    0.2457629166666667,
    0.7500006250000001,
    1.24258578125,
    1.7447048437500001,
    2.0169508333333335,
    2.2605951041666668,
    2.77436671875,
    3.2690705208333335,
    3.7690709375000004,
    4.041316927083334,
    4.289198489583334,
    4.7796650000000005,
    5.320979010416667,
    5.789199739583334,
    6.058267760416667,
    6.819920937500001,
    7.323099322916668,
    7.847464166666668,
    8.100642343750001,
    8.36441375,
    8.866532812500001,
    9.382423072916668,
    9.862296354166668,
    10.157847447916668,
    10.37289,
    10.907848072916668,
    11.185390677083333,
    11.393017968750002,
    11.655730052083333,
    11.877128541666668,
    12.192806770833334,
    12.444925625000002,
    12.944926041666667,
    13.205519479166668,
    13.447045104166667,
    13.70340125,
    13.943867552083335,
    14.189630468750002,
    14.67268171875,
    14.950224322916668,
    15.1970465625,
    15.445987447916668,
    15.723530052083335,
    15.86442,
    16.207640625,
    16.486242552083336
  ],
  "Closed Hi Hat": [
    0.4872885416666667,
    0.7383480729166667,
    0.9894076041666667,
    1.4883486979166667,
    1.996823697916667,
    2.2044509895833335,
    2.5031800520833336,
    2.7362310937500003,
    2.9989431770833335,
    3.2288162500000004,
    3.5243673437500003,
    4.003181302083334,
    4.538139375,
    5.058266927083333,
    5.537080885416667,
    6.041318593750001,
    6.563564791666667,
    7.051912656250001,
    7.558269010416668,
    8.076277916666667,
    8.611235989583333,
    9.110177083333333,
    9.63242328125,
    10.129245729166668,
    10.6271275,
    11.149373697916667,
    11.662085989583334,
    12.18115421875,
    12.675858020833335,
    13.177977083333335,
    13.688570729166667,
    14.185393177083334,
    14.683274947916669,
    15.194927916666668,
    15.707640208333334
  ],
  "Acoustic Snare": [
    0.5158902604166667,
    0.7775430208333334,
    1.5116538020833334,
    1.8379252604166667,
    1.9004253125000001,
    1.9427982291666668,
    2.5360190625000003,
    2.82203625,
    2.85699390625,
    2.927968541666667,
    3.5391978645833335,
    4.558266510416667,
    5.563563958333334,
    6.304030677083333,
    6.572039375,
    7.081573697916667,
    7.590048697916667,
    7.838989583333334,
    8.633481770833335,
    9.086871979166668,
    9.644075833333334,
    10.648313958333334,
    11.04344140625,
    11.306153489583334,
    11.430094270833335,
    11.551916406250001,
    12.694925833333334,
    13.70340125,
    14.197045729166668,
    14.334757708333335,
    14.388783177083335,
    14.458698489583334,
    14.574164687500001,
    14.705520729166668,
    14.829461510416667,
    15.203402500000001,
    15.323105989583334,
    16.743658020833333
  ],
  "High Floor Tom": [
    7.595345312500001,
    7.838989583333334,
    12.038145625,
    16.07522526041667,
    16.141962604166668
  ],
  "High Tom": [
    11.181153385416668,
    11.677975833333335,
    11.792382708333335,
    14.955520937500001,
    15.078402395833335,
    15.463995937500002,
    15.585818072916668,
    15.712936822916667,
    15.80403859375
  ],
  "Low-Mid Tom": [
    11.915264166666667,
    15.941750572916668,
    16.01166588541667
  ],
  "Ride Cymbal 1": [
    16.129250729166667
  ]
}