{
  "Bass Drum 1": [
    0.0
  ],
  "Open Hi Hat": [
    0.018269172916666666
  ],
  "Acoustic Snare": [
    0.28653755416666665,
    0.42884479583333335,
    0.49999841666666667,
    0.5923058166666667,
    0.67788246875,
    0.7567283729166667,
    0.8990356145833334,
    1.0519197458333334
  ],
  "Closed Hi Hat": [
    0.85672805625,
    1.3423034416666666
  ],
  "High Tom": [
    1.3576880083333334,
    1.5278797770833334
  ]
}