{
  "High Floor Tom": [
    0.3057682625
  ],
  "Acoustic Snare": [
    0.31442208125,
    0.50480609375,
    0.5519213291666667,
    0.5990365645833333,
    0.67788246875,
    0.7548053020833333,
    0.8942279375,
    1.0442274625,
    1.3442265125,
    1.64134095625
  ],
  "Closed Hi Hat": [
    0.4605754645833333,
    0.9009586854166667,
    1.3086497020833334,
    1.78557126875
  ]
}