{
  "Acoustic Snare": [
    0.26249916875,
    0.30865286875000003,
    0.9173047875,
    0.9451893145833333,
    1.5221105645833333,
    1.6903792625
  ],
  "Bass Drum 1": [
    0.5778827854166667
  ],
  "Open Hi Hat": [
    0.6019211708333333,
    1.2298037979166667
  ],
  "Closed Hi Hat": [
    0.8788433708333333
  ]
}