{
  "Acoustic Snare": [
    0.24807613750000002,
    0.29711444375,
    0.9249970708333334,
    0.95480466875
  ],
  "Bass Drum 1": [
    0.5615366833333333,
    1.2394191520833333
  ],
  "Open Hi Hat": [
    0.5932673520833334,
    1.2519191125
  ],
  "Closed Hi Hat": [
    0.888458725,
    1.4923029666666667
  ],
  "High Tom": [
    1.5826872958333333,
    1.7432637104166666
  ]
}