{
  "Acoustic Snare": [
    0.24903767291666667,
    0.28653755416666665,
    0.911535575,
    0.9384585666666667
  ],
  "Bass Drum 1": [
    0.5817289270833333,
    1.39326481875
  ],
  "Open Hi Hat": [
    0.5990365645833333
  ],
  "Closed Hi Hat": [
    0.87403569375
  ],
  "High Tom": [
    1.2567267895833334
  ],
  "High Floor Tom": [
    1.3134573791666666
  ]
}