{
  "Acoustic Snare": [
    0.0,
    0.03942295208333333,
    0.28172987708333336,
    0.33653739583333336,
    0.57692125,
    0.6278826270833333,
    0.8596126625,
    0.911535575,
    1.1663424604166668,
    1.6644178062500001
  ],
  "Closed Hi Hat": [
    0.42307558333333334,
    0.8846125833333334
  ],
  "High Tom": [
    1.2278807270833334
  ],
  "High Floor Tom": [
    1.3028804895833332
  ],
  "Bass Drum 1": [
    1.35864954375
  ],
  "Crash Cymbal 1": [
    1.673071625
  ]
}