{
  "Closed Hi Hat": [
    0.0,
    0.45096011041666667,
    0.888458725,
    1.17403474375,
    1.3894186770833334
  ],
  "Acoustic Snare": [
    0.33365278958333333,
    0.45192164583333333,
    0.5624982187500001,
    0.6759593979166667,
    0.8028820729166667,
    0.9307662833333333,
    1.04711206875
  ],
  "High Tom": [
    1.1596117125,
    1.2634575375000001,
    1.3855725354166666,
    1.488456825
  ],
  "High Floor Tom": [
    1.5990333979166667,
    1.7086484354166667
  ]
}