{
  "High Floor Tom": [
    0.3038451916666667
  ],
  "Closed Hi Hat": [
    0.40288333958333333,
    0.8923048666666666,
    1.36441875625
  ],
  "Acoustic Snare": [
    0.45769085833333334,
    0.5153829833333333,
    0.5538444,
    0.5903827458333334,
    0.66922865,
    0.7480745541666667,
    0.8951894729166667,
    1.0432659270833333
  ],
  "High Tom": [
    1.3692264333333333,
    1.5384566666666666
  ]
}