{
  "Closed Hi Hat": [
    0.0
  ],
  "Acoustic Snare": [
    0.0,
    0.12499960416666667,
    0.2826914125,
    1.19134238125,
    1.2057654125,
    1.3509572604166666,
    1.3788417875,
    1.5182644229166666,
    1.5365335958333333
  ],
  "High Floor Tom": [
    0.00288460625,
    0.126922675,
    0.2836529479166667,
    0.588459675,
    0.7480745541666667,
    0.9057663625
  ],
  "Bass Drum 1": [
    0.44134475625,
    1.0278813604166668
  ],
  "High Tom": [
    0.59134428125,
    0.74134380625,
    0.8990356145833334
  ]
}