{
  "Acoustic Snare": [
    0.0,
    0.13461495833333334,
    0.288460625,
    1.5586489104166668
  ],
  "Bass Drum 1": [
    0.46442160625,
    1.07595813125
  ],
  "High Tom": [
    0.6211518791666667,
    0.7798052229166667,
    0.9298047479166667
  ],
  "High Floor Tom": [
    1.2355730104166667,
    1.39326481875
  ],
  "Ride Cymbal 1": [
    1.5624950520833334
  ]
}