{
  "Bass Drum 1": [
    0.0,
    0.513157125,
    1.0493405312500002
  ],
  "Acoustic Snare": [
    0.24561366666666667,
    0.7697356875000001,
    1.2072350312500002,
    1.3135945208333335,
    1.4517522083333334,
    1.5734625520833334,
    1.706137791666667,
    1.8190762187500003
  ],
  "High Floor Tom": [
    0.25219260416666667,
    0.7741216458333334
  ]
}