{
  "Acoustic Snare": [
    3.597013366666667,
    3.7070879458333335,
    3.9981325958333334,
    4.0914161375,
    4.307833954166667,
    4.419774204166667,
    4.520520429166667,
    4.630595008333334,
    4.735072575
  ],
  "High Tom": [
    3.8022371583333334,
    3.8973863708333334,
    4.2033563875
  ],
  "High Floor Tom": [
    4.845147154166667,
    4.951490391666667,
    5.057833629166667
  ]
}