{
  "Acoustic Snare": [
    0.11750000000000001,
    0.245,
    0.40875,
    0.48625,
    0.5675,
    0.7275,
    0.8725,
    1.01875
  ],
  "Closed Hi Hat": [
    0.82375
  ],
  "High Tom": [
    1.18875,
    1.34
  ],
  "Low-Mid Tom": [
    1.48625,
    1.63125
  ],
  "High Floor Tom": [
    1.77,
    1.93625,
    2.1,
    2.23875
  ]
}