{
  "Closed Hi Hat": [
    0.0,
    0.21467394166666667,
    0.3043478666666667,
    0.8451088083333334,
    0.9334240375,
    1.2540762541666668,
    1.5855980375,
    2.2554350833333334,
    2.5733699083333335,
    2.926630825,
    3.1453808541666666,
    3.5489135166666665,
    3.8845113875,
    4.547554954166666,
    5.562500741666667,
    6.086957333333333,
    6.218750829166667,
    6.418479116666667,
    6.5421204375,
    6.855979175,
    7.5040770875,
    7.861414091666667,
    8.195653266666667,
    8.843751179166667,
    9.184783833333334,
    9.486414308333334,
    10.769023175000001,
    11.072012345833334,
    11.406251520833333,
    11.733697216666666,
    12.058425520833334,
    12.703806041666667,
    13.054349566666668,
    13.372284391666668,
    14.035327958333333,
    14.354621479166667,
    15.634512954166667,
    15.983697783333334,
    16.289404345833333,
    16.630437,
    16.949730520833334,
    17.267665345833333,
    17.593752345833334,
    17.923915433333335,
    18.5747307375,
    18.898100345833335,
    19.241850391666667,
    21.540763741666666,
    21.877720308333334,
    22.19022035,
    22.517666045833334,
    22.850546525000002,
    23.16712265416667,
    23.485057479166667,
    23.815220566666667,
    24.14674235,
    24.4769054375,
    24.81386200416667,
    25.4714707875,
    25.66576429166667,
    26.145383920833336,
    26.453807875,
    26.778536179166668,
    27.123644920833335,
    27.426634091666667,
    28.04212330416667,
    28.0760907,
    28.3899494375,
    28.698373391666667,
    29.027177783333332,
    29.35462347916667,
    29.687503958333334,
    30.021743133333334,
    30.658971479166667,
    31.6426672625,
    31.963319479166667,
    32.2866890875,
    32.615493479166666,
    33.228265300000004,
    33.25951530416667,
    33.588319695833334,
    33.894026258333334,
    34.229624129166666,
    34.55163504166667,
    34.88451552083333,
    35.19973295416667,
    35.52446125833333,
    35.86821130416667,
    36.19022221666667,
    36.510874433333335,
    36.84103752083333,
    37.169841912500004,
    37.49864630416667,
    37.819298520833335,
    38.153537695833336,
    38.48913556666667,
    38.79755952083333
  ],
  "Bass Drum 1": [
    0.0,
    0.49048919583333334,
    1.5692936875,
    2.1154894125,
    2.5611416458333336,
    4.207880995833333,
    5.202446345833334,
    5.740489895833334,
    6.853261783333333,
    7.383153158333333,
    7.728261900000001,
    7.831522783333334,
    9.3586969,
    10.108697000000001,
    10.419838345833334,
    12.267664679166668,
    12.585599504166668,
    12.923914766666668,
    13.028534345833334,
    14.885871550000001,
    15.2404911625,
    15.5176651125,
    15.6317955625,
    17.464676241666666,
    17.915763258333335,
    18.222828516666667,
    20.819296254166666,
    22.7078834625,
    23.04076394166667,
    23.4986444375,
    25.11549247916667,
    26.122286091666666,
    27.729623262500002,
    28.25815594166667,
    28.672558170833334,
    29.899460508333334,
    30.324732304166666,
    31.323373741666668,
    32.479623895833335,
    32.9062543875,
    33.448374025,
    33.8804393,
    34.57473287083334,
    35.202450345833334,
    35.519026475000004,
    36.03804828333333,
    36.50543965,
    37.690222416666664,
    37.82337460833333,
    39.0326139
  ],
  "Acoustic Snare": [
    0.6059783416666666,
    1.9130437333333334,
    3.2486417375000003,
    4.74456585,
    4.8057071625,
    5.876359479166667,
    7.19021835,
    8.512229395833334,
    9.804349133333334,
    11.061142779166667,
    12.364132083333333,
    13.697012695833333,
    14.551632375,
    14.578806291666668,
    15.005436783333334,
    15.024458525,
    16.28804565,
    17.133154458333333,
    17.591034954166666,
    18.894024258333335,
    19.570654783333335,
    19.661687404166667,
    19.769024375,
    19.87500265,
    21.533970262500002,
    22.8464704375,
    23.369568333333333,
    24.14674235,
    25.654894725000002,
    26.782612266666668,
    28.074732004166666,
    28.554351633333333,
    29.35462347916667,
    30.85054759166667,
    30.888591075,
    31.970112958333335,
    33.25815660833334,
    33.760874066666666,
    34.55027634583333,
    35.86821130416667,
    36.3913092,
    37.17255930416667,
    38.49185295833333
  ],
  "Open Hi Hat": [
    4.221467954166667,
    25.135872916666667,
    27.74456891666667,
    30.33696056666667,
    32.930710912500004
  ],
  "Crash Cymbal 1": [
    5.224185479166667,
    10.444294870833334,
    18.2323393875,
    20.819296254166666,
    31.334243308333335
  ],
  "High Tom": [
    19.9850570125,
    20.0828831125,
    31.18886285416667
  ],
  "Low-Mid Tom": [
    20.1970135625,
    20.285328791666668
  ],
  "High Floor Tom": [
    20.395383154166666,
    20.49320925416667,
    20.604622312500002,
    20.7065245
  ]
}