{
  "Acoustic Snare": [
    0.0,
    0.12823266458333335,
    0.24999981666666668,
    0.3685342125,
    0.49892204791666667,
    0.7672408166666667,
    0.90517175,
    1.03124924375,
    1.1659474208333334
  ],
  "High Floor Tom": [
    0.012931025,
    0.6282322979166667,
    1.7866366208333333
  ],
  "High Tom": [
    1.2920249145833334,
    1.4073265541666666,
    1.5377143895833334,
    1.6627142979166667
  ],
  "Closed Hi Hat": [
    1.3071111104166666
  ],
  "Bass Drum 1": [
    1.9127141145833335
  ]
}