{
  "Acoustic Snare": [
    1.0360178125000001,
    1.1588992708333334
  ],
  "Closed Hi Hat": [
    1.0879246354166667
  ],
  "High Tom": [
    1.2817807291666667,
    1.4025435416666667
  ],
  "Low-Mid Tom": [
    1.5370775520833335,
    1.6673742708333334
  ],
  "High Floor Tom": [
    1.9131371875
  ]
}