{
  "Acoustic Snare": [
    0.03958333333333333,
    0.15625,
    0.3885416666666667,
    0.6395833333333333,
    0.7645833333333333,
    1.0104166666666667,
    1.1333333333333333
  ],
  "High Tom": [
    1.384375,
    1.5083333333333333
  ],
  "Low-Mid Tom": [
    1.609375,
    1.73125
  ],
  "Ride Cymbal 1": [
    1.9625
  ],
  "Bass Drum 1": [
    1.9645833333333333
  ],
  "Crash Cymbal 1": [
    1.9697916666666666
  ]
}