{
  "Bass Drum 1": [
    0.0,
    1.33750066875,
    1.6486119354166666,
    2.3180567145833333,
    2.6180568645833335,
    3.63333515,
    4.1250020625,
    4.456946672916667,
    4.9472246958333335,
    5.2694470791666665,
    6.4777810166666665,
    6.790281172916667,
    7.1263924520833335,
    7.63333715,
    7.9583373125,
    8.479170906250001,
    9.16250458125,
    9.5083380875,
    9.813893795833334,
    10.294449591666668,
    10.618060864583335,
    11.123616672916667,
    11.820839243750001,
    12.145839406250001,
    12.484728464583334,
    12.823617522916667,
    12.970839818750001,
    13.306951097916667,
    13.494451191666666,
    13.813895795833334,
    14.316673825,
    14.502785029166667,
    14.813896295833334,
    15.1583409125,
    15.479174406250001,
    15.652785604166667,
    15.988896883333334,
    16.161119191666668,
    16.462508231250002,
    16.96528626041667,
    17.138897458333332,
    17.78750889375,
    18.125009062500002,
    18.620842643750002,
    18.959731702083335,
    19.477787516666666,
    19.797232120833336,
    20.301399039583334,
    20.470843568750002,
    20.797232620833334,
    21.29862176041667,
    21.476399627083335,
    21.78751089375,
    22.27778891666667,
    22.47084456875,
    22.96251148125,
    23.626400702083334,
    23.806956347916667,
    24.305567708333335,
    24.493067802083335,
    24.969456929166668,
    25.165290360416666,
    25.63751281875,
    25.813901795833335,
    26.32084649375,
    26.50417991875,
    26.995846831250002,
    27.159735802083333,
    27.809736127083333,
    28.436125329166668,
    28.963903370833336,
    29.138903458333335,
    29.672237058333334,
    29.819459354166668,
    30.480570795833334,
    31.143071127083335,
    31.493071302083333,
    31.9916826625,
    33.30418331875,
    33.63473903958334,
    34.26529491041667,
    34.63057287083333,
    34.95557303333334,
    35.77918455625,
    35.84446236666667,
    36.283351475
  ],
  "Crash Cymbal 1": [
    0.015277785416666667,
    21.29584398125,
    31.9916826625
  ],
  "Closed Hi Hat": [
    0.3486112854166667,
    0.6750003375,
    1.0138893958333333,
    1.33750066875,
    1.6652786104166668,
    1.9902787729166667,
    2.32083449375,
    2.9763903770833333,
    3.3069460979166667,
    3.6416684875,
    3.9708353187500003,
    4.288891033333334,
    4.613891195833333,
    4.9472246958333335,
    5.284724864583334,
    5.6152805854166665,
    5.95416964375,
    6.305558708333334,
    6.640281097916667,
    6.981947935416667,
    7.308336987500001,
    7.644448266666667,
    7.97083731875,
    8.318059714583333,
    8.650004325000001,
    8.997226720833334,
    9.32083799375,
    9.663893720833334,
    9.993060552083334,
    10.3083384875,
    10.630560870833333,
    10.968061039583334,
    11.302783429166666,
    11.641672487500001,
    11.972228208333334,
    12.319450604166667,
    12.661117441666667,
    12.994450941666667,
    13.315284435416666,
    13.655562383333335,
    13.983340325,
    14.301396039583334,
    14.638896208333334,
    14.981951935416667,
    15.318063214583335,
    15.652785604166667,
    15.980563545833334,
    16.31250815625,
    16.64028609791667,
    16.96667515,
    17.284730864583334,
    17.63334215,
    17.965286760416667,
    18.281953585416666,
    18.626398202083333,
    18.962509481250002,
    19.302787429166667,
    19.626398702083335,
    19.955565533333335,
    20.293065702083336,
    20.63334365,
    20.969454929166666,
    21.634733039583335,
    21.955566533333336,
    22.286122254166667,
    22.623622422916668,
    22.958344812500002,
    23.293067202083336,
    23.626400702083334,
    23.969456429166666,
    24.305567708333335,
    24.650012325000002,
    24.988901383333335,
    25.326401552083333,
    25.643068377083335,
    25.984735214583335,
    26.323624272916668,
    26.669457779166667,
    27.00418016875,
    27.336124779166667,
    27.65418049375,
    27.973625097916667,
    28.294458591666668,
    28.618069864583333,
    28.952792254166667,
    29.312514656250002,
    29.652792604166667,
    29.99862611041667,
    30.318070714583335,
    30.662515331250003,
    30.98195993541667,
    31.333349000000002,
    31.998627110416667,
    32.334738389583336,
    32.64862743541667,
    32.96529426041667,
    33.30418331875,
    33.6416834875,
    33.97085031875,
    34.61251730625,
    34.63612842916667,
    34.961128591666665,
    35.28751764375,
    35.61529558541667
  ],
  "Acoustic Snare": [
    0.6708336687500001,
    1.9750009875,
    3.30416831875,
    4.613891195833333,
    5.948614085416667,
    7.302781429166667,
    8.648615435416668,
    9.993060552083334,
    11.297227870833334,
    12.656950772916668,
    13.981951435416667,
    15.316674325000001,
    16.634730539583334,
    17.456953172916666,
    17.968064539583334,
    18.419453654166666,
    18.522231483333336,
    19.29445409166667,
    19.961121091666666,
    20.97362159791667,
    21.126399452083334,
    21.945844306250002,
    22.101399939583334,
    23.288900533333333,
    23.46112284166667,
    23.976400877083336,
    24.150012075,
    24.223623222916668,
    24.63751231875,
    24.8083457375,
    25.315290435416667,
    25.468068289583336,
    25.981957435416668,
    26.13195751041667,
    26.663902220833336,
    26.822235633333335,
    27.32779144166667,
    27.48195818541667,
    27.973625097916667,
    28.1250140625,
    28.193069652083334,
    28.612514306250002,
    28.7750143875,
    29.305570208333336,
    29.477792516666668,
    29.984737214583333,
    30.161126191666668,
    30.650015325000002,
    30.815293185416667,
    31.300015650000002,
    31.65418249375,
    31.816682575,
    32.63334965,
    33.96946142916667,
    35.280573195833334,
    35.97224020833333,
    36.450018225,
    36.511129366666665,
    36.626407202083335,
    36.81529618541667
  ],
  "Open Hi Hat": [
    2.636112429166667,
    2.973612597916667,
    31.658349162500002,
    34.30001715,
    35.96946242916667,
    36.28612925416667
  ],
  "High Tom": [
    36.97224070833334,
    37.08890743333333,
    37.181963035416665
  ]
}