{
  "Closed Hi Hat": [
    0.0
  ],
  "High Floor Tom": [
    0.021153779166666668,
    0.149999525,
    0.30192212083333336,
    0.60288270625,
    0.7538437666666666,
    0.9211509291666666,
    1.21441923125,
    1.3653802916666666
  ],
  "High Tom": [
    0.0,
    0.15288413125,
    0.30192212083333336,
    0.5961519583333333,
    0.7557668375,
    0.9019202208333333,
    1.1980731291666666,
    1.3721110395833334
  ],
  "Bass Drum 1": [
    0.44326782708333334,
    1.0548043520833335
  ],
  "Crash Cymbal 1": [
    1.50864906875
  ],
  "Acoustic Snare": [
    1.5163413520833333
  ]
}