{
  "Acoustic Snare": [
    0.0,
    0.06249980208333333,
    0.15480720208333335,
    1.3942263541666666
  ],
  "Bass Drum 1": [
    0.30288365625,
    0.7711514041666667,
    1.2124961604166666
  ],
  "High Tom": [
    0.44711396875,
    0.5326906208333333,
    0.6105749895833333
  ],
  "High Floor Tom": [
    0.9134586458333334,
    1.0019199041666667,
    1.0903811625,
    1.3567264729166666
  ]
}