{
  "Acoustic Snare": [
    0.0,
    0.19423015416666667,
    0.32115282916666665,
    0.5490367229166667,
    0.76153605,
    0.9124971104166667
  ],
  "Closed Hi Hat": [
    0.0019230708333333334,
    0.4480755041666667,
    0.9182663229166667,
    1.3769187166666668
  ],
  "High Tom": [
    1.1249964375000001,
    1.37018796875,
    1.4846106833333335
  ]
}