{
  "Acoustic Snare": [
    0.0,
    0.9374970312500001,
    1.0451889979166666,
    1.1644193895833332,
    1.2749959625,
    1.3894186770833334
  ],
  "Bass Drum 1": [
    0.2249992875,
    0.67211325625,
    1.511533675
  ],
  "High Tom": [
    0.47596003125
  ],
  "Closed Hi Hat": [
    0.9249970708333334
  ]
}