{
  "Closed Hi Hat": [
    0.0
  ],
  "High Tom": [
    0.00865381875,
    0.7009593187500001,
    0.8173051041666667,
    0.9269201416666667,
    1.0423043916666668,
    1.534610525
  ],
  "Acoustic Snare": [
    0.11249964375,
    0.22788389375,
    0.45961392916666666,
    1.6663408770833334
  ],
  "Bass Drum 1": [
    0.565382825,
    1.2451883645833333
  ],
  "High Floor Tom": [
    1.3826879291666667
  ]
}