{
  "High Floor Tom": [
    0.0,
    0.4115371583333333,
    0.8769203
  ],
  "Closed Hi Hat": [
    0.010576889583333334,
    0.40576794583333337,
    0.86826648125
  ],
  "High Tom": [
    0.04999984166666667,
    0.48557538541666667,
    0.9403816375
  ],
  "Acoustic Snare": [
    0.13653802916666666,
    0.57692125,
    1.0596120291666666,
    1.3432649770833334,
    1.5048029270833334
  ],
  "Bass Drum 1": [
    0.30192212083333336,
    0.7201900270833334,
    1.1711501375
  ]
}