{
  "Bass Drum 1": [
    1.7221099312500001,
    2.130762483333333
  ],
  "High Floor Tom": [
    1.8269172916666667
  ],
  "High Tom": [
    1.9028785895833333
  ],
  "Acoustic Snare": [
    1.9855706354166667,
    2.2663389770833335,
    2.60768405,
    2.7653758583333334,
    2.9019138875,
    2.9836443979166667,
    3.06056723125,
    3.2172975041666665,
    3.3740277770833336,
    3.5249888375
  ],
  "Closed Hi Hat": [
    2.1221086645833336,
    2.2499928750000002,
    2.742299008333333,
    3.2134513625
  ]
}