{
  "Closed Hi Hat": [
    0.0,
    0.43749861458333333
  ],
  "Acoustic Snare": [
    0.0,
    0.14711491875,
    0.29807597916666667,
    0.4423062916666667
  ],
  "Bass Drum 1": [
    0.5990365645833333,
    1.3249958041666667
  ],
  "High Tom": [
    0.7374976645833333,
    0.8749972291666667,
    1.0394197854166667,
    1.1942269875
  ],
  "High Floor Tom": [
    1.5259567062500001,
    1.6711485541666666
  ]
}