{
  "Acoustic Snare": [
    0.016346102083333335,
    0.22211468125,
    0.3326912541666667,
    0.4442293625,
    0.55672900625,
    0.7673052625,
    0.9971122270833334
  ],
  "Closed Hi Hat": [
    0.44519089791666666,
    0.8980740791666667,
    1.3346111583333333
  ],
  "High Tom": [
    1.1124964770833334,
    1.2355730104166667,
    1.3519187958333334,
    1.4644184395833333
  ],
  "High Floor Tom": [
    1.5769180833333334,
    1.6836485145833333
  ]
}