{
  "Acoustic Snare": [
    0.24232419791666668,
    0.39802571875000003,
    0.5065781875,
    0.6458323645833334,
    0.7609637708333334,
    0.8870600729166668,
    1.0109633958333335
  ],
  "High Floor Tom": [
    0.2434206875,
    1.5668836145833334
  ],
  "High Tom": [
    1.2839893020833335
  ]
}