{
  "Bass Drum 1": [
    0.028532612500000002,
    1.6263589125,
    2.290761175,
    2.6059786083333334,
    4.2350549125,
    4.7730984625,
    5.112772420833333,
    5.187500691666667,
    6.836957433333334,
    7.391305333333333,
    7.736414075,
    7.832881479166667,
    9.451088216666667,
    10.451088350000001,
    12.054349433333334,
    12.720110391666667,
    13.019023475000001,
    14.65761065,
    15.630436866666667,
    17.273100129166668,
    17.790763241666667,
    18.11277415416667,
    18.221469820833335,
    19.888589608333334,
    20.896741916666667,
    22.509513870833334,
    22.6956552,
    23.028535679166666,
    23.452448779166666,
    25.0883185625,
    26.0543513,
    27.709242825,
    28.505438583333333,
    28.626362512500002,
    29.854623545833334,
    30.489134500000002,
    30.96196065,
    31.282612866666668,
    32.929352216666665,
    33.1263631125,
    33.4687544625,
    33.914406695833335,
    35.57065691666667,
    36.09103742083333,
    36.52310269583334,
    38.18342900416667,
    38.68750515833334,
    39.03397259583333,
    39.1508204375,
    40.47419017916667,
    41.010875033333335,
    41.362777254166666,
    41.758157741666665,
    43.38859274166667,
    44.34511460833333,
    45.98098439166667,
    46.82881059166667,
    46.937506258333336,
    48.5747347375,
    49.389952237500005,
    49.508158775,
    50.73777850416667,
    51.42256120416667,
    51.86549604583333,
    52.19022435,
    53.8410397875,
    54.676637725,
    54.7866920875,
    56.442942308333336,
    57.2568011125,
    57.37229025833334,
    59.03669265416667,
    59.8736492875
  ],
  "Crash Cymbal 1": [
    0.03940217916666667,
    9.997283941666668,
    10.4633166125,
    20.4171222875,
    20.892665829166667,
    31.296199825000002,
    41.7758207875,
    41.7758207875,
    52.198376525
  ],
  "Closed Hi Hat": [
    0.34103265416666667,
    0.6671196541666666,
    0.9755436083333333,
    1.2907610416666666,
    1.9429350416666666,
    1.9741850458333334,
    2.2948372625,
    2.6182068708333333,
    2.9605982208333335,
    3.2812504375000002,
    3.5855983041666666,
    3.9266309583333334,
    4.252717958333333,
    4.565218,
    4.898098479166666,
    5.230978958333333,
    5.5543485666666665,
    5.8654899125,
    6.176631258333334,
    6.508153041666667,
    6.836957433333334,
    7.184783566666667,
    7.519022741666667,
    7.841033654166667,
    8.171196741666668,
    8.502718525,
    8.847827266666666,
    9.164403395833334,
    9.78261,
    11.0910340875,
    11.422555870833333,
    11.747284175,
    12.368208170833334,
    12.398099479166667,
    12.706523433333334,
    13.036686520833333,
    13.351903954166668,
    13.669838779166668,
    13.995925779166667,
    14.338317129166667,
    14.98369765,
    15.172556370833334,
    15.641306433333334,
    15.963317345833334,
    16.277176083333334,
    16.616850041666666,
    16.955165304166666,
    17.585600170833334,
    17.611415391666668,
    18.254078520833335,
    18.573372041666666,
    18.895382954166667,
    19.2595134375,
    19.589676525,
    20.235057045833333,
    21.533970262500002,
    22.203807308333335,
    22.514948654166666,
    22.827448695833333,
    23.1725574375,
    23.4741879125,
    23.796198825,
    24.11413365,
    24.433427170833333,
    24.763590258333334,
    25.411688170833333,
    25.611416458333334,
    26.07065565,
    26.394025258333333,
    26.721470954166666,
    27.046199258333335,
    27.392666695833334,
    28.025818954166667,
    28.20924289166667,
    28.664405995833334,
    28.9769060375,
    29.304351733333334,
    29.6616887375,
    29.982340954166666,
    30.320656216666666,
    30.626362779166666,
    30.96196065,
    31.959243391666668,
    32.307069525,
    32.64810217916667,
    32.94565656666667,
    33.27038487083333,
    33.61005882916667,
    33.93886322083333,
    34.239135,
    34.581526350000004,
    34.925276395833336,
    35.22690687083333,
    35.8654939125,
    35.907613483333336,
    36.520385304166666,
    36.8519070875,
    37.177994087500004,
    37.51495065416667,
    37.84239635,
    38.46060295416667,
    38.504081220833335,
    39.152179133333334,
    39.478266133333335,
    39.8111466125,
    40.146744483333336,
    42.4116904375,
    42.733701350000004,
    43.031255737500004,
    43.695658,
    43.888592808333335,
    44.35462547916667,
    44.99049512916667,
    45.317940825,
    45.627723475,
    46.29076704166667,
    46.491854025,
    46.95788669583334,
    47.59783243333334,
    47.92527812916667,
    48.25000643333333,
    48.883158691666665,
    49.5122348625,
    49.84103925416667,
    50.173919733333335,
    50.52989804166667,
    50.877724175000004,
    51.201093783333334,
    51.516311216666665,
    52.17120260833333,
    52.508159175,
    52.832887479166665,
    53.1644092625,
    53.49593104583334,
    54.1263659125,
    54.3383224625,
    54.782616000000004,
    55.4470182625,
    55.7731052625,
    56.09375747916667,
    56.74185539166667,
    57.38995330416667,
    58.0394099125,
    58.3654969125,
    58.68479043333333,
    59.34239921666667
  ],
  "Acoustic Snare": [
    0.6657609583333334,
    1.9687502625,
    3.27717435,
    4.554348433333334,
    5.872283391666667,
    7.187500958333334,
    8.500001133333333,
    9.9782622,
    11.084240608333333,
    12.415762525,
    13.664403995833334,
    15.1671215875,
    15.480980325,
    16.277176083333334,
    17.60733930416667,
    18.895382954166667,
    20.415763591666668,
    21.535328958333334,
    22.809785650000002,
    24.116851041666667,
    25.6019055875,
    25.91848171666667,
    26.721470954166666,
    28.205166804166666,
    29.304351733333334,
    30.16168880416667,
    30.6236453875,
    31.966036870833335,
    33.254080520833334,
    34.581526350000004,
    35.9021787,
    37.177994087500004,
    38.485059479166665,
    39.804353133333336,
    40.6752771625,
    40.697016295833336,
    41.1236467875,
    41.15897287916667,
    42.40761435,
    43.879081937500004,
    44.99457121666667,
    46.4877779375,
    47.593756345833334,
    49.07065871666667,
    49.0964739375,
    50.1725610375,
    51.0529959375,
    51.51087643333334,
    52.832887479166665,
    54.33288767916667,
    55.449735654166666,
    56.94022498333334,
    56.96875759583334,
    58.0394099125,
    59.5394101125,
    59.56250794166667
  ],
  "Open Hi Hat": [
    1.6317936958333334,
    9.466033870833334,
    12.061142912500001,
    14.6616867375,
    17.281252304166667,
    19.89402439166667,
    25.085601170833336,
    27.706525433333333,
    35.56114604583333,
    38.17120074166667,
    43.369571,
    45.9660387375,
    48.5747347375,
    51.855985175,
    53.82337674166667,
    56.422561870833334,
    59.0258230875
  ]
}