{
  "High Floor Tom": [
    0.0,
    0.25875,
    1.78875,
    1.9275,
    2.07625
  ],
  "Bass Drum 1": [
    0.08875
  ],
  "Acoustic Snare": [
    0.25625,
    0.41125,
    0.70625,
    0.75875,
    0.80375,
    0.855,
    1.00375,
    1.1625,
    1.32375,
    1.48,
    1.625,
    2.15125,
    2.2375000000000003
  ],
  "Closed Hi Hat": [
    0.5437500000000001,
    1.1300000000000001,
    1.78125,
    2.3725
  ]
}