{
  "Acoustic Snare": [
    1.7723872916666668,
    2.1958945708333335,
    2.304103479166667,
    2.3973870208333334,
    2.5037302583333334,
    3.0447748,
    3.1548493791666665
  ],
  "High Tom": [
    1.9832080958333334,
    2.0876856625,
    2.7238794166666667,
    2.944028575
  ],
  "Low-Mid Tom": [
    2.6231331916666667,
    2.8246256416666666
  ],
  "High Floor Tom": [
    3.2593269458333336,
    3.3712671958333336
  ]
}