{
  "Closed Hi Hat": [
    0.0,
    1.01831821875
  ],
  "High Floor Tom": [
    0.21767225416666666
  ],
  "Acoustic Snare": [
    0.374999725,
    0.4439651916666667,
    0.5064651458333334,
    0.57866336875,
    0.6508615916666667,
    0.7446115229166667,
    1.3943955291666668,
    1.5441799020833333
  ],
  "High Tom": [
    1.0032320229166667
  ],
  "Bass Drum 1": [
    1.6433177604166667
  ]
}