{
  "Bass Drum 1": [
    0.011458333333333333
  ],
  "Acoustic Snare": [
    0.11666666666666667,
    0.22291666666666665,
    0.35,
    0.59375,
    0.7208333333333333
  ],
  "High Tom": [
    0.99375,
    1.1125
  ],
  "Low-Mid Tom": [
    1.3729166666666666,
    1.5010416666666666
  ],
  "High Floor Tom": [
    1.75
  ]
}