{
  "Closed Hi Hat": [
    0.4766953125,
    0.9989415104166668,
    2.527544479166667,
    3.0116550520833334,
    3.4629266145833335,
    3.966105,
    4.51589359375,
    5.047673697916667,
    5.5614453125,
    6.052971145833334,
    6.561446145833334,
    7.049794010416667,
    7.568862239583334,
    8.077337239583334,
    8.591108854166666,
    9.07945671875,
    9.5783978125,
    10.117593177083334,
    10.650432604166667,
    11.158907604166668,
    11.671619895833334,
    12.197044062500002,
    12.663146145833334,
    13.158909270833334,
    13.707638541666668,
    14.213994895833334,
    14.711876666666667,
    15.221410989583335,
    16.216115208333335,
    18.761668177083333,
    19.790270729166668,
    20.78709359375,
    21.806162239583333,
    22.830527500000002,
    23.840062239583336,
    24.857012239583334,
    27.882438489583336,
    28.903625781250003,
    29.951296145833336,
    30.994729218750003
  ],
  "Bass Drum 1": [
    0.7637718229166667,
    1.7849591145833335,
    2.0233067708333334,
    2.282840885416667,
    2.7828413020833334,
    3.264833229166667,
    3.7552997395833336,
    4.021189791666667,
    4.27436796875,
    4.799792135416667,
    5.066741510416667,
    5.307207812500001,
    5.5678012500000005,
    5.777547187500001,
    6.068860989583333,
    6.32733578125,
    6.58792921875,
    6.825217552083334,
    7.095344895833334,
    7.340048489583334,
    7.840048906250001,
    8.101701666666667,
    8.342167968750001,
    8.60911734375,
    8.8538209375,
    9.113355052083334,
    9.364414583333334,
    9.618652083333334,
    9.88030484375,
    10.165262708333334,
    10.440686666666668,
    10.66208515625,
    10.9322125,
    11.0148396875,
    11.438568854166668,
    11.939628593750001,
    12.182213541666668,
    12.424798489583335,
    12.555095208333334,
    12.9216209375,
    13.206578802083333,
    13.44916375,
    13.729884322916668,
    13.9258590625,
    14.211876250000001,
    14.457639166666668,
    14.965054843750002,
    15.229885572916668,
    15.732004635416668,
    15.99471671875,
    16.51378494791667,
    16.76378515625,
    17.275438125,
    17.52649765625,
    18.024379427083336,
    18.268023697916668,
    19.03391416666667,
    19.526499322916667,
    20.063576041666668,
    20.323110156250003,
    21.046627708333336,
    21.312517760416668,
    21.551924739583335,
    22.060399739583335,
    22.326289791666667,
    23.090061614583334,
    23.60065526041667,
    24.095359062500002,
    24.372901666666667,
    24.615486614583336,
    25.132436197916668,
    25.384555052083336,
    25.62714,
    25.846419843750002,
    26.12714041666667,
    26.388793177083336,
    26.63879338541667,
    26.87608171875,
    27.146209062500002,
    27.412099114583334,
    27.641972187500002,
    28.150447187500003,
    28.65044760416667,
    29.186465000000002,
    29.4470584375,
    29.714007812500004,
    30.211889583333335,
    30.492610156250002,
    30.736254427083335,
    31.280746406250003,
    31.538161875000004,
    32.021213125,
    32.54981526041667,
    33.307231145833335,
    33.78604510416667,
    34.33053708333333,
    34.59007119791667
  ],
  "Acoustic Snare": [
    1.2733061458333335,
    1.4046621875,
    1.5243656770833334,
    1.64300984375,
    1.7680099479166669,
    1.9290270312500002,
    2.5413156770833334,
    2.8209769270833336,
    2.8622905208333336,
    2.8908922395833336,
    2.915256666666667,
    2.9375024479166667,
    2.956570260416667,
    2.9766973958333334,
    3.023307604166667,
    3.5148334375,
    3.868647291666667,
    3.902545625,
    3.917376145833334,
    3.9629270312500005,
    4.008477916666667,
    4.533902083333333,
    4.92902953125,
    4.990470260416667,
    5.1673771875000005,
    5.211868750000001,
    5.24682640625,
    5.3146230729166675,
    5.442801145833334,
    5.570979218750001,
    6.570980052083334,
    6.925853229166667,
    6.980938020833334,
    7.019073645833334,
    7.052971979166667,
    7.0794550520833335,
    7.105938125000001,
    7.592167343750001,
    8.349583229166667,
    8.60911734375,
    9.100643177083334,
    9.619711406250001,
    9.882423489583335,
    10.680093645833335,
    10.997890520833334,
    11.048738020833333,
    11.083695677083334,
    11.111238072916667,
    11.136661822916668,
    11.159966927083333,
    11.18327203125,
    11.686450416666668,
    12.307213645833334,
    12.691747864583334,
    13.043443072916668,
    13.100646510416668,
    13.135604166666667,
    13.329460260416667,
    13.582638437500002,
    13.705519895833334,
    14.716113958333334,
    15.174800781250001,
    15.478826458333334,
    16.254250833333334,
    17.02225994791667,
    17.776497864583334,
    18.786032604166667,
    19.022261614583336,
    19.072049791666668,
    19.111244739583334,
    19.146202395833335,
    19.181160052083335,
    19.24260078125,
    19.2775584375,
    19.81569447916667,
    20.243660937500003,
    20.81357666666667,
    21.21717869791667,
    21.2606109375,
    21.28921265625,
    21.312517760416668,
    21.387729687500002,
    21.572051875000003,
    21.830526666666668,
    22.075230260416667,
    22.859129218750002,
    23.274383802083335,
    23.312519427083334,
    23.341121145833334,
    23.36230760416667,
    23.88031651041667,
    24.20446932291667,
    24.244723593750003,
    24.272265989583335,
    24.295571093750002,
    24.38455421875,
    24.885613958333334,
    25.278622760416667,
    25.40256354166667,
    25.527563645833336,
    25.65574171875,
    27.91633682291667,
    28.315701562500003,
    28.934346145833334,
    29.98201651041667,
    30.31570322916667,
    30.35701682291667,
    30.386677864583337,
    30.40998296875,
    30.44599994791667,
    30.461889791666668,
    31.012737708333336,
    31.467187239583335,
    31.760619687500004,
    32.293459114583335,
    32.791340885416666,
    33.063586875000006,
    33.546638125,
    34.067825
  ],