{
  "Bass Drum 1": [
    0.0,
    1.32916733125,
    1.6611119416666666,
    2.3263900520833336,
    2.6527791041666666,
    3.156946022916667,
    3.6138906958333337,
    5.305558208333333,
    6.626392202083333,
    7.956948422916667,
    10.640283097916667,
    12.188894983333334,
    12.683339675000001,
    13.356951122916668,
    13.68750684375,
    14.650007325,
    14.863896320833334,
    15.351396564583334,
    16.02917468125,
    17.538897658333333,
    18.027786791666667,
    18.363898070833333,
    19.14028734791667,
    19.659732052083335,
    20.330565720833334,
    21.277788416666667,
    22.444455666666666,
    22.577789066666668,
    22.95417814375,
    23.955567533333333,
    24.322234383333335,
    25.968068539583335,
    27.650013825000002,
    28.148625185416666,
    28.49584758125,
    29.001403389583334,
    29.172236808333334,
    29.6583481625,
    29.823626022916667,
    30.316681825,
    31.970849318750002,
    32.3083494875,
    34.611128416666666
  ],
  "Ride Cymbal 1": [
    0.0,
    0.32638905208333335,
    0.6708336687500001,
    1.00416716875,
    1.3444451166666667,
    1.6708341687500001,
    2.0013898895833333,
    2.3263900520833336,
    2.67083466875,
    2.9763903770833333,
    3.3180572145833334,
    3.6486129354166668,
    3.9680575395833335,
    5.63333615,
    5.983336325,
    6.315280935416667,
    7.983337325,
    8.280559695833334,
    8.640282097916668,
    8.976393377083333,
    10.981949935416667,
    11.313894545833334,
    11.652783604166666,
    13.640284597916667,
    13.998618110416666,
    14.347229395833335,
    14.659729552083334,
    14.884729664583334,
    15.351396564583334,
    15.702785629166668,
    16.03334135,
    16.350008175,
    16.68611945416667,
    17.01250850625,
    18.023620122916668,
    18.355564733333335,
    18.67362044791667,
    18.988898383333336,
    19.32778744166667,
    19.656954272916668,
    19.9916766625,
    20.323621272916668,
    21.630566370833336,
    21.979177656250002,
    22.280566695833333,
    22.6250113125,
    22.959733702083334,
    23.300011650000002,
    23.626400702083334,
    24.306956597916667,
    24.64584565625,
    24.944456916666667,
    25.281957085416668,
    25.638901708333336,
    25.973624097916666,
    26.306957597916668,
    26.638902208333334,
    26.976402377083335,
    27.323624772916666,
    27.644458266666668,
    27.980569545833333,
    28.318069714583334,
    28.64584765625,
    28.988903383333334,
    29.33195911041667,
    29.665292610416667,
    30.001403889583333,
    30.3250151625,
    31.970849318750002,
    32.30140503958334,
    32.66251633125,
    32.9916831625
  ],
  "Acoustic Snare": [
    0.6736114479166667,
    1.1888894833333334,
    1.54583410625,
    1.9986121104166668,
    2.8416680875,
    3.3083349875000003,
    3.4805572958333335,
    3.7930574520833336,
    3.8541685937500003,
    4.0666687,
    4.12083539375,
    4.311113266666667,
    4.5236133729166665,
    4.648613435416667,
    4.736113479166667,
    4.855557983333333,
    4.968058039583333,
    5.9805585458333335,
    6.4666699,
    6.527781041666667,
    6.581947735416667,
    6.727781141666667,
    6.851392314583333,
    6.9555590333333335,
    7.080559095833333,
    7.17083691875,
    7.311114766666667,
    7.406948147916667,
    8.643059877083333,
    9.108337887500001,
    9.1750045875,
    9.297226870833335,
    9.418060264583334,
    9.644449266666667,
    9.752782654166667,
    9.869449379166667,
    9.993060552083334,
    10.102782829166667,
    11.315283435416667,
    11.813894795833333,
    11.89583928125,
    11.988894883333334,
    12.551395164583333,
    12.798617510416667,
    12.911117566666666,
    13.026395402083335,
    13.997229220833335,
    14.497229470833334,
    14.562507281250001,
    15.211118716666666,
    15.693063402083334,
    16.688897233333336,
    17.191675262500002,
    17.250008625,
    17.35417534375,
    17.883342275,
    18.238898008333333,
    18.3083424875,
    18.67084266875,
    18.8916761125,
    19.322231883333334,
    19.99584333125,
    20.47778801666667,
    20.53751026875,
    20.80278817916667,
    21.968066539583333,
    22.61945575416667,
    23.29028942291667,
    24.6416789875,
    25.283345975,
    26.3083464875,
    27.320846993750003,
    28.652792104166668,
    28.818069964583334,
    28.87084776875,
    28.923625572916666,
    29.340292447916667,
    29.497236970833335,
    29.99862611041667,
    30.17084841875,
    30.23334845,
    30.48751524375,
    30.645848656250003,
    30.81251540625,
    32.65557188333334,
    33.09029432291667,
    33.13751656875,
    33.176405477083335,
    33.2083499375,
    33.24029439791667,
    33.322238883333334,
    33.43473893958333,
    33.55279455416667,
    33.6666835,
    33.790294672916666,
    33.88612805416667
  ],
  "Closed Hi Hat": [
    0.6819447854166667,
    1.0013893895833335,
    1.6638897208333334,
    23.981956435416667,
    25.133345900000002,
    25.63334615,
    26.959735702083336,
    33.35557223333333
  ],
  "High Floor Tom": [
    4.194446541666667,
    6.627781091666667,
    31.641682487500002,
    31.798627010416666
  ],
  "High Tom": [
    5.081946985416667,
    5.19583593125,
    7.523614872916667,
    7.640281597916667,
    10.215282885416666,
    10.340282947916666,
    10.45417189375,
    10.551394164583334,
    13.130562120833334,
    13.22917328125,
    20.959732702083333,
    21.108343887500002,
    30.97918215625,
    31.134737789583333,
    34.0083503375,
    34.106961497916664,
    34.2083504375
  ],
  "Crash Cymbal 1": [
    5.315280435416667,
    10.677783116666667,
    13.350006675000001,
    17.534730989583334,
    21.283343975,
    23.961123091666668
  ],
  "Low-Mid Tom": [
    7.7597261020833335,
    7.855559483333334,
    9.520838093750001,
    12.202783879166667,
    12.694450791666666,
    31.300015650000002,
    31.465293510416668,
    34.31946160416667,
    34.43751721875,
    34.53473948958334
  ],
  "Open Hi Hat": [
    23.627789591666666,
    26.634735539583335
  ]
}