{
  "Acoustic Snare": [
    0.2554820729166667,
    0.4067976354166667,
    0.5230255312500001,
    0.6557007708333334,
    0.776314625,
    0.9078933750000001
  ],
  "High Floor Tom": [
    0.2620610104166667,
    1.54933978125
  ],
  "High Tom": [
    1.0328931875,
    1.1567965104166669,
    1.2872787708333335,
    1.4265329479166668
  ],
  "Bass Drum 1": [
    1.8103043020833336
  ]
}