{
  "High Floor Tom": [
    0.0,
    0.28,
    0.8925000000000001,
    1.5075,
    1.83125,
    2.1175
  ],
  "Acoustic Snare": [
    0.13125,
    0.4325,
    0.74,
    1.06,
    1.3587500000000001,
    1.95875,
    2.27125,
    2.3225000000000002,
    2.3675
  ],
  "Closed Hi Hat": [
    0.56875,
    1.17875,
    1.8325
  ],
  "Bass Drum 1": [
    0.5875,
    1.6725
  ],
  "Crash Cymbal 1": [
    0.5925
  ]
}