{
  "Ride Cymbal 1": [
    1.8059693666666667
  ],
  "Acoustic Snare": [
    1.81343205,
    2.0093274875000002,
    2.0783573083333335,
    2.136193104166667,
    2.197760241666667,
    2.2462676833333335,
    2.2686557333333335,
    2.3768646416666668,
    2.4197750708333334,
    2.473879525,
    2.5727600791666667,
    2.6287302041666667,
    2.6735063041666667,
    2.8171629583333333,
    2.9141778416666666
  ],
  "High Tom": [
    2.70895405,
    3.0186554083333332
  ],
  "Open Hi Hat": [
    3.0317151041666666
  ],
  "Low-Mid Tom": [
    3.1175359625,
    3.238804566666667
  ],
  "High Floor Tom": [
    3.3246254250000002,
    3.434700004166667
  ]
}