{
  "Bass Drum 1": [
    0.0013586958333333334
  ],
  "Ride Cymbal 1": [
    0.010869566666666667,
    0.22554350833333334,
    0.4361413625,
    0.6548913916666667,
    0.8790762041666667,
    1.0801631875,
    1.296195825,
    1.5135871583333333,
    1.6902176166666667,
    1.9279893875,
    2.1304350666666667,
    2.3437503125,
    2.5801633875,
    2.802989504166667,
    3.01630475,
    3.2418482583333335,
    3.4932069875000002,
    3.5923917833333334,
    3.671196141666667,
    3.899457041666667,
    4.1535331625000005,
    4.2513592625,
    4.368207104166666,
    4.58152235,
    4.788044116666667,
    5.019022408333334
  ],
  "Acoustic Snare": [
    0.6413044333333333,
    1.9307067791666668
  ]
}