{
  "Closed Hi Hat": [
    0.0
  ],
  "High Floor Tom": [
    0.25107740208333335
  ],
  "Acoustic Snare": [
    0.5452582208333333,
    0.6056030041666667,
    0.64655125,
    0.6928874229166667,
    0.7543097916666667,
    1.0204733895833333,
    1.28986974375,
    1.4224127500000001,
    1.6594815416666668,
    1.8103435
  ]
}