{
  "Bass Drum 1": [
    0.30138903958333335,
    1.1111116666666667,
    1.6361119291666668,
    1.8125009062500002,
    2.1138899458333333,
    2.4736123479166667,
    2.9027792291666668,
    4.286113254166667,
    4.727780141666667,
    5.263891520833334,
    6.92917013125,
    7.2430591770833335,
    7.569448229166667,
    7.893059502083333
  ],
  "Acoustic Snare": [
    0.6236114229166667,
    1.30416731875,
    1.4597229520833335,
    1.9486120854166666,
    1.9861121041666667,
    3.2722238583333336,
    3.3111127666666667,
    3.9361130791666668,
    3.9680575395833335,
    4.101390939583333,
    4.155557633333333,
    6.727781141666667,
    6.83333675
  ],
  "Ride Cymbal 1": [
    0.6236114229166667,
    1.3069450979166668,
    1.6250008125
  ],
  "High Tom": [
    2.261112241666667,
    2.28750114375,
    4.413891095833334,
    4.447224445833333,
    4.598613410416667,
    4.623613422916667,
    7.055559083333334,
    7.163892470833334
  ],
  "Crash Cymbal 1": [
    2.6138901958333336
  ],
  "Low-Mid Tom": [
    4.911113566666667,
    4.931946910416666,
    5.090280322916667,
    5.122224783333333,
    7.363892570833333,
    7.480559295833333
  ],
  "High Floor Tom": [
    5.412502706250001,
    5.42916938125,
    5.5333361000000005,
    5.601391689583333,
    7.70000385,
    7.766670550000001
  ]
}