{
  "Bass Drum 1": [
    0.0,
    1.4183333333333334,
    1.6133333333333335,
    3.0,
    3.186666666666667,
    4.54,
    4.748333333333334,
    6.3533333333333335,
    7.793333333333334,
    8.008333333333335,
    9.618333333333334,
    10.975000000000001,
    11.181666666666667,
    12.783333333333335,
    12.865,
    14.193333333333333,
    14.398333333333333,
    17.361666666666668,
    17.575000000000003,
    19.171666666666667,
    20.583333333333336,
    20.788333333333334,
    22.186666666666667,
    22.375,
    25.523333333333333,
    27.041666666666668,
    27.24666666666667,
    28.795,
    30.16166666666667,
    30.37,
    31.96,
    33.370000000000005,
    33.575,
    34.99333333333333,
    35.17666666666667,
    36.513333333333335,
    36.74333333333333,
    38.355000000000004,
    39.785000000000004,
    39.980000000000004,
    42.76833333333334,
    44.388333333333335,
    44.74166666666667,
    46.21333333333334,
    46.40833333333334,
    48.35,
    49.155,
    49.56,
    51.17,
    52.575,
    52.77666666666667,
    54.175000000000004,
    54.400000000000006,
    55.788333333333334,
    55.98166666666667,
    57.58166666666667,
    58.99166666666667,
    59.18333333333334,
    60.81333333333334,
    62.16666666666667,
    62.37833333333334,
    63.96833333333334,
    65.41000000000001,
    65.62,
    67.575,
    69.14666666666668,
    70.35666666666667,
    71.78166666666667,
    72.00833333333334,
    73.37666666666667,
    73.57000000000001,
    75.01666666666667,
    75.21333333333334,
    76.45166666666667,
    76.7,
    78.40333333333334,
    79.97500000000001,
    83.15666666666667,
    84.57000000000001,
    84.79333333333334,
    86.20666666666668,
    86.40833333333335,
    87.77333333333334,
    87.965,
    89.555,
    90.93833333333333,
    91.16333333333334,
    92.81166666666667,
    94.20166666666667,
    94.39833333333334,
    95.99166666666667,
    97.40833333333335,
    97.59333333333333,
    99.57166666666667,
    100.55166666666668,
    100.76166666666667,
    102.39166666666668,
    103.83000000000001,
    104.015,
    105.98500000000001,
    106.77000000000001,
    107.13166666666667,
    108.68666666666667
  ],
  "Closed Hi Hat": [
    0.0,
    0.17500000000000002,
    0.3766666666666667,
    0.5750000000000001,
    0.7983333333333333,
    0.9850000000000001,
    1.1933333333333334,
    1.3866666666666667,
    1.5966666666666667,
    1.8066666666666669,
    1.9983333333333335,
    2.186666666666667,
    2.3833333333333333,
    2.5633333333333335,
    2.7633333333333336,
    2.97,
    3.1750000000000003,
    3.3800000000000003,
    3.5783333333333336,
    3.7700000000000005,
    3.966666666666667,
    4.363333333333333,
    4.555000000000001,
    4.751666666666667,
    4.951666666666667,
    5.146666666666667,
    5.326666666666667,
    5.546666666666667,
    5.74,
    5.9350000000000005,
    6.148333333333333,
    6.3500000000000005,
    6.568333333333333,
    6.773333333333333,
    6.98,
    7.201666666666667,
    7.625000000000001,
    7.826666666666667,
    8.025,
    8.238333333333333,
    8.426666666666668,
    8.633333333333335,
    8.838333333333335,
    9.225000000000001,
    9.423333333333334,
    9.613333333333333,
    9.805000000000001,
    9.998333333333335,
    10.188333333333334,
    10.388333333333334,
    10.595,
    10.8,
    11.005,
    11.186666666666667,
    11.381666666666668,
    11.583333333333334,
    11.785,
    11.983333333333334,
    12.17,
    12.386666666666667,
    12.771666666666668,
    12.968333333333334,
    13.181666666666667,
    13.590000000000002,
    13.796666666666667,
    14.005,
    14.190000000000001,
    14.39,
    14.598333333333334,
    14.793333333333335,
    14.98,
    15.186666666666667,
    15.588333333333335,
    15.786666666666667,
    15.973333333333334,
    16.171666666666667,
    16.373333333333335,
    16.563333333333336,
    16.778333333333336,
    16.98166666666667,
    17.183333333333334,
    17.363333333333333,
    17.565,
    17.76666666666667,
    17.955000000000002,
    18.14166666666667,
    18.365000000000002,
    19.143333333333334,
    19.163333333333334,
    19.373333333333335,
    19.57,
    19.75166666666667,
    19.968333333333334,
    20.156666666666666,
    20.365000000000002,
    20.561666666666667,
    20.765,
    20.963333333333335,
    21.16166666666667,
    21.37166666666667,
    21.588333333333335,
    21.99666666666667,
    22.193333333333335,
    22.39666666666667,
    22.795,
    22.993333333333336,
    23.201666666666668,
    23.408333333333335,
    23.598333333333336,
    23.96666666666667,
    23.991666666666667,
    24.361666666666668,
    24.74666666666667,
    26.423333333333336,
    26.638333333333335,
    26.845000000000002,
    27.045,
    27.25,
    27.425,
    27.610000000000003,
    27.793333333333337,
    27.995,
    28.175,
    28.373333333333335,
    28.573333333333334,
    28.778333333333336,
    28.970000000000002,
    29.17666666666667,
    29.373333333333335,
    29.588333333333335,
    29.783333333333335,
    29.978333333333335,
    30.17,
    30.366666666666667,
    30.55166666666667,
    30.745,
    30.930000000000003,
    31.15666666666667,
    31.340000000000003,
    31.553333333333335,
    31.76,
    31.971666666666668,
    32.17,
    32.38333333333333,
    32.57333333333334,
    32.78666666666667,
    32.973333333333336,
    33.17666666666667,
    33.365,
    33.57,
    33.77166666666667,
    33.973333333333336,
    34.16666666666667,
    34.38666666666667,
    34.571666666666665,
    34.78,
    34.980000000000004,
    35.17666666666667,
    35.37166666666667,
    35.568333333333335,
    35.765,
    35.985,
    36.16666666666667,
    36.375,
    36.55833333333334,
    36.75333333333334,
    36.945,
    37.138333333333335,
    37.32833333333333,
    37.54333333333334,
    37.73166666666667,
    38.32833333333333,
    38.35666666666667,
    38.550000000000004,
    38.75,
    38.93833333333333,
    39.15833333333334,
    39.555,
    39.76166666666667,
    39.96666666666667,
    40.155,
    40.36,
    40.56,
    40.78333333333334,
    40.97666666666667,
    41.178333333333335,
    41.365,
    41.575,
    41.77,
    41.96,
    42.155,
    42.37666666666667,
    42.55666666666667,
    42.755,
    42.92,
    43.150000000000006,
    43.333333333333336,
    43.538333333333334,
    43.75166666666667,
    43.983333333333334,
    44.35666666666667,
    45.58166666666667,
    45.62666666666667,
    45.80666666666667,
    46.00166666666667,
    46.19833333333334,
    46.39333333333334,
    46.58833333333334,
    46.77666666666667,
    46.968333333333334,
    47.18666666666667,
    47.37666666666667,
    47.575,
    47.763333333333335,
    47.96666666666667,
    48.15833333333334,
    48.355000000000004,
    48.54833333333334,
    48.763333333333335,
    48.95166666666667,
    49.155,
    49.54833333333334,
    49.73666666666667,
    49.96166666666667,
    51.160000000000004,
    51.638333333333335,
    51.983333333333334,
    52.17166666666667,
    52.365,
    52.57,
    52.77,
    52.958333333333336,
    53.16166666666667,
    53.36166666666667,
    53.58166666666667,
    53.785000000000004,
    53.98500000000001,
    54.178333333333335,
    54.388333333333335,
    54.59666666666667,
    54.790000000000006,
    54.98166666666667,
    55.19666666666667,
    55.38166666666667,
    55.580000000000005,
    55.77166666666667,
    55.965,
    56.14666666666667,
    56.355000000000004,
    56.55666666666667,
    56.763333333333335,
    57.56166666666667,
    57.575,
    57.77166666666667,
    57.968333333333334,
    58.155,
    58.39166666666667,
    58.56333333333334,
    58.78333333333334,
    58.980000000000004,
    59.18333333333334,
    59.38166666666667,
    59.58833333333334,
    59.79166666666667,
    60.00666666666667,
    60.21333333333334,
    60.41666666666667,
    60.795,
    60.99666666666667,
    61.19500000000001,
    61.39333333333334,
    61.59333333333334,
    61.785000000000004,
    61.975,
