{
  "Bass Drum 1": [
    0.0
  ],
  "Acoustic Snare": [
    0.10416666666666667,
    0.22708333333333333,
    0.3385416666666667,
    0.46875,
    0.60625,
    0.7177083333333333,
    0.859375,
    1.1135416666666667,
    1.240625,
    1.346875,
    1.4697916666666666
  ],
  "High Tom": [
    1.5875
  ],
  "Low-Mid Tom": [
    1.7177083333333334
  ]
}