{
  "High Floor Tom": [
    0.22806983333333336,
    0.7697356875000001,
    1.2993401562500002
  ],
  "Acoustic Snare": [
    0.2291663229166667,
    0.3673240104166667,
    0.5010957395833334,
    0.7774111145833335,
    0.9122793333333334,
    1.0504370208333333,
    1.3004366458333334,
    1.4528486979166668,
    1.5778485104166668,
    1.7127167291666667,
    1.8300411145833335
  ],
  "Bass Drum 1": [
    0.5153501041666667,
    1.0416651041666667,
    1.5624976562500001
  ]
}