{
  "Closed Hi Hat": [
    0.03,
    0.675,
    1.22,
    1.8
  ],
  "Acoustic Snare": [
    0.03875,
    0.19,
    1.39125,
    1.5325,
    1.66375,
    1.8062500000000001,
    1.945,
    1.9875,
    2.02,
    2.1,
    2.2475
  ],
  "Low-Mid Tom": [
    0.32875,
    0.765
  ],
  "High Tom": [
    0.48125
  ],
  "High Floor Tom": [
    0.62,
    1.24875
  ],
  "Bass Drum 1": [
    0.97375,
    1.12625
  ]
}