{
  "Acoustic Snare": [
    1.5074620333333333,
    1.8152977208333334,
    1.90298425,
    1.981342425,
    2.069028954166667,
    2.1399244458333335,
    2.292909454166667,
    2.3694019583333334,
    2.4458944625,
    2.518655625,
    2.5839541041666667,
    2.6436555708333334,
    2.876864425,
    2.9944016875,
    3.0988792541666665,
    3.205222491666667
  ],
  "High Tom": [
    1.7276111916666668
  ],
  "Low-Mid Tom": [
    2.205222925
  ],
  "High Floor Tom": [
    3.3022373750000003,
    3.4197746375
  ]
}