{
  "High Tom": [
    0.0366847875,
    0.27038047083333333,
    0.4714674541666667,
    1.2853262583333334,
    11.2866862875,
    11.322012379166667,
    11.531251537500001,
    11.7350559125,
    11.793479833333334
  ],
  "Low-Mid Tom": [
    0.6548913916666667,
    0.8804349,
    1.0692936208333335,
    1.9375002583333334,
    3.2187504291666666,
    6.038044283333334,
    6.508153041666667,
    8.46195765,
    11.989132033333334
  ],
  "High Floor Tom": [
    1.3002719125,
    1.5217393333333333,
    1.7133154458333333,
    1.9429350416666666,
    2.1644024625,
    2.3383155291666666,
    4.070652716666666,
    4.533967995833334,
    7.160327041666667,
    7.388587941666667,
    7.5923923166666665,
    9.334240375,
    9.5421208375,
    9.7622295625,
    9.961957850000001,
    10.173914400000001
  ],
  "Ride Cymbal 1": [
    2.567935125,
    2.7894025458333336,
    3.2187504291666666,
    3.438859154166667,
    3.6317939625,
    3.8451092083333336,
    4.0760875,
    4.279891875,
    4.529891908333333,
    4.755435416666667,
    4.9388593541666665,
    5.1807072125,
    5.42934855,
    5.619565966666666,
    5.822011645833333,
    6.0448377625,
    6.24456605,
    6.540761741666667,
    6.720109591666667,
    6.9551639708333335,
    7.171196608333333,
    7.407609683333334,
    7.6100553625,
    7.811142345833334,
    8.243207620833333,
    8.464675041666666,
    8.675272895833334,
    8.888588141666666,
    9.099185995833334,
    10.383153558333333
  ],
  "Crash Cymbal 1": [
    2.5706525166666667,
    5.177989820833333,
    7.8043488666666665,
    10.396740516666666
  ],
  "Bass Drum 1": [
    7.8220119125,
    10.391305733333333
  ]
}