{
  "Acoustic Snare": [
    0.375,
    0.5700000000000001,
    0.7766666666666667,
    0.9600000000000001
  ],
  "High Floor Tom": [
    1.1566666666666667,
    1.3333333333333335
  ],
  "Crash Cymbal 1": [
    1.5416666666666667
  ],
  "Bass Drum 1": [
    1.5450000000000002
  ]
}