{
  "Bass Drum 1": [
    0.0,
    0.5230255312500001,
    1.0482440416666667,
    1.5756555312500002
  ],
  "Open Hi Hat": [
    0.25109611458333336,
    0.776314625,
    1.2916647291666667
  ],
  "High Floor Tom": [
    0.2554820729166667,
    0.7872795208333334,
    1.3070155833333335
  ],
  "Acoustic Snare": [
    1.5942958541666667,
    1.7379359895833335,
    1.8464884583333334
  ],
  "Closed Hi Hat": [
    1.8037253645833335
  ]
}