{
  "Closed Hi Hat": [
    0.0,
    0.585,
    1.175,
    1.73,
    2.32125
  ],
  "Low-Mid Tom": [
    0.00375,
    2.05875
  ],
  "High Tom": [
    0.155,
    1.915
  ],
  "High Floor Tom": [
    0.30875,
    0.44875,
    0.58375,
    0.85875,
    1.1400000000000001
  ],
  "Bass Drum 1": [
    0.6825
  ],
  "Acoustic Snare": [
    0.85,
    1.00375,
    1.28,
    1.3225,
    1.3525,
    1.37875,
    1.40125,
    1.4475,
    1.6025,
    1.745,
    2.19125,
    2.34375
  ]
}