{
  "Bass Drum 1": [
    3.569028304166667,
    3.7910431333333334,
    4.0186549750000005,
    4.235072791666667,
    4.45522195,
    4.669774095833334,
    4.9104456333333335
  ],
  "Closed Hi Hat": [
    3.569028304166667
  ],
  "Crash Cymbal 1": [
    3.5727596458333335,
    3.7854461208333334,
    4.011192291666667,
    4.229475779166667,
    4.4608189625,
    4.677236779166667,
    4.8992516083333335
  ]
}