{
  "Ride Cymbal 1": [
    0.008152175000000001,
    2.6127720875000002,
    3.3138591375,
    3.5353265583333333,
    3.7078809291666666,
    3.9252722625,
    4.15760925,
    4.347826666666667,
    4.5692940875,
    4.800272379166667,
    4.997283275,
    5.224185479166667,
    14.387230179166668
  ],
  "Bass Drum 1": [
    0.009510870833333334,
    2.6019025208333333,
    5.222826783333334,
    7.815218433333333,
    8.894022925,
    9.082881645833334,
    10.213316579166667,
    10.413044866666667,
    10.845110141666668,
    11.046197125,
    11.459240658333334,
    11.650816770833334,
    12.1182081375,
    12.332882079166668,
    13.0557082625,
    14.376360612500001,
    14.600545425
  ],
  "High Tom": [
    0.6657609583333334,
    0.8464675041666667,
    1.0747284041666667,
    5.870924695833334,
    5.907609483333333,
    6.11413125,
    6.301631275
  ],
  "Low-Mid Tom": [
    1.2758153875,
    1.4904893291666668,
    1.6983697916666667,
    6.519022608333334,
    6.7635878583333335,
    6.9456531
  ],
  "High Floor Tom": [
    1.9130437333333334,
    2.1494568083333334,
    2.3736416208333333,
    7.1671205208333335,
    7.407609683333334,
    7.604620579166667
  ],
  "Crash Cymbal 1": [
    2.6222829583333334,
    5.226902870833333,
    7.817935825,
    9.107338170833334,
    10.411686170833333,
    10.413044866666667,
    11.03804495,
    11.043479733333333,
    11.668479816666666,
    11.672555904166668,
    12.3301646875,
    12.331523383333334,
    13.059784350000001,
    13.061143045833333
  ]
}