{
  "Closed Hi Hat": [
    0.2777779166666667,
    0.9819449354166667,
    1.6597230520833335,
    2.31250115625,
    3.016668175,
    3.6861129541666666,
    4.343057727083334,
    5.0083358375,
    5.6500028250000005,
    6.313892045833334,
    8.306948597916668,
    8.99583783125
  ],
  "Acoustic Snare": [
    0.29027792291666665,
    0.8361115291666666,
    0.8777782166666667,
    0.9138893458333334,
    1.1833339250000001,
    1.5319452104166666,
    1.5722230083333333,
    1.6027785791666667,
    1.8722231583333333,
    2.061112141666667,
    2.1888899833333335,
    2.5347234895833335,
    3.0055570583333333,
    3.57916845625,
    3.636112929166667,
    3.9111130666666667,
    4.3416688375,
    4.5000022500000005,
    4.881946885416667,
    4.92083579375,
    4.994446941666667,
    5.201391489583333,
    5.665280610416667,
    6.21250310625,
    6.252780904166667,
    6.327780941666667,
    6.822225633333334,
    7.144448016666667,
    7.847226145833334,
    7.955559533333334,
    8.334726389583334,
    8.99583783125,
    9.576393677083333,
    9.893060502083333,
    10.013893895833334,
    10.1250050625
  ],
  "Ride Cymbal 1": [
    0.2916668125,
    0.52083359375,
    0.9722227083333334,
    1.1916672625,
    1.2805561958333334,
    1.6569452729166667,
    1.8680564895833334,
    1.99583433125,
    2.3069455979166666,
    2.5416679375,
    2.661112441666667,
    3.011112616666667,
    3.2305571708333334,
    3.3513905645833333,
    3.70000185,
    3.9111130666666667,
    4.0250020125,
    4.350002175,
    4.526391152083334,
    4.668057889583333,
    5.672225058333334,
    5.8833362750000004,
    5.994447441666667,
    6.318058714583334,
    6.4972254708333335,
    6.934725689583334,
    7.263892520833334,
    7.486114854166667,
    8.316670825000001,
    8.55417094375,
    8.6750043375,
    8.99583783125,
    9.226393502083333
  ],
  "Bass Drum 1": [
    0.6277780916666666,
    0.9777782666666667,
    1.2541672937500001,
    1.6541674937500002,
    2.0083343375,
    2.32083449375,
    2.6541679937500002,
    3.3513905645833333,
    3.70416851875,
    4.0250020125,
    4.343057727083334,
    4.647224545833334,
    5.3041693187500005,
    5.986114104166667,
    6.481947685416667,
    7.265281410416667,
    7.4916704125,
    7.96667065,
    8.6750043375,
    9.32917133125
  ],
  "High Floor Tom": [
    0.6430558770833333,
    1.3430562270833333,
    9.361115791666666
  ],
  "Crash Cymbal 1": [
    5.311113766666667,
    7.973615097916667
  ],
  "High Tom": [
    10.2416717875,
    10.350005175
  ],
  "Low-Mid Tom": [
    10.4666719,
    10.556949722916666
  ]
}