{
  "Acoustic Snare": [
    0.004166666666666667,
    0.125,
    0.21875
  ],
  "High Tom": [
    0.359375,
    0.6020833333333333,
    0.8541666666666666
  ],
  "Low-Mid Tom": [
    0.9916666666666667,
    1.2572916666666667,
    1.378125
  ],
  "High Floor Tom": [
    1.50625,
    1.6270833333333332,
    1.75
  ],
  "Bass Drum 1": [
    2.009375
  ],
  "Crash Cymbal 1": [
    2.0145833333333334
  ]
}