{
  "Acoustic Snare": [
    0.35333333333333333,
    0.39,
    0.745,
    0.7616666666666667,
    0.9383333333333334,
    1.3416666666666668,
    1.5366666666666668,
    1.9500000000000002,
    2.16,
    4.03,
    5.125,
    5.581666666666667,
    7.1816666666666675,
    8.783333333333333,
    9.901666666666667,
    10.393333333333334,
    11.528333333333334,
    11.991666666666667,
    12.348333333333334,
    12.538333333333334,
    13.118333333333334,
    13.576666666666668,
    14.168333333333335,
    14.693333333333335,
    15.128333333333334,
    16.8,
    17.39666666666667,
    18.375,
    19.950000000000003,
    20.953333333333333,
    21.58666666666667,
    22.583333333333336,
    22.82166666666667,
    23.208333333333336,
    23.685000000000002,
    24.793333333333337,
    26.015,
    26.37,
    26.76,
    27.363333333333337,
    27.418333333333337,
    27.53,
    27.721666666666668,
    27.923333333333336
  ],
  "High Tom": [
    1.1400000000000001,
    1.7516666666666667,
    28.118333333333336
  ],
  "Low-Mid Tom": [
    2.361666666666667
  ],
  "High Floor Tom": [
    2.56,
    2.766666666666667,
    28.30666666666667,
    28.518333333333334
  ],
  "Bass Drum 1": [
    2.976666666666667,
    3.1550000000000002,
    4.601666666666667,
    4.785,
    6.386666666666667,
    7.805000000000001,
    7.985,
    9.596666666666668,
    10.98,
    11.173333333333334,
    12.583333333333334,
    12.770000000000001,
    14.758333333333335,
    15.96,
    17.405,
    17.615000000000002,
    19.515,
    20.57166666666667,
    20.77166666666667,
    22.42,
    23.818333333333335,
    24.018333333333334,
    25.985000000000003,
    27.166666666666668,
    28.548333333333336,
    28.71666666666667
  ],
  "Crash Cymbal 1": [
    3.16,
    15.950000000000001,
    28.718333333333334
  ],
  "Closed Hi Hat": [
    4.03,
    4.205,
    4.396666666666667,
    4.601666666666667,
    4.791666666666667,
    4.9750000000000005,
    5.181666666666667,
    5.378333333333334,
    5.576666666666667,
    5.766666666666667,
    5.966666666666667,
    6.373333333333334,
    6.575,
    6.7700000000000005,
    6.958333333333334,
    7.191666666666667,
    7.373333333333334,
    7.578333333333334,
    7.7683333333333335,
    7.973333333333334,
    8.16,
    8.361666666666666,
    8.555,
    8.776666666666667,
    8.966666666666667,
    9.561666666666667,
    9.583333333333334,
    9.770000000000001,
    9.963333333333335,
    10.165000000000001,
    10.388333333333334,
    10.58,
    10.775,
    10.975000000000001,
    11.180000000000001,
    11.381666666666668,
    11.57,
    11.763333333333334,
    11.983333333333334,
    12.186666666666667,
    12.376666666666667,
    12.566666666666668,
    12.771666666666668,
    12.978333333333333,
    13.166666666666668,
    13.361666666666668,
    13.576666666666668,
    13.771666666666668,
    13.963333333333335,
    14.136666666666667,
    14.360000000000001,
    14.545000000000002,
    14.741666666666667,
    14.931666666666668,
    15.128333333333334,
    15.32,
    15.941666666666668,
    16.805,
    17.025000000000002,
    17.226666666666667,
    17.433333333333334,
    17.621666666666666,
    17.810000000000002,
    17.990000000000002,
    18.17,
    18.375,
    18.565,
    18.763333333333335,
    18.963333333333335,
    19.16,
    19.353333333333335,
    19.55,
    19.740000000000002,
    19.948333333333334,
    20.143333333333334,
    20.343333333333334,
    20.540000000000003,
    20.753333333333334,
    20.955000000000002,
    21.16,
    21.346666666666668,
    21.581666666666667,
    21.78,
    22.400000000000002,
    22.595000000000002,
    22.791666666666668,
    22.98166666666667,
    23.21,
    23.603333333333335,
    23.795,
    24.003333333333334,
    24.21166666666667,
    24.405,
    24.585,
    24.798333333333336,
    24.988333333333333,
    25.195,
    25.381666666666668,
    25.59166666666667,
    25.778333333333336,
    25.985000000000003,
    26.175,
    26.37,
    26.756666666666668,
    27.90666666666667,
    31.91166666666667
  ],
  "Open Hi Hat": [
    9.171666666666667,
    15.528333333333334,
    21.975,
    22.398333333333333,
    26.928333333333335,
    27.145000000000003
  ]
}