{
  "High Floor Tom": [
    0.019778489583333336,
    0.13053803125000002,
    0.32594950833333336,
    0.4042723270833334,
    0.5870255708333334,
    0.7602851395833334
  ],
  "Acoustic Snare": [
    0.02531646666666667,
    0.12737347291666667,
    0.3180381125,
    0.42484195625000004,
    0.5712027791666667,
    0.7681965354166668,
    1.1281650458333334,
    1.1479435354166667,
    1.70648808125,
    2.0806971041666666,
    2.44699473125,
    2.8196214750000004,
    3.1882925208333335,
    3.267406479166667,
    3.542723054166667,
    3.9216789145833335,
    4.30300819375,
    4.685128612500001,
    5.095730056250001,
    5.484179591666667,
    5.859179754166667,
    6.237344475,
    6.319622991666667,
    6.599686404166667,
    6.97547770625,
    7.154275252083334,
    7.348104450000001,
    7.731807147916667,
    8.128168079166667,
    8.507123939583334,
    8.887662079166667,
    9.256333125000001,
    9.349687595833334,
    9.603643402083334,
    9.992884077083334,
    10.367884239583335,
    10.7705742875,
    11.145574450000002,
    11.538770822916668,
    11.909024147916668,
    12.484182625,
    12.520575045833334,
    12.549056070833334,
    12.621840912500002,
    12.654277635416667,
    12.692252335416669,
    12.73813843125,
    12.880543556250002,
    12.924847372916668,
    12.947790420833334,
    12.991303097916667,
    13.019784122916668,
    13.045100589583335,
    13.070417056250001,
    13.109182895833335,
    13.282442464583335,
    13.326746281250001,
    13.357600725000001,
    13.389246308333334,
    13.455702033333335,
    13.549056504166668,
    13.839404731250001,
    14.189088427083334,
    14.583867079166668,
    14.978645731250001,
    15.367095266666668,
    15.443044666666669,
    15.725481497916668,
    16.107601916666667,
    16.49288689375,
    16.8845009875,
    17.259501150000002,
    17.63845701041667,
    17.714406410416668,
    18.000798939583333,
    18.392413033333334,
    18.472318131250002,
    18.780071429166668,
    18.8734259,
    19.172476662500003,
    19.268995691666667,
    19.529280614583335,
    19.904280777083336,
    20.07833148541667,
    20.29035689375,
    20.692255802083334,
    21.06092684791667,
    21.45016752291667,
    21.5364017375,
    21.807762614583336,
    22.185927335416668,
    22.35681348541667,
    22.550642683333336,
    23.136085975000004,
    23.40586457291667,
    23.887668579166668,
    24.461244777083337,
    24.54985241041667,
    24.624219531250002,
    24.70887146666667,
    24.793523402083334,
    24.875801918750003,
    24.966782970833336,
    25.083080489583335,
    25.262669175000003,
    25.483397118750002,
    26.006340383333335,
    26.40349245416667,
    26.78323945416667,
    27.15586619791667,
    27.634505645833336,
    27.708081627083335,
    27.916942477083335,
    27.981024783333336,
    28.06013874166667,
    28.258714777083338,
    28.325170502083335,
    28.40903129791667,
    28.590202262500004,
    28.977069518750003,
    29.36789247291667,
    29.730234402083337,
    30.12975989166667,
    30.52137398541667,
    30.60681706041667,
    30.920899475000002,
    31.00792482916667,
    31.29748191666667,
    31.48498199791667,
    31.67248207916667,
    32.04748224166667,
    32.440678614583334,
    32.83783068541667,
    33.20175489375001,
    33.58308417291667,
    33.65191331666667,
    33.93197672916667,
    33.988938779166666,
    34.33071107916667,
    34.70808466041667,
    35.08308482291667,
    35.45571156666667,
    35.83466742708334,
    36.21204100833334,
    36.40112336875001,
    36.79115518333334,
    36.825965325000006,
    36.8496995125,
    36.878971677083335,
    36.95412993750001,
    37.185142695833335,
    37.22707309375,
    37.25476297916667,
    37.2864085625,
    37.30144021458334,
    37.336250356250005,
    37.374225056250005,
    37.40745291875,
    37.60523781458334,
    37.65824416666667,
    37.68751633125,
    37.71283279791667,
    37.739731543750004,
    37.77849738333334,
    38.178814012500006,
    38.55302303541667,
    38.93197889583334,
    39.30539677916667,
    39.69542859375,
    39.772169133333335,
    40.035618614583335,
    40.41378333541667,
    40.797486033333335,
    41.16694821875,
    41.250017875000005,
    41.553815475,
    41.95017640625,
    42.32201201041667,
    42.698594452083334,
    42.79432234166667,
    43.072803475,
    43.15824655,
    43.44226566041667,
    43.623436625000004,
    43.799069612500006,
    44.182772310416674,
    44.37660150833334,
    44.56568386875001,
    44.95255112500001,
    45.16536767291667,
    45.35682345208334,
    45.74210842916667,
    46.123437708333334,
    46.50714040625,
    46.89796336041667,
    47.29036859375,
    47.36473571458334,
    47.45729904583334,
    47.64796368541667,
    48.0427423375,
    48.20729937083334,
    48.39242603333334,
    48.76821733541667,
    48.84970471250001,
    49.029293397916675
  ],
  "Bass Drum 1": [
    1.501582929166667,
    1.9058552562500002,
    2.2500009750000003,
    2.5988935312500003,
    2.9833873687500003,
    3.3560141125000005,
    3.7333876937500006,
    4.1337043229166675,
    4.4762677625,
    4.88686920625,
    5.2832301375,
    5.665350556250001,
    6.030065904166667,
    6.40585720625,
    6.7761105312500005,
    7.149528414583334,
    7.504750087500001,
    7.924054066666668,
    8.292725112500001,
    8.674845531250002,
    9.039560879166668,
    9.432757252083334,
    9.649529497916667,
    9.761871318750002,
    10.169308204166668,
    10.544308366666668,
    10.950954112500002,
    11.337821368750001,
    11.727062043750001,
    12.082283716666668,
    12.513454789583335,
    12.905068883333335,
    13.294309558333335,
    13.609974252083335,
    14.069626350000002,
    14.401113835416668,
    14.768202602083335,
    15.151905300000001,
    15.530070020833335,
    15.90902588125,
    16.275323508333337,
    16.667728741666668,
    17.074374487500002,
    17.439089835416667,
    17.795102647916668,
    18.20174839375,
    18.5648814625,
    18.944628462500003,
    19.320419764583335,
    19.700166764583336,
    20.120261883333335,
    20.47469241666667,
    20.866306510416667,
    21.23023071875,
    21.61947139375,
    21.999218393750002,
    22.363142602083336,
    22.74130732291667,
    23.500010183333334,
    24.2705801375,
    24.61630813541667,
    24.982605762500004,
    25.820422581250003,
    26.20887211666667,
    26.579916581250004,
    26.931182556250004,
    27.329916906250002,
    27.684347439583338,
    28.04589822916667,
    28.36156292291667,
    28.771373227083338,
    29.174063275,
    29.57437990416667,
    29.93988639166667,
    30.310930856250003,
    30.69226013541667,
    31.07912739166667,
    31.478652881250003,
    31.848906206250003,
    32.23419118333334,
    32.611564764583335,
    32.99447632291667,
    33.37105876458334,
    33.733400693750006,
    34.132135043750004,
    34.517420020833335,
    34.90033157916667,
    35.24922413541667,
    35.67011039375,
    36.02295864791667,
    36.39795881041667,
    36.82517418541667,
    37.20413004583334,
    37.60602895416667,
    37.97153544166667,
    38.36552295416667,
    38.73340286041667,
    39.107611883333334,
    39.47707406875001,
    39.856029929166674,
    40.21441616041667,
    40.57992264791667,
    40.98261269583334,
    41.35840399791667,
    41.75080923125,
    42.12580939375,
    42.49527157916667,
    42.86077806666667,
    43.23103139166667,
    43.62106320625001,
    43.996854508333335,
    44.36315213541667,
    44.743690275000006,
    45.206506931250004,
    45.55619062708334,
    45.902709764583335,
    46.29986183541667,
    46.685937952083336,
    47.08704572083334,
    47.8433751625,
    48.594957766666674,
    49.39242646666667,
    49.680401275,
    49.702553183333336
  ],