{
  "Closed Hi Hat": [
    0.0,
    0.2702382979166667,
    0.5702385229166667,
    0.8666673166666667,
    1.1642865875000001,
    1.4440487020833335,
    1.7369060645833334,
    2.023811041666667,
    2.3059541104166668,
    2.5869067020833336,
    2.8809545416666666,
    3.1678595187500003,
    3.4440502020833335,
    3.734526610416667,
    4.02857445,
    4.308336564583334,
    4.5892891562500004,
    4.86786079375,
    5.165480064583334,
    5.46071838125,
    5.7440519270833335,
    6.026194995833333,
    6.317861881250001,
    6.600004950000001,
    6.885719450000001,
    7.154767270833334,
    7.43929129375,
    7.736910564583334
  ],
  "Bass Drum 1": [
    0.0059523854166666675,
    0.46428606250000004,
    0.8666673166666667,
    1.4440487020833335,
    2.0297634270833336,
    2.30357315625,
    2.4619066083333334,
    2.7416687229166667,
    2.813097347916667,
    3.73928851875,
    4.308336564583334,
    4.594051064583334,
    5.028575200000001,
    5.4500040875,
    6.01786165625,
    6.600004950000001,
    6.885719450000001,
    7.3166721541666675,
    7.739291518750001
  ],
  "Acoustic Snare": [
    0.57500043125,
    1.73928701875,
    2.88928788125,
    4.03214588125,
    5.1642895875,
    6.317861881250001,
    7.43929129375
  ]
}