{
  "Bass Drum 1": [
    0.0,
    1.7374944979166667,
    2.19518535625,
    5.1057530625,
    5.254791052083333,
    5.711520375,
    6.512479377083333,
    8.79516445625,
    8.957663941666667,
    9.419200941666666,
    12.503806558333334,
    12.66053683125,
    13.074958595833333,
    15.852834414583334,
    16.023026183333332,
    16.458601727083334
  ],
  "Ride Cymbal 1": [
    0.3240374354166667,
    1.9076862666666667,
    3.7019113541666666,
    4.1586406770833335,
    4.966330427083333,
    5.429790497916667,
    6.673055791666667,
    7.742283175,
    9.12977878125,
    11.418233072916667,
    12.34611475,
    13.991301847916667,
    14.78937624375,
    15.722065597916666,
    16.602832039583333,
    17.234560808333335
  ],
  "Acoustic Snare": [
    0.48845999166666665,
    0.8038436083333333,
    1.2730728916666667,
    1.43364930625,
    2.0528781145833332,
    2.3384541333333333,
    2.642299325,
    2.79229885,
    4.0259487895833335,
    4.645177597916667,
    4.800946335416667,
    5.582674629166667,
    5.8826736791666665,
    6.3701721354166665,
    6.820170710416667,
    6.991324014583333,
    7.143246610416667,
    7.58939904375,
    8.0480514375,
    8.363435054166667,
    8.629780364583333,
    9.27977830625,
    9.551892829166666,
    9.888430225,
    10.026891325,
    10.198044629166667,
    10.34131340625,
    11.276887366666667,
    11.710539839583333,
    12.032654204166667,
    12.192269083333333,
    12.739382735416667,
    12.814382497916666,
    12.863420804166667,
    12.9403436375,
    14.781683960416666,
    15.123029033333333,
    15.42398961875,
    15.57398914375,
    15.77591158125,
    16.12206433125,
    16.1941794875,
    16.250910077083333,
    16.308602202083332,
    16.92398486875,
    17.090330495833335,
    17.400906435416665,
    17.557636708333334,
    17.7287900125,
    17.8787895375,
    18.035519810416666,
    18.183596264583333
  ],
  "High Tom": [
    0.9673046291666667,
    2.501915154166667,
    2.9490291229166665,
    3.0999901833333334,
    6.047096235416666,
    8.208627852083334,
    9.742276841666667,
    11.8788085375,
    14.311493141666666,
    14.464377272916668,
    15.26822088125
  ],
  "Low-Mid Tom": [
    3.2326820708333335,
    3.39229695,
    14.00476334375,
    14.14610905
  ],
  "High Floor Tom": [
    3.554796435416667,
    6.206711114583333,
    10.504774427083333,
    10.656697022916667,
    10.807658083333333,
    10.9557345375,
    13.233611939583334,
    13.38168839375,
    13.533610989583334,
    13.68745665625,
    13.845148464583334
  ],
  "Open Hi Hat": [
    4.49710114375,
    7.294207670833333,
    11.474002127083333,
    16.7537931
  ],
  "Closed Hi Hat": [
    7.4557456208333335,
    7.90670573125,
    11.124003235416668,
    11.59323251875,
    15.080721475
  ]
}