{
  "Bass Drum 1": [
    0.0,
    1.2175,
    1.52,
    2.10875,
    2.40875,
    3.9025000000000003,
    4.49375,
    4.79625,
    5.99125,
    6.2875000000000005,
    6.75125,
    7.04375,
    7.205,
    7.49375,
    7.68125,
    8.085,
    8.385,
    8.82,
    9.2875,
    9.6,
    10.05625,
    10.51125,
    10.8175,
    11.26,
    12.0075,
    12.435,
    12.8825,
    13.63625,
    14.08375,
    14.695,
    14.86875,
    15.776250000000001,
    16.05,
    16.5075,
    16.7975,
    17.9975,
    18.1875,
    18.46625,
    18.9025,
    19.181250000000002,
    21.295,
    21.60375,
    22.8,
    23.11,
    24.0125,
    24.3125,
    25.49125,
    25.67125,
    26.083750000000002,
    26.37625,
    26.855,
    27.765,
    28.181250000000002,
    28.646250000000002,
    28.7275,
    29.08875,
    29.39375,
    30.31625,
    30.62,
    31.64375,
    32.10375,
    32.58125,
    32.8625,
    33.015,
    35.441250000000004,
    35.705,
    36.145,
    36.62,
    37.07875,
    37.49625,
    37.80125,
    38.99125,
    39.295,
    39.88125,
    40.35625,
    40.645,
    41.0825,
    41.25125,
    41.815,
    42.17
  ],
  "Closed Hi Hat": [
    0.005,
    0.2975,
    0.46125,
    0.61125,
    0.925,
    1.23625,
    1.52125,
    1.81375,
    2.1037500000000002,
    2.40875,
    2.705,
    3.0225,
    3.32125,
    3.59875,
    3.61375,
    3.915,
    4.2025,
    4.2125,
    4.5025,
    4.8,
    5.11125,
    5.3575,
    5.41625,
    5.67125,
    5.705,
    5.99375,
    6.29,
    6.5912500000000005,
    6.9075,
    7.19875,
    7.4887500000000005,
    7.785,
    8.0825,
    8.38625,
    8.68875,
    8.977500000000001,
    9.28125,
    9.5975,
    9.90625,
    10.200000000000001,
    10.51125,
    10.81,
    11.10875,
    11.40375,
    12.0075,
    12.30125,
    12.59375,
    13.1925,
    13.20125,
    13.50375,
    13.795,
    14.4075,
    14.7025,
    15.00125,
    15.3025,
    15.59875,
    15.918750000000001,
    16.208750000000002,
    16.5025,
    17.1075,
    17.40625,
    17.71125,
    18.00375,
    18.3075,
    18.61,
    18.895,
    19.1925,
    22.181250000000002,
    22.48125,
    24.00125,
    25.17,
    27.29125,
    27.565,
    38.1025,
    38.41375,
    38.71375,
    39.00875,
    39.30625,
    39.605000000000004,
    40.18625,
    40.2025,
    40.5125,
    40.78625,
    41.08625,
    41.39125,
    41.71,
    41.99,
    42.27
  ],
  "Acoustic Snare": [
    0.6012500000000001,
    1.085,
    1.81375,
    3.015,
    4.20625,
    5.4175,
    5.845,
    6.59375,
    7.7875000000000005,
    8.985,
    9.74875,
    10.2075,
    10.64375,
    10.7075,
    10.77,
    10.96875,
    11.4075,
    11.55375,
    11.70875,
    11.84875,
    12.18,
    12.59125,
    12.76625,
    13.35125,
    13.795,
    14.995000000000001,
    15.46125,
    16.205000000000002,
    16.41875,
    17.395,
    18.6125,
    19.4725,
    19.56125,
    19.64875,
    19.785,
    22.2025,
    22.64125,
    22.7,
    22.78125,
    23.40375,
    24.6075,
    24.75375,
    25.0425,
    25.35875,
    25.7875,
    26.2375,
    26.310000000000002,
    26.986250000000002,
    27.13625,
    27.4425,
    27.89,
    28.07625,
    28.34875,
    28.80875,
    29.525000000000002,
    29.66625,
    29.78,
    29.86375,
    30.0025,
    31.205000000000002,
    31.7975,
    31.95,
    32.2525,
    32.4025,
    32.70875,
    33.60875,
    33.9825,
    34.08625,
    34.20125,
    35.98875,
    36.02,
    38.40125,
    38.8525,
    38.92875,
    39.5925,
    40.7775,
    40.96625,
    41.542500000000004,
    41.99,
    42.5275,
    42.59125,
    42.660000000000004
  ],
  "Open Hi Hat": [
    0.925,
    1.8175000000000001,
    12.89375,
    14.10125,
    14.41125,
    23.705000000000002,
    39.895
  ],
  "Crash Cymbal 1": [
    16.79375,
    26.38,
    30.62,
    33.01,
    37.8075
  ],
  "High Tom": [
    20.075,
    20.392500000000002,
    20.54375,
    34.4925,
    36.455,
    36.47125
  ],
  "Low-Mid Tom": [
    20.86375,
    21.021250000000002,
    30.306250000000002,
    34.8025,
    34.9575,
    36.91875,
    36.935
  ],
  "Ride Cymbal 1": [
    21.615000000000002,
    21.90625,
    22.212500000000002,
    22.50375,
    22.81125,
    23.111250000000002,
    23.41,
    23.712500000000002,
    24.0225,
    24.31125,
    24.611250000000002,
    24.9225,
    25.2075,
    25.49125,
    25.78875,
    26.08125,
    26.6875,
    26.98375,
    27.29125,
    27.587500000000002,
    27.88625,
    28.18875,
    28.495,
    28.815,
    29.10375,
    29.39875,
    30.92125,
    31.208750000000002,
    31.5075,
    33.31875,
    33.61875,
    33.88875
  ],
  "High Floor Tom": [
    31.81125,
    31.97125,
    32.2575,
    32.4225,
    32.7175,
    35.24,
    35.3975,
    37.34875,
    37.37625
  ]
}