{
  "Ride Cymbal 1": [
    0.0,
    0.38571435,
    0.8428572833333333,
    1.2732144979166666,
    1.6910717104166666,
    2.95714335,
    3.4303577145833333,
    3.8803577895833334,
    4.2750007125,
    5.167858004166667,
    5.591072360416667,
    6.023215289583334,
    6.43392964375,
    6.8678582875,
    7.307144075,
    7.735715575,
    8.157144216666667,
    8.592858575,
    9.01607293125,
    9.446430145833334,
    9.858930214583333,
    10.283930285416666,
    10.7142875,
    11.146430429166667,
    28.705361927083334,
    29.13750485625,
    29.580362072916667,
    30.021433575,
    30.457147933333335,
    30.87321943125,
    31.28036235625,
    31.70893385625,
    32.10893392291667,
    32.53750542291667,
    32.9892912125,
    33.42321985625,
    33.83214849583333,
    34.25000570833333,
    34.683934352083334,
    35.10893442291667,
    35.551791639583335,
    35.98393456875,
    36.41429178333333,
    36.857149,
    37.28393478541667,
    37.692863425,
    38.1321492125,
    38.551792139583334,
    38.978577925,
    39.405363710416665,
    39.83750663958333,
    40.26964956875,
    40.700006783333336,
    41.14822114375,
    41.57857835833333,
    42.00893557291667,
    42.44643564583333,
    42.84822142708333,
    43.70536442708333,
    44.11786449583333,
    44.55179313958333,
    44.97500749583333,
    45.39822185208333,
    45.83215049583333,
    46.28036485625,
    46.70536492708333,
    47.11250785208333,
    47.553579354166665,
    47.97500799583333,
    48.835722425,
    49.24465106458333,
    49.66607970625,
    50.1321512125,
    50.55893699791667,
    50.991079927083334,
    51.43393714375,
    51.86429435833333,
    52.26965156875,
    52.716080214583336,
    53.125008854166666,
    54.3964376375,
    54.855366285416665,
    55.2964377875,
    55.737509289583336,
    56.1535807875,
    56.61250943541667,
    57.01608093125,
    57.450009575,
    57.8678667875,
    58.30179543125,
    58.712509785416664,
    59.14108128541667,
    59.569652785416665,
    60.00001,
    60.44465293125,
    60.87322443125,
    61.283938785416666,
    61.72322457291666,
    62.16251036041667,
    62.56251042708333,
    62.99822478541667
  ],
  "Bass Drum 1": [
    0.0,
    0.6839286854166666,
    1.1160716145833334,
    1.2625002104166667,
    1.9714289,
    2.5660718562500002,
    2.8321433291666667,
    3.2857148333333335,
    3.7375006229166665,
    3.876786360416667,
    4.571429333333334,
    5.01964369375,
    5.173215147916666,
    5.857143833333334,
    6.2714296166666665,
    6.451786789583333,
    7.144644047916667,
    7.7250012875,
    7.994644189583333,
    8.864287191666667,
    9.269644402083333,
    10.13035883125,
    10.564287475,
    11.428573333333333,
    12.86250214375,
    13.126787902083333,
    13.550002258333333,
    13.97678804375,
    14.869645335416667,
    15.01607393125,
    15.28393111875,
    15.450002575,
    15.705359760416666,
    16.126788402083335,
    16.282145570833332,
    16.56964561875,
    17.98393156875,
    18.69107454375,
    19.10000318333333,
    19.2750032125,
    19.969646185416668,
    20.398217685416668,
    20.569646285416667,
    21.328574983333333,
    21.823217922916665,
    22.544646614583332,
    22.642860916666667,
    22.978575258333333,
    23.144646714583335,
    23.825003970833333,
    23.921432558333333,
    24.271432616666665,
    24.43393264375,
    25.135718475,
    25.582147120833334,
    25.733932860416665,
    26.41607583125,
    26.844647331250002,
    26.9892902125,
    27.689290329166667,
    28.27321899791667,
    28.566076189583335,
    28.996433404166666,
    29.607147791666666,
    30.708933689583333,
    30.835719425,
    31.10893375625,
    31.54821954375,
    31.726791002083335,
    31.950005325,
    33.410719854166665,
    34.11071997083334,
    34.512505752083335,
    34.67322006458333,
    35.392863041666665,
    35.830363114583335,
    35.99643457083334,
    36.70357754583333,
    37.15714905,
    37.285720500000004,
    37.97857775833333,
    38.41607783125,
    38.551792139583334,
    39.25179225625,
    39.707149475,
    39.83036378125,
    40.541078185416666,
    40.9821496875,
    41.11607828125,
    41.848221260416665,
    42.28750704791667,
    42.4178642125,
    43.117864329166665,
    43.70536442708333,
    43.96965018541667,
    44.39643597083333,
    44.835721758333335,
    44.94822177708333,
    45.667864754166665,
    46.11250768541667,
    46.24465056458333,
    46.96429354166667,
    47.04107926875,
    47.419650760416665,
    47.55893649791667,
    48.26250804375,
    48.837508139583335,
    49.09822246875,
    49.51607968125,
    49.962508327083334,
    50.08393691875,
    50.82500847083333,
    50.912508485416666,
    51.2571514,
    51.407151425,
    52.10179439791667,
    52.5428659,
    52.68572306666667,
    53.40179461458333,
    53.9892947125,
    54.26608047291667,
    54.70000911666666,
    55.15179490625,
    55.29108064375,
    55.994652189583334,
    56.4321522625,
    56.585723716666664,
    56.8607237625,
    57.29286669166667,
    57.72500962083333,
    57.805366777083336,
    58.57679547708334,
    58.992866975,
    59.14108128541667,
    59.40536704375,
    59.84465283125,
    60.28751004791667,
    60.40001006666667,
    61.12322447291667,
    61.54643882916667,
    61.714296,
    62.40536754375,
    62.84822476041667,
    63.00536764375,
    64.31072500416667,
    64.58215362083334,
    65.0250108375,
    65.45715376666666,
    65.6035823625,
    65.88572526666667,
    66.25358247083334,
    66.70358254583333,
    66.86072542916666,
    67.12858261666666,
    67.54643982916667,
    68.00179704791667,
    68.1535827875,
    68.83215432916667,
    69.24108296875,
    69.40894013958334,
    70.1142974,
    70.56965461875,
    70.72322607291666,
    71.41251190208334,
    71.83394054375,
    71.9892977125,
    72.70358354583334,
    73.11965504375,
    73.27679792708334,
    74.09644092083333,
    74.16072664583334,
    74.81072675416667,
    75.26072682916667,
    75.3964411375,
    76.07144125,
    76.53394132708334,
    76.67501277916666,
    77.3892986125,
    77.81429868333333,
    77.98215585416666,
    78.67679882708333,
    79.2000132,
    79.93037046458333,
    80.36251339375,
    80.51429913333334,
    81.24287068333334,
    81.66251361041667,
    81.83037078125,
    82.51787089583334,
    83.11429956666667,
    84.42679978541666
  ],