{
  "Closed Hi Hat": [
    0.48333333333333334,
    1.4802083333333333,
    2.4604166666666667,
    3.4770833333333333,
    4.457291666666666,
    5.470833333333333,
    6.466666666666667,
    7.458333333333333,
    9.502083333333333
  ],
  "High Floor Tom": [
    1.9875,
    2.230208333333333,
    2.7375,
    3.2447916666666665,
    3.5041666666666664,
    3.997916666666667,
    4.507291666666666,
    5.00625,
    5.511458333333334,
    5.992708333333333,
    6.507291666666666,
    6.9875,
    7.497916666666667,
    7.998958333333333,
    8.513541666666667,
    8.758333333333333,
    9.014583333333333,
    9.257291666666667
  ],
  "Acoustic Snare": [
    2.4916666666666667,
    3.497916666666667,
    4.510416666666667,
    4.732291666666667,
    5.503125,
    6.510416666666667,
    7.495833333333334,
    8.511458333333334,
    8.7625,
    9.017708333333333,
    9.373958333333333,
    9.515625,
    9.640625,
    9.758333333333333,
    9.88125
  ],
  "Bass Drum 1": [
    2.7583333333333333,
    3.9833333333333334,
    4.759375,
    5.75,
    5.991666666666666,
    6.714583333333334,
    7.739583333333333,
    8.00625,
    8.230208333333334,
    8.739583333333334,
    9.020833333333334,
    9.25625
  ],
  "Low-Mid Tom": [
    2.98125,
    5.23125,
    7.246875
  ]
}