{
  "Closed Hi Hat": [
    0.9895833333333334
  ],
  "Acoustic Snare": [
    2.2354166666666666,
    2.502083333333333
  ],
  "High Tom": [
    2.7395833333333335,
    2.9625
  ],
  "Low-Mid Tom": [
    3.2083333333333335
  ],
  "High Floor Tom": [
    3.470833333333333,
    3.7041666666666666
  ]
}