{
  "High Floor Tom": [
    0.0,
    0.328488175,
    0.6991274875,
    1.0537784375,
    1.392441025,
    1.7267431500000001,
    2.090115025,
    2.444765975,
    5.1991247875,
    5.3604619
  ],
  "Acoustic Snare": [
    0.683139125,
    2.0813941,
    2.6511612,
    2.706393725,
    2.747091375,
    2.8037773875,
    3.305230575,
    3.4723816375,
    3.6627885,
    3.8183116625,
    3.9840092375,
    4.491276375
  ],
  "Bass Drum 1": [
    1.0305226375,
    1.744185,
    2.438952025,
    2.80813785,
    5.5566827125
  ],
  "Closed Hi Hat": [
    1.3604643,
    2.05232435,
    2.7790681,
    3.427323525,
    4.1467998375,
    4.8255785
  ],
  "High Tom": [
    3.1177306875,
    4.1642416875,
    4.31976485,
    4.677322775
  ],
  "Low-Mid Tom": [
    4.8531947625,
    5.0174388500000004
  ],
  "Crash Cymbal 1": [
    5.5566827125
  ]
}