{
  "Bass Drum 1": [
    0.0,
    0.5087711666666667,
    1.0504370208333333,
    1.5592081875000001
  ],
  "Open Hi Hat": [
    0.25109611458333336,
    0.7741216458333334,
    1.2949541979166668
  ],
  "High Floor Tom": [
    0.2565785625,
    0.7774111145833335,
    1.3070155833333335
  ],
  "Acoustic Snare": [
    1.4462697604166668,
    1.5668836145833334,
    1.7050413020833335,
    1.8146902604166668
  ],
  "Closed Hi Hat": [
    1.8059183437500002
  ]
}