{
  "Acoustic Snare": [
    0.04625,
    0.13125,
    0.2325,
    0.54875,
    0.74625,
    0.9375,
    1.0575,
    1.24875,
    1.45875,
    1.57875,
    1.6375,
    1.71625,
    1.8225,
    1.925
  ],
  "High Tom": [
    0.3325,
    0.43875000000000003,
    0.645,
    0.85375,
    2.03375,
    2.23
  ],
  "Closed Hi Hat": [
    0.54,
    1.15375,
    1.8125
  ],
  "Low-Mid Tom": [
    1.1525,
    2.12625
  ],
  "High Floor Tom": [
    2.32875
  ]
}