{
  "Acoustic Snare": [
    1.7276111916666668,
    1.8563424791666667,
    2.029849866666667,
    2.1735065208333335,
    2.320894516666667,
    2.4757451958333334,
    2.6343272166666667,
    2.7817152125,
    2.9402972333333333,
    3.091416570833333,
    3.2537299333333336
  ],
  "High Tom": [
    1.7332082041666668,
    1.9384319958333334
  ],
  "Low-Mid Tom": [
    2.1791035333333335,
    2.39552135,
    2.6473869125,
    2.8619390583333333
  ],
  "High Floor Tom": [
    3.1044762666666665,
    3.3208940833333336
  ]
}