{
  "Acoustic Snare": [
    0.0,
    0.12392232291666667,
    0.374999725,
    0.50754273125,
    0.64655125,
    0.8933183104166666,
    1.0096975354166666
  ],
  "High Floor Tom": [
    1.2931025,
    1.8211193541666668
  ],
  "Bass Drum 1": [
    1.2952576708333334,
    1.823274525
  ]
}