{
  "Bass Drum 1": [
    0.0,
    0.6805558958333333,
    1.0111116166666667,
    1.3569451229166667,
    1.6708341687500001,
    1.9902787729166667,
    2.3277789416666668,
    2.638890208333333,
    3.00416816875,
    3.333335,
    3.6583351625000002,
    3.9930575520833336,
    4.334724389583333,
    4.666669,
    4.9916691625,
    5.311113766666667,
    5.6750028375,
    6.01250300625,
    6.340280947916667,
    6.675003337500001,
    7.0138923958333335,
    7.338892558333334,
    7.680559395833334,
    8.002781779166668,
    8.34583750625,
    8.65417099375,
    8.981948935416668,
    9.287504643750001,
    9.630560370833333,
    9.950004975,
    10.273616247916667,
    10.5750052875,
    10.965283260416667,
    11.298616760416667,
    11.636116929166667,
    11.951394864583333,
    12.31250615625,
    12.659728552083333,
    12.998617610416668,
    13.318062214583334,
    13.669451279166667,
    13.9916736625,
    14.343062727083334,
    14.662507331250001,
    14.9916741625,
    15.638896708333334,
    17.33750866875,
    17.668064389583336
  ],
  "Ride Cymbal 1": [
    0.0,
    0.3444446166666667,
    0.55416694375,
    0.6708336687500001,
    1.0097227270833333,
    1.2319450604166666,
    1.3472228958333334,
    1.6638897208333334,
    1.8819453854166668,
    1.9902787729166667,
    2.316667825,
    2.5347234895833335,
    2.64583465625,
    2.983334825,
    3.211112716666667,
    3.3263905520833332,
    3.5388906583333335,
    3.6638907208333333,
    3.8833352750000003,
    3.9930575520833336,
    4.226391002083333,
    4.334724389583333,
    4.548613385416667,
    4.666669,
    4.984724714583334,
    5.201391489583333,
    5.3250026625,
    5.669447279166667,
    5.884725164583333,
    6.002780779166667,
    6.3375031687500005,
    6.569447729166667,
    6.675003337500001,
    6.997225720833334,
    7.230559170833334,
    7.3416703375,
    7.673614947916667,
    7.898615060416667,
    8.002781779166668,
    8.32083749375,
    8.547226495833334,
    8.655559883333334,
    8.9750044875,
    9.197226820833334,
    9.309726877083333,
    9.622227033333333,
    9.836116029166668,
    9.96250498125,
    10.27917180625,
    10.50417191875,
    10.631949760416667,
    10.961116591666666,
    11.206950047916667,
    11.30417231875,
    11.6250058125,
    11.847228145833334,
    11.972228208333334,
    12.306950597916668,
    12.5333396,
    12.647228545833334,
    12.997228720833334,
    13.219451054166667,
    13.33334,
    13.668062389583334,
    13.893062502083334,
    13.998618110416666,
    14.331951610416667,
    14.570840618750001,
    14.673618447916667,
    14.986118604166668,
    15.227785391666668,
    15.32084099375,
    15.638896708333334,
    15.877785716666667,
    15.984730214583333,
    16.316674825,
    16.551397164583335,
    16.655563883333333,
    16.98195293541667,
    17.218064164583335,
    17.64584215625,
    17.886120054166668,
    17.9916756625,
    18.309731377083335,
    18.5416759375,
    18.637509318750002
  ],
  "Closed Hi Hat": [
    0.31805571458333337,
    0.98750049375,
    1.6541674937500002,
    2.31250115625,
    2.9847237145833336,
    3.6347240395833333,
    4.30416881875,
    4.976391377083334,
    5.656947272916667,
    6.31250315625,
    6.984725714583334,
    7.648614935416667,
    8.323615272916667,
    8.97917115625,
    9.626393702083334,
    9.927782741666666,
    10.265282910416667,
    10.948616585416667,
    11.62917248125,
    12.3083394875,
    12.969450929166667,
    13.644451266666668,
    14.331951610416667,
    14.981951935416667
  ],
  "Acoustic Snare": [
    0.32638905208333335,
    1.0055560583333334,
    1.6666675,
    2.2180566645833335,
    2.5319457104166667,
    2.9902792729166667,
    3.6583351625000002,
    4.3333355000000005,
    4.876391327083334,
    5.197224820833333,
    5.669447279166667,
    6.343058727083333,
    7.002781279166667,
    7.668059389583334,
    8.322226383333334,
    8.972226708333334,
    9.6250048125,
    10.155560633333334,
    10.497227470833334,
    10.955561033333334,
    11.488894633333334,
    11.583339125,
    11.848617035416668,
    12.180561645833334,
    12.283339475,
    12.543061827083333,
    12.8750064375,
    12.952784254166668,
    13.22083994375,
    13.67084016875,
    14.337507168750001,
    14.98750749375,
    15.652785604166667,
    16.309730377083334
  ]
}