{
  "Acoustic Snare": [
    0.016666666666666666,
    0.146875,
    0.2635416666666667,
    0.39166666666666666
  ],
  "High Tom": [
    0.5166666666666666,
    0.6395833333333333,
    0.7541666666666667,
    0.8885416666666667
  ],
  "Low-Mid Tom": [
    0.9947916666666666,
    1.1291666666666667,
    1.2458333333333333,
    1.38125
  ],
  "High Floor Tom": [
    1.4833333333333334,
    1.6156249999999999,
    1.7510416666666666,
    1.8760416666666666
  ]
}