{
  "Acoustic Snare": [
    0.0,
    0.611413125,
    0.6195653,
    1.964674175,
    3.2730982625,
    4.592391916666667,
    5.8573377375,
    7.150816170833333,
    7.195653133333334,
    8.434783733333333
  ],
  "Bass Drum 1": [
    0.017663045833333335,
    1.3057066958333334,
    2.4076090166666666,
    2.6195655666666666,
    3.720109191666667,
    3.9497287875000002,
    4.3654897125000005,
    4.9769028375,
    5.199728954166667,
    5.652174666666667,
    6.282609533333334,
    6.4986421708333335,
    6.92934875,
    7.563859704166667,
    7.7826097333333335,
    8.2296206625,
    8.883153358333333,
    9.1019033875
  ],
  "Closed Hi Hat": [
    0.0203804375,
    0.2513587291666667,
    0.3790761375,
    0.6317935625000001,
    0.8614131583333333,
    1.0774457958333334,
    1.3002719125,
    1.5461958583333333,
    1.7119567500000001,
    1.9701089583333333,
    2.20108725,
    2.403532929166667,
    2.6385873083333333,
    2.860054729166667,
    3.057065625,
    3.283967829166667,
    3.5013591625,
    3.6970113625,
    3.9415766125,
    4.154891858333333,
    4.554348433333334,
    4.586957133333334,
    4.802989770833333,
    4.997283275,
    5.207881129166667,
    5.4252724625,
    5.633152925,
    5.854620345833333,
    6.080163854166667,
    6.2866856208333335,
    6.512229129166667,
    6.722826983333333,
    6.940218316666667,
    7.15760965,
    7.384511854166667,
    7.58152275,
    7.798914083333334,
    8.000001066666666,
    8.211957616666666,
    8.442935908333334,
    8.671196808333333,
    8.8654903125,
    9.096468604166667
  ],
  "High Tom": [
    1.956522,
    3.2649460875000003,
    4.586957133333334,
    7.1453813875000005
  ],
  "Open Hi Hat": [
    4.370924495833333
  ]
}