{
  "Acoustic Snare": [
    0.17833333333333334,
    0.3616666666666667,
    0.5566666666666668,
    0.9550000000000001,
    2.3916666666666666,
    3.9983333333333335,
    5.275,
    5.596666666666667,
    5.825,
    5.983333333333333,
    6.36,
    7.191666666666667
  ],
  "High Tom": [
    0.7583333333333334
  ],
  "High Floor Tom": [
    1.1666666666666667
  ],
  "Bass Drum 1": [
    1.3916666666666668,
    1.5650000000000002,
    3.001666666666667,
    3.186666666666667,
    6.181666666666667,
    6.380000000000001
  ],
  "Crash Cymbal 1": [
    1.5633333333333335
  ],
  "Closed Hi Hat": [
    2.356666666666667,
    2.4050000000000002,
    2.595,
    2.79,
    2.9933333333333336,
    3.2016666666666667,
    3.3866666666666667,
    3.7800000000000002,
    4.005,
    4.201666666666667,
    4.405,
    4.606666666666667,
    4.801666666666667,
    4.993333333333334,
    5.183333333333334,
    5.365,
    5.596666666666667,
    5.983333333333333,
    6.196666666666667,
    6.380000000000001,
    6.583333333333334,
    6.78,
    6.9766666666666675,
    7.2,
    7.376666666666667,
    7.943333333333334
  ],
  "Open Hi Hat": [
    7.576666666666667
  ]
}