{
  "Acoustic Snare": [
    0.002192979166666667,
    0.144736625,
    0.27302590625,
    0.40460465625,
    0.5120606354166667,
    0.6491218333333334,
    0.7697356875000001,
    0.9013144375000001,
    1.5877169166666667
  ],
  "High Tom": [
    1.0252177604166668
  ],
  "Bass Drum 1": [
    1.302629625
  ],
  "High Floor Tom": [
    1.578945
  ]
}