{
  "Closed Hi Hat": [
    0.0122282625,
    0.20244567916666667,
    0.334239175,
    0.5149457208333333,
    0.839674025,
    0.9796196958333334,
    1.1453805875,
    1.2894023458333335,
    1.4538045416666667,
    1.9633154791666667,
    2.1141307166666667,
    2.277174216666667,
    2.436141629166667,
    2.9415764791666668,
    3.0855982375,
    3.4279895875,
    3.5692939541666666,
    3.7459244125,
    3.9008157375000003,
    4.054348366666667,
    4.5692940875,
    4.739131066666666,
    4.884511520833334,
    5.0584245875,
    5.206522433333333,
    5.5475550875,
    5.748642070833333,
    6.033968195833333,
    6.2024464791666665,
    6.353261716666667,
    6.5095117375000005,
    6.677990020833334,
    7.195653133333334,
    7.205164004166667,
    7.5067944791666665,
    7.811142345833334,
    8.171196741666668,
    8.312501108333334,
    8.6372294125,
    8.793479433333333,
    8.952446845833334,
    9.095109908333333,
    9.247283841666667,
    9.767664345833333,
    9.948370891666666,
    10.103262216666668,
    10.2513600625,
    10.419838345833334,
    10.763588391666667,
    11.410327608333334,
    11.737773304166668,
    11.907610283333334,
    12.067936391666667,
    12.210599454166667,
    12.5421212375
  ],
  "Bass Drum 1": [
    0.016304350000000002,
    1.622282825,
    2.5869568666666667,
    4.220109258333333,
    5.195652866666666,
    6.8600552625,
    7.501359695833334,
    7.816577129166667,
    9.432066475000001,
    10.377718775
  ],
  "Acoustic Snare": [
    0.676630525,
    1.9538046083333334,
    3.2581526083333334,
    4.562500608333333,
    5.880435566666667,
    7.203805308333333,
    8.480979391666667,
    9.781251304166666,
    11.0828819125,
    12.384512520833333,
    12.709240825,
    12.875001716666667
  ],
  "Open Hi Hat": [
    1.6154893458333335,
    4.220109258333333,
    6.853261783333333,
    9.4279903875
  ],
  "Crash Cymbal 1": [
    2.5869568666666667,
    7.811142345833334
  ]
}