{
  "Low-Mid Tom": [
    0.03375,
    0.23750000000000002,
    0.42625
  ],
  "Closed Hi Hat": [
    0.051250000000000004,
    1.7525
  ],
  "High Floor Tom": [
    0.13,
    0.335
  ],
  "Bass Drum 1": [
    0.51875,
    0.63375,
    1.32625
  ],
  "Crash Cymbal 1": [
    0.6425
  ],
  "Acoustic Snare": [
    2.0575,
    2.195
  ]
}