{
  "Acoustic Snare": [
    0.0,
    0.16977604583333333,
    0.3936565458333333,
    0.638059425,
    0.8320891916666667,
    1.0615667041666668,
    1.309700925,
    1.5522381333333333,
    1.7723872916666668,
    1.9888051083333333,
    2.2182826208333335,
    2.4626855,
    2.6679092916666667,
    2.8973868041666666,
    3.1100732791666665,
    3.3264910958333336
  ],
  "High Tom": [
    0.0055970125,
    0.11194025,
    0.235074525,
    0.40298490000000003,
    0.5559699083333334,
    0.6977608916666667
  ],
  "Low-Mid Tom": [
    0.8395518750000001,
    0.9813428583333333,
    1.1380592083333334,
    1.3003725708333334,
    1.4626859333333333,
    1.6119396000000001
  ],
  "High Floor Tom": [
    1.7742529625,
    1.9104469333333334,
    2.0652976125,
    2.2182826208333335,
    2.3638049458333334,
    2.5037302583333334,
    2.6585809375,
    2.8078346041666666,
    2.9608196125,
    3.1175359625,
    3.2649239583333336,
    3.406714941666667
  ]
}