{
  "Acoustic Snare": [
    0.0,
    0.116379225,
    0.24784464583333335,
    0.4924565354166667,
    0.6260771270833334,
    0.7413787666666667,
    0.8566804062500001,
    0.9967665104166668
  ],
  "High Floor Tom": [
    1.2715507916666666,
    1.7984900604166667
  ],
  "Bass Drum 1": [
    1.2855594020833334,
    1.78771420625
  ]
}