{
  "Acoustic Snare": [
    0.0,
    0.3816666666666667,
    0.76,
    1.1566666666666667,
    1.5616666666666668,
    1.7716666666666667,
    1.9566666666666668,
    2.166666666666667
  ],
  "High Floor Tom": [
    0.37833333333333335,
    0.765,
    1.1566666666666667,
    1.5566666666666669
  ],
  "High Tom": [
    2.3683333333333336,
    2.56
  ],
  "Low-Mid Tom": [
    2.7600000000000002
  ],
  "Bass Drum 1": [
    2.9850000000000003
  ]
}