{
  "Acoustic Snare": [
    0.020522379166666667,
    0.123134275,
    0.7537310166666666,
    0.8638055958333334,
    0.9552234666666667,
    1.5932828916666668,
    1.7014918,
    1.8078350375,
    1.9179096166666667,
    2.024252854166667,
    2.6007451416666667,
    2.7145510625,
    2.8302226541666666,
    2.9347002208333333,
    3.057834495833333,
    3.164177733333333
  ],
  "High Floor Tom": [
    0.2182834875,
    0.324626725,
    0.6623131458333333,
    3.2686553000000003,
    3.3712671958333336
  ],
  "Bass Drum 1": [
    0.42164160833333336,
    0.5615669208333334,
    1.2817158625,
    1.3936561125,
    2.354476591666667,
    2.4794765375
  ],
  "Low-Mid Tom": [
    1.0820890833333334,
    1.4981336791666666
  ],
  "High Tom": [
    1.1809696375,
    2.1343274333333335,
    2.242536341666667
  ]
}