{
  "Closed Hi Hat": [
    0.0040760875000000005,
    0.3328804791666667,
    0.34510874166666666,
    0.6644022625,
    0.9646740416666667,
    1.3165762625,
    1.4877719375,
    1.6535328291666667,
    1.8057067625,
    1.9714676541666667,
    2.1317937625,
    2.277174216666667,
    2.4429351083333333,
    2.934783,
    3.263587391666667,
    3.5923917833333334,
    3.936141829166667,
    4.0801635875,
    4.25543535,
    4.4062505875,
    4.559783216666667,
    4.718750629166667,
    5.052989804166667,
    5.5230985625,
    5.536685520833333,
    5.85326165,
    6.184783433333333,
    6.510870433333333,
    6.6576095833333335,
    6.846468304166667,
    6.993207454166667,
    7.323370541666667,
    7.489131433333333,
    8.463316345833334,
    8.781251170833334,
    9.0978273,
    9.2730990625,
    9.421196908333334,
    9.5910338875,
    9.9334252375,
    10.105979608333334
  ],
  "Bass Drum 1": [
    0.017663045833333335,
    0.34918482916666665,
    2.6236416541666667,
    2.9415764791666668,
    5.202446345833334,
    5.521739866666667,
    7.845109741666667
  ],
  "Open Hi Hat": [
    2.608696,
    2.9415764791666668,
    5.211957216666667
  ],
  "Acoustic Snare": [
    3.27717435,
    4.8750006500000005,
    5.8573377375,
    7.1671205208333335,
    7.652174933333334,
    8.4660337375,
    9.759512170833334,
    10.2758165875
  ],
  "Crash Cymbal 1": [
    7.8057075625
  ]
}