{
  "Bass Drum 1": [
    0.0,
    0.09875,
    2.19,
    2.3225000000000002
  ],
  "Low-Mid Tom": [
    0.23875000000000002
  ],
  "High Tom": [
    0.38125000000000003,
    1.14875
  ],
  "Acoustic Snare": [
    0.52625,
    0.69125,
    0.8462500000000001,
    0.9975,
    1.30125,
    1.45,
    1.5875000000000001,
    1.7337500000000001,
    1.8675,
    2.0225
  ],
  "Closed Hi Hat": [
    1.12875
  ]
}