{
  "Acoustic Snare": [
    0.0,
    0.11458333333333333,
    0.23124999999999998,
    0.3770833333333333,
    0.621875,
    0.7541666666666667,
    0.8802083333333334,
    1.0166666666666666,
    1.1270833333333332,
    1.24375,
    1.4916666666666667,
    1.7510416666666666,
    1.8791666666666667,
    2.009375,
    2.1510416666666665,
    2.2666666666666666,
    2.39375,
    2.558333333333333,
    2.69375,
    2.8052083333333333,
    2.94375,
    3.0635416666666666,
    3.190625,
    3.3135416666666666,
    3.4208333333333334,
    3.5572916666666665,
    3.669791666666667,
    3.7916666666666665,
    3.9135416666666667,
    4.028125,
    4.151041666666667,
    4.260416666666667,
    4.380208333333333,
    4.494791666666667,
    4.632291666666666,
    4.739583333333333,
    4.863541666666666,
    4.986458333333333,
    5.115625,
    5.253125,
    5.376041666666667,
    5.496875,
    5.630208333333333,
    5.745833333333334,
    5.86875
  ],
  "High Tom": [
    6.003125,
    6.132291666666666,
    6.254166666666666,
    6.380208333333333,
    6.510416666666667,
    6.630208333333333
  ],
  "Low-Mid Tom": [
    6.761458333333334,
    6.891666666666667,
    7.004166666666666,
    7.139583333333333
  ],
  "High Floor Tom": [
    7.260416666666667,
    7.388541666666667,
    7.514583333333333,
    7.678125,
    7.836458333333333
  ],
  "Crash Cymbal 1": [
    7.984375
  ],
  "Bass Drum 1": [
    8.023958333333333
  ]
}