{
  "Acoustic Snare": [
    0.021551708333333336,
    0.14655161666666666,
    0.26724118333333335,
    0.39439626250000004,
    0.5150858291666667,
    0.6476288354166667,
    0.7650856458333334,
    0.8846976270833333,
    1.0064647791666668
  ],
  "Closed Hi Hat": [
    0.024784464583333336
  ],
  "Bass Drum 1": [
    1.2704732062500002,
    1.7834038645833334
  ],
  "High Floor Tom": [
    1.2758611333333334,
    1.7931021333333335
  ]
}