{
  "High Floor Tom": [
    0.33666666666666667,
    0.7216666666666667,
    1.1016666666666668,
    1.5266666666666668,
    2.7616666666666667
  ],
  "High Tom": [
    0.3516666666666667
  ],
  "Bass Drum 1": [
    0.7150000000000001
  ],
  "Acoustic Snare": [
    1.1066666666666667,
    1.5266666666666668,
    1.9316666666666669,
    2.1350000000000002,
    2.351666666666667
  ],
  "Low-Mid Tom": [
    2.5533333333333337
  ]
}