{
  "Acoustic Snare": [
    0.0074626833333333335,
    0.1175372625,
    0.6809698541666667,
    0.7854474208333333,
    0.895522,
    1.1063428041666667,
    1.3134322666666667,
    1.5205217291666666,
    1.6847007625000001,
    1.7723872916666668,
    1.9701484,
    2.0783573083333335,
    2.4944019041666667,
    2.6026108125,
    2.7033570375,
    2.8171629583333333,
    2.9253718666666666,
    3.0410434583333332,
    3.1175359625
  ],
  "High Tom": [
    0.22201482916666668,
    0.3190297125,
    2.1847005458333335,
    2.287312441666667
  ],
  "Bass Drum 1": [
    0.41977593750000003,
    0.5615669208333334,
    1.4197755041666666
  ],
  "High Floor Tom": [
    1.5634321583333333,
    3.205222491666667,
    3.283580666666667,
    3.3638045125000002,
    3.4328343333333335
  ],
  "Low-Mid Tom": [
    2.3973870208333334
  ]
}