{
  "Open Hi Hat": [
    0.016304350000000002,
    2.6141307833333336
  ],
  "Bass Drum 1": [
    0.031250004166666664,
    2.6209242625,
    2.95108735
  ],
  "Closed Hi Hat": [
    0.3328804791666667,
    0.6630435666666666,
    0.9850544791666667,
    1.2948371291666667,
    1.4673915,
    1.6453806541666667,
    1.7866850208333334,
    2.127717675,
    2.29891335,
    2.4456525,
    2.9402177833333334,
    3.263587391666667,
    3.5896743916666667,
    3.9062505208333334,
    4.073370108333333,
    4.2500005666666665,
    4.4021745,
    4.7065223666666665
  ],
  "Acoustic Snare": [
    0.6589674791666666,
    1.9633154791666667,
    3.269022175,
    4.566576695833334,
    5.061141979166667
  ],
  "Crash Cymbal 1": [
    2.9415764791666668
  ]
}