{
  "Acoustic Snare": [
    0.0975,
    0.24375,
    0.38375000000000004,
    0.53625,
    0.97375,
    1.1325,
    1.27,
    1.42875,
    2.20125,
    2.3312500000000003
  ],
  "Closed Hi Hat": [
    0.68375,
    0.8225
  ],
  "Bass Drum 1": [
    1.56375,
    1.735
  ],
  "High Tom": [
    1.89875,
    2.0425
  ]
}