{
  "High Floor Tom": [
    0.0,
    0.159375,
    0.3229166666666667,
    0.46249999999999997,
    0.6739583333333333,
    0.8145833333333333,
    0.9885416666666667,
    1.1635416666666667,
    1.3291666666666666,
    1.4958333333333333,
    1.68125,
    1.8541666666666667,
    2.0125,
    2.178125,
    2.3322916666666664,
    2.509375,
    2.6770833333333335,
    2.8510416666666667,
    3.009375,
    3.1770833333333335,
    3.328125,
    3.4854166666666666,
    3.826041666666667,
    3.990625,
    4.164583333333333,
    4.292708333333334,
    4.480208333333334,
    4.661458333333333,
    4.805208333333333,
    4.970833333333333,
    5.136458333333334,
    5.310416666666667,
    5.475,
    5.644791666666666,
    5.832291666666666,
    5.983333333333333,
    6.138541666666667,
    6.283333333333333,
    6.4624999999999995,
    6.615625,
    6.764583333333333,
    6.958333333333333,
    7.085416666666666,
    7.264583333333333,
    7.4312499999999995,
    7.778125,
    7.95
  ],
  "Bass Drum 1": [
    0.0,
    0.4875,
    0.99375,
    1.503125,
    2.0197916666666664,
    2.4947916666666665,
    3.009375,
    3.503125,
    4.019791666666666,
    4.4625,
    4.98125,
    5.482291666666667,
    5.978125,
    6.463541666666667,
    6.951041666666667,
    7.472916666666666,
    7.927083333333333
  ],
  "Acoustic Snare": [
    3.486458333333333,
    3.839583333333333,
    7.25,
    7.4156249999999995
  ]
}