{
  "Closed Hi Hat": [
    0.03771548958333334
  ],
  "Acoustic Snare": [
    0.14547403125,
    0.37392213958333337,
    0.53340478125,
    0.6584046895833333,
    0.8814648708333334,
    1.00538719375,
    1.1691801770833334,
    1.3825420895833334,
    1.5140075104166668,
    1.7499987166666668
  ],
  "High Floor Tom": [
    0.14762920208333333,
    0.37715489583333334,
    0.5193961708333333,
    0.6540943479166667,
    0.8706890166666666,
    1.00538719375,
    1.1400853708333334,
    1.37068865,
    1.5226281937500001,
    1.74245561875
  ]
}