{
  "High Floor Tom": [
    0.017578125,
    0.2392578125,
    0.466796875,
    0.6865234375,
    0.931640625,
    1.1416015625,
    1.3701171875,
    1.59375,
    1.818359375,
    2.068359375,
    2.3193359375,
    2.5517578125,
    2.7939453125,
    3.005859375
  ],
  "Bass Drum 1": [
    0.1513671875,
    0.3671875,
    0.5634765625,
    0.8056640625,
    1.0302734375,
    1.267578125,
    1.4794921875,
    1.7216796875,
    1.9541015625,
    2.193359375,
    2.4453125,
    2.673828125,
    2.8857421875,
    3.130859375,
    3.349609375
  ],
  "Acoustic Snare": [
    0.21484375,
    1.1416015625,
    2.0625,
    3.4697265625
  ],
  "High Tom": [
    0.6826171875,
    1.5888671875,
    2.5576171875
  ],
  "Ride Cymbal 1": [
    3.4833984375
  ],
  "Closed Hi Hat": [
    3.7109375
  ]
}