{
  "Closed Hi Hat": [
    0.0,
    0.14666666666666667,
    0.36500000000000005,
    0.56,
    0.9900000000000001,
    1.3833333333333335,
    1.59,
    1.7883333333333336,
    1.9800000000000002,
    2.1733333333333333,
    2.381666666666667,
    2.581666666666667,
    2.7683333333333335,
    2.9533333333333336,
    3.151666666666667,
    3.3466666666666667,
    3.5316666666666667,
    3.7350000000000003,
    4.153333333333333,
    4.358333333333333,
    4.54,
    4.745,
    4.945,
    5.328333333333334,
    5.546666666666667,
    5.74,
    5.930000000000001,
    6.1016666666666675,
    6.328333333333334,
    6.53,
    6.7266666666666675,
    6.930000000000001,
    7.543333333333334,
    7.735,
    7.955,
    8.151666666666667,
    8.358333333333334,
    8.526666666666667,
    8.743333333333334,
    8.940000000000001,
    9.133333333333335,
    9.326666666666668,
    9.538333333333334,
    9.736666666666668,
    9.931666666666667,
    10.133333333333335,
    10.536666666666667,
    10.753333333333334,
    10.938333333333334,
    11.158333333333333,
    11.348333333333334,
    11.530000000000001,
    11.741666666666667,
    11.946666666666667,
    12.141666666666667,
    12.366666666666667,
    12.553333333333335,
    12.761666666666667,
    12.943333333333333,
    13.143333333333334,
    13.365,
    13.776666666666667,
    13.978333333333333,
    14.161666666666667,
    14.378333333333334,
    14.573333333333334,
    14.763333333333334,
    14.933333333333334,
    15.166666666666668,
    15.361666666666668,
    15.55,
    15.745000000000001,
    15.965000000000002,
    16.16,
    16.363333333333333,
    16.540000000000003,
    16.92666666666667,
    17.148333333333333,
    17.328333333333333,
    17.575000000000003,
    17.775000000000002,
    18.171666666666667,
    18.378333333333334,
    18.568333333333335,
    18.758333333333333,
    18.963333333333335,
    19.171666666666667,
    19.343333333333334,
    19.756666666666668,
    20.193333333333335,
    20.383333333333336,
    20.57,
    20.796666666666667,
    20.995,
    21.171666666666667,
    21.373333333333335,
    21.588333333333335,
    21.76,
    22.158333333333335,
    22.35666666666667,
    22.543333333333337,
    22.753333333333334,
    22.935000000000002,
    23.330000000000002,
    23.546666666666667,
    23.718333333333334,
    23.936666666666667,
    24.128333333333334,
    28.686666666666667
  ],
  "Acoustic Snare": [
    0.7933333333333333,
    3.955,
    7.156666666666667,
    10.346666666666668,
    13.596666666666668,
    16.745,
    19.998333333333335,
    23.153333333333336,
    24.330000000000002,
    24.515,
    24.725
  ],
  "Bass Drum 1": [
    1.4100000000000001,
    1.5866666666666667,
    3.1583333333333337,
    4.593333333333334,
    4.753333333333334,
    6.340000000000001,
    6.436666666666667,
    7.803333333333334,
    7.961666666666667,
    9.603333333333333,
    10.97,
    11.151666666666667,
    12.75,
    14.180000000000001,
    14.366666666666667,
    16.35666666666667,
    17.380000000000003,
    17.563333333333336,
    19.165000000000003,
    20.59166666666667,
    20.790000000000003,
    22.740000000000002,
    23.540000000000003,
    23.930000000000003,
    25.3,
    25.533333333333335
  ],
  "High Tom": [
    24.93166666666667
  ],
  "High Floor Tom": [
    25.123333333333335
  ],
  "Crash Cymbal 1": [
    25.360000000000003,
    25.533333333333335
  ]
}