{
  "Acoustic Snare": [
    0.23320885416666667,
    0.35447745833333333,
    0.895522,
    1.0093279208333334,
    1.5522381333333333,
    1.6660440541666668,
    2.0037304750000002,
    2.4347004375,
    2.5652973958333334,
    2.6585809375,
    2.7686555166666666,
    2.8824614375,
    2.9944016875
  ],
  "High Tom": [
    0.4514923416666667,
    0.5559699083333334,
    1.1156711583333334,
    1.2164173833333334,
    1.7761186333333334,
    1.8824618708333334
  ],
  "Bass Drum 1": [
    0.6473877791666667,
    0.78358175,
    1.3302233041666667,
    1.3973874541666667,
    2.113805054166667,
    2.3283572
  ],
  "Open Hi Hat": [
    1.8973872375
  ],
  "Low-Mid Tom": [
    2.225745304166667
  ],
  "High Floor Tom": [
    3.1044762666666665,
    3.2182821875000003,
    3.3302224375000002
  ]
}