{
  "Acoustic Snare": [
    0.09375,
    0.14625,
    0.24,
    0.37,
    0.525,
    0.9125,
    1.0050000000000001,
    1.1087500000000001,
    1.61,
    1.7375,
    1.81875,
    1.9075,
    2.0,
    2.0925000000000002
  ],
  "High Tom": [
    0.6725,
    1.41625,
    1.5037500000000001,
    2.18125,
    2.2800000000000002
  ],
  "Low-Mid Tom": [
    0.8125
  ],
  "Bass Drum 1": [
    1.245,
    1.34
  ]
}