{
  "High Tom": [
    0.08943958958333334,
    0.33620665,
    0.47629275416666667,
    0.6185340291666667,
    0.8728441875,
    1.0043096083333334,
    1.1368526145833333,
    1.3696110645833335,
    1.5140075104166668
  ],
  "Acoustic Snare": [
    0.09374993125,
    0.32866355208333337,
    0.4719824125,
    0.6228443708333333,
    0.866378675,
    1.0064647791666668,
    1.1422405416666668,
    1.37068865,
    1.5140075104166668,
    1.7769383520833335
  ],
  "High Floor Tom": [
    1.7726280104166667
  ]
}