{
  "Ride Cymbal 1": [
    0.0400390625,
    0.25390625,
    0.4873046875,
    0.7158203125,
    0.947265625,
    1.169921875,
    1.4130859375,
    1.64453125,
    1.888671875,
    2.12109375,
    2.3662109375,
    2.826171875,
    3.0546875,
    3.279296875,
    3.748046875,
    4.2158203125,
    4.69140625,
    4.9296875,
    5.1748046875,
    5.404296875,
    5.6416015625,
    6.125,
    6.5947265625,
    6.818359375
  ],
  "Bass Drum 1": [
    0.1044921875,
    0.349609375,
    0.5625,
    0.8017578125,
    1.01953125,
    1.2646484375,
    1.5341796875,
    1.7900390625,
    1.9921875,
    2.2265625,
    2.466796875,
    2.7080078125,
    2.9150390625,
    3.1572265625,
    3.3681640625,
    3.607421875,
    3.8359375,
    4.091796875,
    4.3447265625,
    4.55859375,
    4.76171875,
    5.029296875,
    5.2529296875,
    5.4990234375,
    5.7333984375,
    5.9833984375,
    6.216796875,
    6.4716796875,
    6.662109375,
    6.8916015625
  ],
  "Acoustic Snare": [
    0.23046875,
    1.16015625,
    1.6474609375,
    2.115234375,
    2.5810546875,
    3.0439453125,
    3.5029296875,
    3.96875,
    4.4169921875,
    4.9111328125,
    5.3916015625,
    5.8740234375,
    6.3515625,
    6.79296875
  ],
  "High Floor Tom": [
    0.7099609375,
    2.580078125,
    3.5126953125,
    3.986328125,
    4.443359375,
    5.8740234375,
    6.34765625
  ]
}