{
  "Acoustic Snare": [
    0.0,
    0.39666666666666667,
    0.7866666666666667,
    0.9950000000000001,
    1.195,
    1.3900000000000001,
    1.5950000000000002,
    2.1816666666666666,
    2.3800000000000003
  ],
  "High Floor Tom": [
    0.006666666666666667,
    0.40166666666666667,
    0.785,
    2.791666666666667
  ],
  "High Tom": [
    1.9916666666666667,
    2.6
  ]
}