{
  "Bass Drum 1": [
    0.0,
    0.48125,
    0.9791666666666666,
    1.48125
  ],
  "Open Hi Hat": [
    0.003125,
    0.15625,
    0.3020833333333333,
    0.4739583333333333,
    0.621875,
    0.784375,
    0.9718749999999999,
    1.1322916666666667,
    1.271875,
    1.4302083333333333,
    1.6072916666666666,
    1.790625
  ]
}