{
  "Bass Drum 1": [
    0.0,
    0.18885872083333333,
    1.312500175,
    2.6127720875000002,
    3.300272179166667,
    3.9402179166666667,
    4.5679353916666665,
    5.222826783333334,
    5.899457308333334,
    6.547555220833334,
    7.173914,
    7.815218433333333,
    8.467392433333334,
    9.111414258333333
  ],
  "Ride Cymbal 1": [
    0.0,
    0.32065221666666666,
    0.6630435666666666,
    1.3070653916666668,
    1.6263589125,
    1.9524459125,
    2.2853263916666666,
    2.6372286125,
    2.9605982208333335,
    3.283967829166667,
    3.6195657,
    3.9388592208333333,
    4.264946220833333,
    4.588315829166667,
    4.9171202208333336,
    5.2255441750000005,
    5.570652916666667,
    5.907609483333333,
    6.2241856125,
    6.550272612500001,
    6.86413135,
    7.183424870833334,
    7.5067944791666665,
    7.824729304166667,
    8.146740216666666,
    8.476903304166667,
    8.794838129166667,
    9.122283825
  ],
  "Acoustic Snare": [
    0.6671196541666666,
    1.6250002166666666,
    1.8138589375,
    2.2839676958333333,
    2.9633156125,
    3.1304352,
    3.627717875,
    4.266304916666667,
    4.4402179833333335,
    4.9184789166666665,
    5.5760877,
    5.752718158333334,
    6.2282617,
    6.86413135,
    7.025816154166667,
    7.509511870833333,
    8.154892391666667,
    8.3152185,
    8.796196825
  ]
}