{
  "Closed Hi Hat": [
    0.020522379166666667
  ],
  "Acoustic Snare": [
    0.8768652916666667,
    0.9477607833333334,
    1.0261189583333334,
    1.09701445,
    1.1884323208333334,
    1.2555964708333334,
    1.3190292791666667,
    1.4029844666666667,
    1.4794769708333333,
    1.5429097791666666,
    1.6138052708333335,
    1.6847007625000001,
    1.7593275958333334,
    1.8320887583333334,
    1.9048499208333334,
    1.9626857166666667,
    2.0541035875,
    2.1119393833333335,
    2.1940289,
    2.361939275,
    2.5093272708333334,
    2.6175361791666667,
    2.7126853916666667,
    2.8171629583333333,
    2.9179091833333333,
    3.0279837625
  ],
  "High Tom": [
    2.4197750708333334,
    3.1380583416666665
  ],
  "High Floor Tom": [
    3.2406702375000003,
    3.3432821333333336
  ]
}