{
  "Low-Mid Tom": [
    0.0,
    0.0825
  ],
  "High Floor Tom": [
    0.1775,
    0.28250000000000003,
    0.39875,
    2.03375,
    2.3425000000000002
  ],
  "Bass Drum 1": [
    0.3875,
    0.465
  ],
  "Crash Cymbal 1": [
    0.4825
  ],
  "Closed Hi Hat": [
    1.71625
  ],
  "Acoustic Snare": [
    2.03375,
    2.33875
  ]
}