{
  "Acoustic Snare": [
    0.0,
    0.34051699166666666,
    0.4073272875,
    0.4806030958333333,
    0.6002150770833333,
    0.7262925708333333,
    0.84374938125,
    0.9644389479166667
  ],
  "Bass Drum 1": [
    1.2155163500000001,
    1.7650849125
  ],
  "Open Hi Hat": [
    1.2219818625,
    1.7726280104166667
  ],
  "Closed Hi Hat": [
    1.4730592645833334
  ]
}