{
  "Closed Hi Hat": [
    0.14500000000000002,
    0.225,
    0.315,
    0.49333333333333335,
    2.3200000000000003
  ],
  "Open Hi Hat": [
    0.7183333333333334
  ],
  "High Floor Tom": [
    2.5700000000000003,
    2.7866666666666666
  ]
}