{
  "Bass Drum 1": [
    0.0,
    0.6426631291666667,
    1.3084240875,
    1.9551633041666667,
    2.6019025208333333,
    3.2486417375000003,
    3.9089679125,
    4.5529897375,
    5.207881129166667,
    5.8491855625,
    6.491848691666667,
    7.149457475,
    7.77717495,
    9.0855990375,
    9.7540773875
  ],
  "Ride Cymbal 1": [
    0.0,
    0.32472830416666665,
    0.676630525,
    0.9850544791666667,
    1.3057066958333334,
    1.6345110875,
    1.964674175,
    2.2894024791666667,
    2.6141307833333336,
    2.929348216666667,
    3.2676634791666666,
    3.584239608333333,
    3.911685304166667,
    4.2350549125,
    4.562500608333333,
    4.891305,
    5.217392,
    5.540761608333334,
    5.8573377375,
    6.177989954166667,
    6.4986421708333335,
    6.822011779166667,
    7.15760965,
    7.475544475,
    9.080164254166666,
    9.44021865,
    9.7622295625,
    10.088316562500001
  ],
  "Acoustic Snare": [
    0.3369565666666667,
    0.497282675,
    0.9850544791666667,
    1.6358697833333333,
    1.7975545875,
    2.2880437833333334,
    2.929348216666667,
    3.1086960666666665,
    3.5855983041666666,
    4.241848391666667,
    4.417120154166667,
    4.8872289125,
    5.5434790000000005,
    5.705163804166667,
    6.176631258333334,
    6.826087866666667,
    7.004077020833334,
    7.4714683875,
    7.812501041666667,
    8.120924995833333,
    8.277175016666668,
    8.444294604166666,
    9.441577345833334,
    9.596468670833334,
    10.088316562500001
  ],
  "Crash Cymbal 1": [
    7.801631475000001,
    9.0774468625
  ],
  "High Tom": [
    8.593751145833334,
    8.75543595
  ],
  "High Floor Tom": [
    8.91847945
  ]
}