{
  "Acoustic Snare": [
    0.09625,
    0.5475,
    0.6950000000000001,
    0.84125,
    1.00875,
    1.3175000000000001,
    1.45625,
    1.58125,
    1.6475,
    1.6925000000000001,
    1.7575,
    1.9212500000000001,
    2.075
  ],
  "High Tom": [
    0.39125,
    1.1575,
    2.22375
  ],
  "Low-Mid Tom": [
    2.36625
  ]
}