{
  "Acoustic Snare": [
    0.0,
    0.055970125,
    0.1287312875,
    0.20149245000000002,
    0.2779849541666667,
    0.34328343333333333,
    0.4309699625,
    0.4925371,
    0.5783579583333334,
    0.6455221083333333,
    0.7313429666666666,
    0.7929101041666666,
    0.8768652916666667,
    1.1958950041666667,
    1.2985069,
    1.4123128208333333,
    1.511193375
  ],
  "High Tom": [
    1.1026114625,
    1.6175366125000001
  ],
  "Low-Mid Tom": [
    1.7294768625,
    1.802238025,
    1.8805962,
    1.9533573625,
    2.0279841958333336,
    2.1100737125,
    2.1679095083333335,
    2.259327379166667,
    2.339551225,
    2.4085810458333334,
    2.4888048916666667,
    2.5578347125
  ],
  "Ride Cymbal 1": [
    1.779849975
  ],
  "High Floor Tom": [
    2.6436555708333334,
    2.7220137458333333,
    2.7910435666666666,
    2.854476375,
    2.9347002208333333,
    3.0093270541666666,
    3.069028520833333,
    3.158580720833333,
    3.2425359083333336,
    3.3134314000000002,
    3.3861925625000002
  ]
}