{
  "Acoustic Snare": [
    0.0,
    1.0237061458333334,
    1.1379302,
    1.2747835479166667,
    1.3857748458333334,
    1.5172402666666667
  ],
  "Bass Drum 1": [
    0.23168086458333334,
    0.75323220625,
    1.771550425
  ],
  "High Tom": [
    0.4859910229166667
  ],
  "Open Hi Hat": [
    1.78124869375
  ]
}