{
  "Ride Cymbal 1": [
    0.0078125,
    0.2548828125,
    0.486328125,
    0.71484375,
    0.943359375,
    1.1669921875,
    1.3935546875,
    1.646484375,
    1.8740234375,
    2.12109375,
    2.3515625,
    2.58203125,
    2.8115234375,
    3.0517578125,
    3.2763671875,
    3.5029296875,
    3.748046875
  ],
  "Bass Drum 1": [
    0.009765625,
    0.458984375,
    0.591796875,
    0.919921875,
    1.296875,
    1.52734375,
    1.8720703125,
    2.3369140625,
    2.4677734375,
    2.8056640625,
    3.1728515625,
    3.3955078125,
    3.7216796875,
    5.458984375,
    5.587890625
  ],
  "Acoustic Snare": [
    0.2490234375,
    0.7109375,
    1.16015625,
    1.638671875,
    2.1123046875,
    2.5791015625,
    3.0439453125,
    3.501953125,
    3.6474609375,
    3.87890625,
    3.9853515625,
    4.1103515625,
    4.2216796875,
    4.33984375,
    4.4560546875,
    4.5810546875
  ],
  "High Tom": [
    4.69140625,
    4.80078125,
    4.927734375,
    5.03125
  ],
  "High Floor Tom": [
    5.14453125,
    5.255859375,
    5.373046875
  ],
  "Crash Cymbal 1": [
    5.5986328125,
    5.6064453125
  ]
}