{
  "Acoustic Snare": [
    0.0,
    0.146875,
    0.4166666666666667,
    0.709375,
    0.9447916666666667,
    1.0583333333333333,
    1.3
  ],
  "Crash Cymbal 1": [
    1.55
  ]
}