{
  "Bass Drum 1": [
    0.0040760875000000005,
    0.6630435666666666,
    1.345108875,
    1.9864133083333333,
    2.6358699166666666
  ],
  "Ride Cymbal 1": [
    0.019021741666666668,
    0.34646743750000003,
    0.66847835,
    1.0000001333333333,
    1.3383153958333334,
    1.6562502208333334,
    1.9701089583333333,
    2.3043481333333333,
    2.627717741666667,
    2.9442938708333335,
    3.285326525
  ],
  "Acoustic Snare": [
    0.34103265416666667,
    0.50543485,
    0.9959240458333334,
    1.654891525,
    1.80978285,
    2.3057068291666667,
    2.9388590875,
    3.1073373708333336,
    3.4334243708333334,
    3.593750479166667,
    3.7486418041666667,
    3.9062505208333334,
    4.0692940208333335
  ],
  "High Tom": [
    4.220109258333333,
    4.394022325
  ],
  "Low-Mid Tom": [
    4.550272345833333,
    4.720109325
  ],
  "High Floor Tom": [
    4.883152825,
    5.043478933333334
  ]
}