{
  "Bass Drum 1": [
    0.0,
    1.3966666666666667,
    1.6033333333333335,
    3.2033333333333336,
    3.276666666666667,
    4.566666666666667,
    4.776666666666667,
    6.416666666666667,
    7.785,
    8.001666666666667,
    9.398333333333333,
    9.598333333333334,
    10.953333333333335,
    11.153333333333334,
    12.778333333333334,
    14.213333333333335,
    14.4,
    17.368333333333336,
    17.588333333333335,
    19.166666666666668,
    20.60666666666667,
    20.796666666666667,
    22.778333333333336,
    24.380000000000003,
    25.568333333333335,
    27.008333333333336,
    27.200000000000003,
    28.78,
    30.16166666666667,
    30.366666666666667,
    31.96,
    33.335,
    33.56333333333333,
    35.218333333333334,
    36.61333333333334,
    36.795
  ],
  "Closed Hi Hat": [
    0.0,
    0.3766666666666667,
    0.5800000000000001,
    0.8300000000000001,
    1.0250000000000001,
    1.2216666666666667,
    1.4300000000000002,
    1.6183333333333334,
    1.8066666666666669,
    1.9966666666666668,
    2.1883333333333335,
    2.3983333333333334,
    2.5900000000000003,
    2.7866666666666666,
    2.9933333333333336,
    3.185,
    3.3783333333333334,
    3.555,
    3.7416666666666667,
    3.97,
    4.166666666666667,
    4.356666666666667,
    4.548333333333334,
    4.765000000000001,
    4.970000000000001,
    5.165,
    5.358333333333333,
    5.575,
    5.766666666666667,
    6.3950000000000005,
    6.408333333333334,
    6.591666666666667,
    6.786666666666667,
    6.973333333333334,
    7.191666666666667,
    7.378333333333334,
    7.58,
    7.78,
    7.98,
    8.17,
    8.371666666666668,
    8.556666666666667,
    8.786666666666667,
    8.985000000000001,
    9.190000000000001,
    9.381666666666668,
    9.588333333333335,
    9.790000000000001,
    9.976666666666667,
    10.166666666666668,
    10.383333333333335,
    10.568333333333333,
    10.766666666666667,
    10.946666666666667,
    11.153333333333334,
    13.603333333333333,
    13.99,
    14.181666666666668,
    14.378333333333334,
    14.563333333333334,
    14.758333333333335,
    14.943333333333335,
    15.155000000000001,
    15.345,
    15.551666666666668,
    15.758333333333335,
    15.965000000000002,
    16.158333333333335,
    16.35666666666667,
    16.55166666666667,
    16.788333333333334,
    16.986666666666668,
    17.18166666666667,
    17.371666666666666,
    17.59166666666667,
    20.02166666666667,
    20.205000000000002,
    20.401666666666667,
    20.588333333333335,
    20.798333333333336,
    20.985000000000003,
    21.183333333333334,
    21.385,
    21.59166666666667,
    21.775000000000002,
    21.976666666666667,
    22.173333333333336,
    22.37666666666667,
    22.563333333333336,
    22.770000000000003,
    22.955000000000002,
    23.166666666666668,
    23.355,
    23.558333333333334,
    23.761666666666667,
    23.973333333333336,
    24.16166666666667,
    24.368333333333336,
    24.770000000000003,
    26.408333333333335,
    26.590000000000003,
    26.798333333333336,
    26.995,
    27.198333333333334,
    27.393333333333334,
    27.590000000000003,
    27.78666666666667,
    27.993333333333336,
    28.178333333333335,
    28.37166666666667,
    28.57166666666667,
    28.775000000000002,
    28.96666666666667,
    29.16,
    29.361666666666668,
    29.585,
    29.775000000000002,
    29.971666666666668,
    30.15666666666667,
    30.360000000000003,
    30.563333333333336,
    30.750000000000004,
    30.94666666666667,
    31.150000000000002,
    31.936666666666667,
    32.71666666666667,
    32.9,
    33.13666666666667,
    33.35,
    33.56666666666667,
    33.77166666666667,
    33.98833333333334,
    34.18666666666667,
    34.41166666666667,
    34.615,
    34.80666666666667,
    35.010000000000005,
    35.20666666666667,
    35.415,
    35.60666666666667,
    35.800000000000004,
    36.00333333333334,
    36.18666666666667,
    36.39,
    36.585,
    36.785000000000004,
    36.98166666666667,
    37.178333333333335,
    37.35333333333334,
    37.56
  ],
  "Acoustic Snare": [
    0.8200000000000001,
    2.0583333333333336,
    2.401666666666667,
    3.97,
    5.578333333333334,
    7.180000000000001,
    8.791666666666668,
    10.385,
    13.603333333333333,
    15.163333333333334,
    15.663333333333334,
    16.788333333333334,
    16.96,
    17.77,
    17.968333333333334,
    18.345000000000002,
    18.55,
    19.995,
    20.43166666666667,
    20.48,
    20.94,
    21.596666666666668,
    22.74666666666667,
    23.173333333333336,
    24.305000000000003,
    24.770000000000003,
    26.408333333333335,
    27.988333333333337,
    29.13666666666667,
    29.590000000000003,
    30.715000000000003,
    31.151666666666667,
    32.71666666666667,
    33.90166666666667,
    34.405,
    35.99666666666667,
    36.395,
    36.48833333333334
  ],
  "Open Hi Hat": [
    5.955,
    31.535000000000004
  ],
  "High Floor Tom": [
    11.795,
    11.983333333333334,
    18.756666666666668,
    25.166666666666668
  ],
  "Crash Cymbal 1": [
    12.756666666666668,
    19.18166666666667,
    25.57166666666667,
    31.96
  ],
  "High Tom": [
    18.143333333333334
  ]
}