{
  "Acoustic Snare": [
    0.12625
  ],
  "High Floor Tom": [
    0.27375
  ],
  "Closed Hi Hat": [
    0.4175,
    1.23125,
    1.74875,
    1.9375,
    2.0025,
    2.09,
    2.23625
  ],
  "Bass Drum 1": [
    0.45375,
    0.6
  ],
  "Crash Cymbal 1": [
    0.5700000000000001
  ]
}