{
  "Closed Hi Hat": [
    2.5708944083333334
  ],
  "Acoustic Snare": [
    3.2574612750000003,
    3.3992522583333336,
    3.582088,
    3.692162579166667,
    4.32089365,
    4.434699570833334,
    4.541042808333334,
    4.660445741666667,
    5.097012716666667,
    5.205221625,
    5.3227588875,
    5.425370783333333,
    5.473878225,
    5.5130573125,
    5.559699083333333,
    5.654848295833333,
    5.705221408333333,
    5.742534825,
    5.9085795291666665,
    6.0093257541666665,
    6.369400225000001,
    6.589549383333334,
    6.703355304166667,
    6.824623908333334
  ],
  "High Floor Tom": [
    3.7891774625,
    3.8973863708333334,
    4.220147425,
    6.9235044625,
    7.0298477
  ],
  "Bass Drum 1": [
    3.9720132041666667,
    4.1138041875
  ],
  "High Tom": [
    4.761191966666667,
    4.981341125,
    5.7929079375,
    6.130594358333333
  ],
  "Low-Mid Tom": [
    4.8768635583333335,
    6.2518629625,
    6.485071816666667
  ]
}