{
  "Ride Cymbal 1": [
    0.012931025,
    0.13793093333333334,
    0.24568947500000002,
    0.49784446250000003,
    0.6271547125,
    0.7478442791666667
  ],
  "Bass Drum 1": [
    0.016163781250000002,
    0.38577557916666666,
    0.5226289270833333
  ],
  "Closed Hi Hat": [
    0.25107740208333335,
    0.7338356687500001
  ],
  "Acoustic Snare": [
    0.85021489375
  ],
  "High Floor Tom": [
    0.9946113395833334
  ]
}