{
  "Bass Drum 1": [
    0.0,
    0.462890625,
    0.576171875
  ],
  "Closed Hi Hat": [
    0.0029296875,
    0.228515625,
    0.4697265625,
    0.892578125
  ],
  "Acoustic Snare": [
    0.2265625,
    0.681640625,
    0.8125,
    1.044921875,
    1.166015625,
    1.2724609375,
    1.392578125,
    1.4990234375,
    1.615234375,
    1.720703125
  ],
  "Open Hi Hat": [
    0.68359375
  ]
}