{
  "Bass Drum 1": [
    0.0,
    1.3070653916666668,
    1.9320654750000001,
    2.5828807791666666,
    3.415761325,
    3.9021744333333332,
    5.202446345833334,
    6.0203812375000005,
    6.506794345833334,
    7.8043488666666665,
    8.639946804166668,
    9.1019033875,
    9.611414325,
    10.404892691666667,
    11.225544975,
    11.854621145833333,
    12.177990754166666,
    13.0067952125,
    13.865490979166667,
    14.346469304166668,
    14.841034587500001,
    15.622284691666668,
    16.456523933333333,
    16.9606000875,
    17.440219716666668,
    18.241850258333333,
    19.069296020833335,
    19.543480866666666,
    19.7323395875,
    20.040763541666667,
    20.8410353875,
    21.6847855,
    22.171198608333334,
    22.687503025,
    23.479622695833335,
    24.293481500000002,
    24.792122870833335,
    26.120927395833334
  ],
  "Crash Cymbal 1": [
    0.006793479166666666,
    5.1970115625,
    15.3057085625,
    15.308425954166667,
    26.116851308333334,
    26.125003483333334
  ],
  "Ride Cymbal 1": [
    0.008152175000000001,
    0.3328804791666667,
    0.6698370458333334,
    0.9891305666666667,
    1.3220110458333334,
    1.6331523916666668,
    1.956522,
    2.5869568666666667,
    5.1970115625,
    5.860055129166667,
    6.1807073458333335,
    6.513587825,
    6.834240041666667,
    7.006794412500001,
    7.172555304166667,
    7.483696650000001,
    7.8138597375000005,
    8.138588041666667,
    8.483696783333334,
    8.8002729125,
    9.127718608333334,
    9.429349083333333,
    9.759512170833334,
    10.089675258333333,
    10.400816604166668,
    10.7323383875,
    11.086958000000001,
    11.385871083333333,
    11.702447212500001,
    12.0285342125,
    12.338316862500001,
    13.0149473875,
    13.358697433333333,
    13.6997300875,
    14.008154041666668,
    14.336958433333333,
    14.5149475875,
    14.976904170833334,
    15.627719475000001,
    15.971469520833335,
    16.297556520833332,
    16.644023958333335,
    16.970110958333333,
    17.290763175000002,
    17.597828433333333,
    17.926632825000002,
    18.252719825,
    18.5747307375,
    18.898100345833335,
    19.21739386666667,
    19.551633041666665,
    19.85326351666667,
    20.1888613875,
    20.535328825,
    20.855981041666666,
    21.190220216666667,
    21.532611566666667,
    21.84647030416667,
    22.180709479166666,
    22.4959269125,
    22.8383182625,
    23.4823400875,
    23.8165792625,
    24.165764091666667,
    24.467394566666666,
    24.809785916666666
  ],
  "Acoustic Snare": [
    0.350543525,
    0.5163044166666667,
    0.99456535,
    1.6317936958333334,
    1.785326325,
    2.9116851708333336,
    2.9483699583333336,
    3.1073373708333336,
    3.259511304166667,
    3.595109175,
    4.081522283333333,
    4.214674475,
    5.5394029125,
    5.705163804166667,
    6.182066041666666,
    7.1671205208333335,
    8.149457608333334,
    8.312501108333334,
    8.801631608333334,
    9.759512170833334,
    10.729620995833333,
    10.921197108333333,
    11.384512387500001,
    12.343751645833335,
    13.368208304166666,
    13.531251804166667,
    14.00543665,
    14.5067954125,
    14.956523733333334,
    15.976904304166666,
    16.150817370833334,
    16.64674135,
    17.597828433333333,
    18.57065465,
    18.75271989166667,
    19.216035170833333,
    20.194296170833333,
    21.187502825,
    21.372285458333334,
    21.855981175,
    22.835600870833336,
    23.826090133333334,
    24.000003200000002,
    24.467394566666666,
    24.81386200416667,
    24.976905504166666,
    25.294840329166668,
    25.483699050000002,
    25.777177350000002,
    25.948373025000002
  ],
  "High Tom": [
    4.396739716666667
  ],
  "Low-Mid Tom": [
    4.5692940875
  ],
  "High Floor Tom": [
    4.729620195833333,
    4.892663695833334
  ]
}