{
  "Acoustic Snare": [
    0.008333333333333333,
    0.14479166666666665,
    0.3729166666666667
  ],
  "High Tom": [
    0.5125
  ],
  "Low-Mid Tom": [
    0.771875,
    0.915625
  ],
  "High Floor Tom": [
    1.165625,
    1.296875
  ],
  "Ride Cymbal 1": [
    1.5166666666666666
  ],
  "Bass Drum 1": [
    1.5197916666666667
  ],
  "Crash Cymbal 1": [
    1.525
  ]
}