{
  "Closed Hi Hat": [
    0.79,
    0.86625,
    1.0225,
    1.17875,
    1.32375,
    1.48625,
    1.63375,
    1.79,
    1.94875,
    2.25125,
    2.71125,
    3.0375,
    3.3112500000000002,
    3.61125,
    3.88625,
    4.1875,
    4.47,
    4.6312500000000005,
    5.06625,
    5.37125,
    5.67875,
    5.9750000000000005,
    6.2725,
    6.535,
    6.83625,
    6.99375,
    7.46375,
    7.7675,
    8.085,
    8.38125,
    8.70125,
    8.98625,
    9.28125,
    9.4475,
    9.90875,
    10.21125,
    10.512500000000001,
    10.82,
    11.11,
    11.365,
    11.6775,
    12.28125,
    12.5975,
    12.8925,
    13.20625,
    13.50625,
    13.805,
    14.0725,
    14.69,
    15.3025,
    15.62125,
    15.887500000000001,
    16.17625,
    16.4875,
    17.083750000000002,
    17.375,
    17.68375,
    18.0,
    18.26875,
    18.556250000000002,
    18.82625,
    19.45,
    19.7775,
    20.1,
    20.4125,
    20.695,
    20.985,
    21.28125,
    21.905,
    22.521250000000002,
    22.8125,
    23.1075,
    23.41875,
    23.69125,
    24.89
  ],
  "Acoustic Snare": [
    2.4175,
    2.56625,
    2.87125,
    3.1575,
    3.48,
    4.03875,
    4.3187500000000005,
    4.4925,
    4.76875,
    4.92125,
    5.2125,
    5.5200000000000005,
    5.84,
    6.12125,
    6.421250000000001,
    6.71,
    7.1525,
    7.20125,
    7.325,
    7.6137500000000005,
    7.9262500000000005,
    8.25125,
    8.545,
    8.855,
    9.13625,
    9.58625,
    9.75125,
    10.055,
    10.3575,
    10.6775,
    10.955,
    11.23,
    11.53375,
    11.60375,
    11.97,
    12.145,
    12.45125,
    12.745000000000001,
    13.0625,
    13.345,
    13.64125,
    13.92625,
    14.38625,
    14.571250000000001,
    14.84,
    15.46625,
    15.7475,
    16.0275,
    16.32625,
    16.77875,
    16.95,
    17.243750000000002,
    17.5025,
    17.837500000000002,
    18.12625,
    18.415,
    18.6825,
    19.135,
    19.32375,
    19.615000000000002,
    20.236250000000002,
    20.52375,
    20.82625,
    21.142500000000002,
    21.59125,
    21.7625,
    22.04125,
    22.355,
    22.68375,
    22.96125,
    23.24625,
    23.56625,
    23.99125,
    24.15125,
    24.76625,
    25.215
  ],
  "Bass Drum 1": [
    3.38125,
    3.74375,
    4.03125,
    4.1825,
    5.69125,
    6.12375,
    6.44125,
    6.5675,
    8.09,
    8.526250000000001,
    8.6175,
    8.83,
    8.9625,
    10.59875,
    10.9725,
    11.25,
    11.38,
    12.887500000000001,
    13.325000000000001,
    13.61875,
    13.75375,
    15.595,
    15.9925,
    16.142500000000002,
    18.11375,
    18.40625,
    18.53875,
    20.080000000000002,
    20.52875,
    20.84875,
    20.99125,
    22.493750000000002,
    22.92125,
    23.26625,
    23.405,
    24.60625
  ],
  "High Tom": [
    24.31125,
    24.462500000000002
  ],
  "Crash Cymbal 1": [
    24.62
  ]
}