{
  "Acoustic Snare": [
    0.216796875,
    0.6875,
    0.9482421875,
    1.0537109375,
    1.166015625,
    1.2861328125
  ],
  "Closed Hi Hat": [
    0.216796875,
    0.4853515625,
    0.8818359375
  ],
  "Bass Drum 1": [
    0.4697265625,
    0.5908203125
  ],
  "Open Hi Hat": [
    0.6904296875
  ],
  "High Tom": [
    1.3994140625,
    1.5087890625,
    1.6279296875,
    1.7451171875
  ]
}