{
  "Acoustic Snare": [
    0.0,
    0.1,
    0.221875,
    0.3541666666666667
  ],
  "High Tom": [
    0.47604166666666664
  ],
  "Low-Mid Tom": [
    0.7291666666666666,
    0.8885416666666667
  ],
  "High Floor Tom": [
    1.13125,
    1.3958333333333333
  ],
  "Crash Cymbal 1": [
    1.51875
  ],
  "Bass Drum 1": [
    1.525
  ]
}