{
  "High Floor Tom": [
    0.008928566666666667
  ],
  "Acoustic Snare": [
    0.1607142,
    0.3214284,
    0.5256693625000001,
    0.8727673916666667,
    1.0301333791666667,
    1.1997761458333334,
    1.3604903458333333
  ],
  "High Tom": [
    0.7042406958333334,
    1.5412938208333333
  ],
  "Low-Mid Tom": [
    1.7098205166666667
  ],
  "Bass Drum 1": [
    1.9386150375
  ]
}