{
  "Crash Cymbal 1": [
    0.019021741666666668,
    5.20108765
  ],
  "Bass Drum 1": [
    0.025815220833333333,
    1.0910327541666667,
    1.296195825,
    2.3804351,
    2.5991851291666666,
    3.6739135333333333,
    3.8940222583333335,
    5.1942941708333334,
    6.270381270833333,
    6.490489995833333,
    7.582881445833333,
    7.7975553875,
    8.896740316666667,
    9.123642520833334
  ],
  "Closed Hi Hat": [
    0.23913046666666668,
    0.4388587541666667,
    0.66847835,
    0.888587075,
    1.0883153625,
    1.3029893041666667,
    1.5271741166666668,
    1.7201089250000001,
    1.9470111291666667,
    2.1739133333333336,
    2.3763590125,
    2.600543825,
    2.8342395083333334,
    3.031250404166667,
    3.2486417375000003,
    3.47282655,
    3.6820657083333335,
    3.8899461708333334,
    4.097826633333334,
    4.319294054166667,
    5.176631125,
    5.4062507208333335,
    5.615489879166667,
    5.842392083333333,
    6.0611421125,
    6.2730986625,
    6.5095117375000005,
    6.739131333333334,
    7.163044433333334,
    7.375000983333334,
    7.589674925000001,
    7.7975553875,
    8.035327158333333,
    8.2296206625,
    8.459240258333333,
    8.6861424625,
    8.892664229166668,
    9.114131650000001,
    9.3301642875,
    9.5502730125
  ],
  "Acoustic Snare": [
    0.6671196541666666,
    1.9415763458333335,
    3.2486417375000003,
    4.535326691666667,
    5.8369573,
    7.1616857375,
    8.459240258333333,
    9.783968695833334
  ],
  "Open Hi Hat": [
    4.5326093,
    9.78261
  ]
}