{
  "Closed Hi Hat": [
    0.0,
    0.28375,
    0.5650000000000001,
    0.89375,
    1.1675,
    1.465,
    2.05875,
    2.35875,
    2.6875,
    3.0,
    3.27625,
    3.6,
    3.88125,
    4.48,
    4.79,
    5.1075,
    5.41625,
    5.70125,
    5.985,
    6.2825,
    6.89625,
    7.1875,
    7.5,
    7.78125,
    8.0625,
    8.35125,
    8.655,
    9.25375,
    9.87875,
    10.18,
    10.7875,
    11.0475,
    11.69,
    11.96625,
    12.30875,
    12.60875,
    12.92,
    13.21625,
    13.51625,
    14.11625,
    14.41625,
    14.705,
    14.99,
    15.26125,
    15.602500000000001,
    15.86875,
    16.490000000000002,
    16.8125,
    17.1,
    17.405,
    17.6675,
    17.96625,
    18.2525,
    18.87875,
    19.18375,
    19.485,
    19.78375,
    20.0625,
    20.365000000000002,
    20.65625,
    21.26125,
    21.9025,
    22.175,
    22.5025,
    22.82,
    23.47875
  ],
  "Acoustic Snare": [
    0.1125,
    0.4225,
    1.04375,
    1.3525,
    1.7675,
    1.82125,
    1.955,
    2.21375,
    2.52125,
    2.85625,
    3.12875,
    3.72,
    4.1675,
    4.3637500000000005,
    4.6225000000000005,
    4.96375,
    5.2787500000000005,
    5.5675,
    5.84625,
    6.14125,
    6.58125,
    6.7525,
    7.05625,
    7.33625,
    7.65625,
    7.9262500000000005,
    8.196250000000001,
    8.52375,
    8.94875,
    9.0025,
    9.385,
    9.42625,
    9.4575,
    9.5425,
    9.69875,
    10.0425,
    10.3575,
    10.633750000000001,
    10.92375,
    11.35,
    11.5,
    11.5375,
    11.82625,
    12.1275,
    12.45125,
    12.762500000000001,
    13.0625,
    13.36875,
    13.79625,
    13.946250000000001,
    13.9875,
    14.26125,
    14.56,
    14.84125,
    15.125,
    15.42625,
    15.72625,
    16.173750000000002,
    16.333750000000002,
    16.64125,
    16.945,
    17.25125,
    17.53875,
    17.82125,
    18.1375,
    18.57,
    18.635,
    18.75375,
    19.0225,
    19.32875,
    19.642500000000002,
    19.935,
    20.19875,
    20.525000000000002,
    20.96125,
    21.41,
    21.46125,
    21.50375,
    21.54,
    21.58125,
    21.755,
    22.052500000000002,
    22.3325,
    22.60875,
    22.9875,
    23.865000000000002,
    23.93
  ],
  "Bass Drum 1": [
    0.28125,
    0.73375,
    1.02375,
    1.165,
    2.715,
    3.0975,
    3.4325,
    3.5612500000000002,
    5.16,
    5.57875,
    5.8725000000000005,
    5.99875,
    7.46125,
    7.9375,
    8.225,
    8.3575,
    9.86875,
    10.35125,
    10.62125,
    10.7475,
    12.25625,
    12.8125,
    13.09875,
    13.22625,
    14.65875,
    15.10875,
    15.43125,
    15.5625,
    17.08875,
    17.55125,
    17.833750000000002,
    17.9725,
    19.47125,
    19.91125,
    20.19375,
    20.34375,
    21.88125,
    22.355,
    22.68,
    22.8325
  ]
}