{
  "Acoustic Snare": [
    0.0020833333333333333,
    0.13541666666666666,
    0.38125,
    0.628125,
    0.7510416666666666,
    1.0197916666666667,
    1.1552083333333334,
    1.2708333333333333,
    1.515625,
    1.7677083333333332,
    1.8958333333333333,
    2.021875,
    2.1572916666666666,
    2.4052083333333334,
    2.6552083333333334,
    2.7864583333333335,
    3.0208333333333335,
    3.15,
    3.2729166666666667,
    3.5322916666666666,
    3.783333333333333,
    3.9145833333333333,
    4.029166666666667,
    4.173958333333333,
    4.408333333333333,
    4.65,
    4.771875,
    5.01875,
    5.153125,
    5.278125,
    5.532291666666667,
    5.777083333333334,
    5.913541666666666,
    6.155208333333333,
    6.291666666666667,
    6.544791666666667,
    6.672916666666667,
    6.910416666666666,
    7.045833333333333,
    7.292708333333334,
    7.533333333333333
  ],
  "Bass Drum 1": [
    7.532291666666667
  ],
  "Crash Cymbal 1": [
    7.553125
  ]
}