{
  "Acoustic Snare": [
    0.11206888333333334,
    0.14762920208333333,
    0.3760773104166667,
    0.5053875604166667,
    0.5344823666666667,
    0.7586201333333333,
    0.8836200416666667,
    0.9137924333333334,
    1.1422405416666668,
    1.2650852791666667,
    1.28340423125
  ],
  "High Tom": [
    1.5474126583333334,
    1.6853435916666668,
    1.9213347979166668
  ]
}