{
  "Bass Drum 1": [
    0.0185546875,
    0.458984375,
    0.58203125
  ],
  "Open Hi Hat": [
    0.0283203125,
    0.2294921875,
    0.4765625,
    0.6923828125
  ],
  "Acoustic Snare": [
    0.2109375,
    0.6806640625,
    0.9287109375,
    1.044921875,
    1.1572265625,
    1.2666015625
  ],
  "High Tom": [
    1.3828125,
    1.49609375
  ],
  "High Floor Tom": [
    1.611328125,
    1.7177734375
  ]
}