{
  "Acoustic Snare": [
    1.1261154708333334,
    1.2421868375,
    1.3671867708333334,
    1.8805793541666667
  ],
  "Closed Hi Hat": [
    1.4207581708333334
  ],
  "High Tom": [
    1.4988831291666667,
    1.7578115625000001
  ],
  "Low-Mid Tom": [
    1.6350437708333334
  ]
}