{
  "Bass Drum 1": [
    0.032608700000000004
  ],
  "Closed Hi Hat": [
    0.042119570833333335,
    0.2513587291666667,
    0.45516310416666667,
    0.6616848708333334,
    0.8573370708333333,
    1.0584240541666667,
    1.2527175583333334,
    1.4456523666666667,
    1.6440219583333333
  ],
  "Acoustic Snare": [
    0.2513587291666667,
    0.46195658333333334,
    0.6562500875,
    0.8491848958333333,
    1.0543479666666666,
    1.2513588625,
    1.442934975,
    1.6508154375000001,
    1.87500025,
    1.8967393833333335
  ]
}