{
  "High Floor Tom": [
    1.7156250000000002,
    1.9046875,
    2.0609375,
    2.2296875000000003,
    26.253125,
    38.259375,
    86.06562500000001,
    86.2671875,
    120.153125,
    120.31562500000001,
    120.71875,
    122.2078125,
    122.39687500000001
  ],
  "Acoustic Snare": [
    1.7203125000000001,
    1.890625,
    2.059375,
    2.2578125,
    3.7421875,
    3.7671875000000004,
    4.284375,
    4.653125,
    4.8203125,
    5.1890625,
    5.4359375000000005,
    5.4593750000000005,
    5.7640625000000005,
    5.8359375,
    5.8828125,
    6.206250000000001,
    6.7328125000000005,
    7.2703125,
    7.653125,
    7.828125,
    8.2171875,
    8.2515625,
    8.426562500000001,
    8.7828125,
    8.8578125,
    8.9125,
    9.1515625,
    9.731250000000001,
    10.2984375,
    10.6671875,
    10.834375000000001,
    11.225000000000001,
    11.8078125,
    11.873437500000001,
    11.918750000000001,
    12.170312500000001,
    12.7046875,
    13.270312500000001,
    13.6359375,
    13.850000000000001,
    14.232812500000001,
    14.426562500000001,
    14.790625,
    15.107812500000001,
    15.721875,
    15.909375,
    16.2953125,
    16.6765625,
    16.8515625,
    17.220312500000002,
    17.2453125,
    17.4671875,
    17.4984375,
    17.8109375,
    17.884375000000002,
    17.9359375,
    18.1640625,
    18.715625,
    19.28125,
    19.660937500000003,
    19.828125,
    20.204687500000002,
    20.7765625,
    20.856250000000003,
    20.910937500000003,
    21.1234375,
    21.692187500000003,
    22.2796875,
    22.634375000000002,
    22.840625000000003,
    23.2109375,
    23.7875,
    24.1703125,
    24.5078125,
    24.700000000000003,
    25.0859375,
    25.4875,
    27.746875000000003,
    27.828125,
    28.285937500000003,
    28.6703125,
    28.8421875,
    29.207812500000003,
    29.234375,
    29.803125,
    29.871875000000003,
    30.14375,
    30.3046875,
    30.707812500000003,
    30.8984375,
    31.2640625,
    31.645312500000003,
    31.825000000000003,
    32.2109375,
    32.79375,
    32.871875,
    33.1859375,
    33.339062500000004,
    33.729687500000004,
    33.7859375,
    33.9140625,
    34.2578125,
    34.66875,
    34.853125,
    35.2390625,
    35.503125000000004,
    35.825,
    35.8921875,
    35.934375,
    36.167187500000004,
    36.7234375,
    37.2890625,
    37.684375,
    37.8453125,
    37.8890625,
    38.8359375,
    38.9265625,
    39.228125000000006,
    39.778125,
    39.964062500000004,
    40.309375,
    40.634375000000006,
    41.228125000000006,
    41.260937500000004,
    41.800000000000004,
    41.860937500000006,
    41.9046875,
    42.146875,
    42.31875,
    42.6921875,
    43.271875,
    43.6390625,
    43.8171875,
    44.189062500000006,
    44.3953125,
    44.760937500000004,
    44.829687500000006,
    44.875,
    45.1625,
    45.714062500000004,
    46.300000000000004,
    46.678125,
    46.84375,
    47.21875,
    47.78125,
    48.146875,
    48.337500000000006,
    48.7234375,
    49.5125,
    50.021875,
    50.0625,
    50.4296875,
    50.5671875,
    50.6625,
    50.78125,
    51.171875,
    51.3484375,
    51.7109375,
    52.1234375,
    52.6703125,
    53.21875,
    53.778125,
    53.81875,
    53.853125000000006,
    54.1390625,
    54.7109375,
    55.675000000000004,
    56.206250000000004,
    56.776562500000004,
    56.870312500000004,
    56.9453125,
    57.181250000000006,
    57.6953125,
    58.6546875,
    59.2015625,
    59.745312500000004,
    60.690625000000004,
    61.65625,
    61.839062500000004,
    62.21875,
    63.354687500000004,
    63.735937500000006,
    63.7734375,
    63.9453125,
    63.978125000000006,
    64.465625,
    65.0359375,
    65.8015625,
    65.99062500000001,
    66.3453125,
    66.3875,
    66.4265625,
    66.47500000000001,
    66.53750000000001,
    66.6015625,
    66.67031250000001,
    67.071875,
    67.45156250000001,
    68.015625,
    68.60625,
    69.74062500000001,
    70.3015625,
    70.671875,
    70.85000000000001,
    72.3484375,
    72.375,
    73.478125,
    74.025,
    74.3921875,
    74.59218750000001,
    75.7265625,
    77.24843750000001,
    77.7984375,
    77.884375,
    78.71718750000001,
    80.2390625,
    80.8125,
    80.8953125,
    81.734375,
    83.26406250000001,
    83.80625,
    83.89687500000001,
    84.33906250000001,
    84.73750000000001,
    85.49531250000001,
    87.73125,
    87.8984375,
    89.2046875,
    89.759375,
    89.85468750000001,
    90.1140625,
    90.6765625,
    92.1890625,
    92.5875,
    92.665625,
    92.7390625,
    92.82343750000001,
    93.1140625,
    93.69843750000001,
    95.2109375,
    95.59218750000001,
    95.72500000000001,
    95.8671875,
    97.1109375,
    97.18125,
    97.7,
    98.06093750000001,
    98.98125,
    99.71718750000001,
    100.2578125,
    100.65,
    100.8140625,
    101.1921875,
    101.39375000000001,
    101.5703125,
    101.746875,
    102.6890625,
    102.88593750000001,
    103.23125,
    103.3640625,
    104.2046875,
    105.72968750000001,
    106.2859375,
    106.39375000000001,
    107.21875,
    108.559375,
    109.27656250000001,
    109.4546875,
    110.01875000000001,
    110.540625,
    113.2421875,
    114.734375,
    116.21406250000001,
    116.2578125,
    116.5875,
    116.6734375,
    116.7421875,
    116.83437500000001,
    117.1265625,
    117.69062500000001,
    118.259375,
    118.65,
    118.84375,
    119.20625000000001,
    119.7734375,
    120.1265625,
    120.31562500000001,
    120.88125000000001,
    121.2625,
    121.6609375,
    121.82656250000001
  ],