{
  "Bass Drum 1": [
    0.02916668125,
    0.3486112854166667,
    0.5236113729166667,
    0.8319448604166667,
    1.00416716875,
    2.3013900395833335,
    2.6305568708333333,
    2.9638903708333335,
    3.1513904645833333,
    3.4569461729166666,
    3.6347240395833333,
    4.965280260416667,
    5.302780429166667,
    5.6500028250000005,
    5.838891808333334,
    6.1319475104166665,
    6.319447604166667,
    7.665281610416667,
    7.980559545833334,
    8.316670825000001,
    8.493059802083334,
    8.802782179166668,
    8.984726714583333,
    10.302782929166668,
    10.63333865,
    10.981949935416667,
    11.15417224375,
    11.465283510416667,
    11.650005825000001,
    12.973617597916666,
    13.318062214583334,
    13.652784604166667,
    13.83750691875,
    14.150007075000001,
    14.330562720833333,
    15.672230058333334,
    15.994452441666667,
    16.32778594166667,
    16.509730477083334,
    16.815286185416667,
    17.001397389583335,
    18.334731389583332,
    18.668064889583334,
    18.99862061041667,
    19.183342925,
    19.483343075,
    19.665287610416666,
    21.000010500000002,
    21.33195511041667,
    21.661121941666668,
    21.837510918750002,
    22.138899958333333,
    22.319455604166667,
    23.630567370833333,
    23.963900870833335,
    24.30001215,
    24.480567795833334,
    24.784734614583336,
    24.975012487500003,
    26.313902045833334,
    26.647235545833333,
    26.98612460416667,
    27.17084691875,
    27.48612485416667,
    27.677791616666667,
    29.000014500000002,
    29.322236883333336,
    29.6583481625,
    29.838903808333335,
    30.159737302083336,
    30.352792954166667,
    31.670849168750003,
    31.997238220833335,
    32.331960610416665,
    32.52084959375,
    32.831960860416665,
    33.018072064583336,
    34.31112826666667,
    34.650017325,
    34.97779526666667,
    35.1583509125,
    35.47779551666667,
    35.65418449375,
    36.965296260416665,
    37.30557420833333,
    37.64446326666667,
    37.830574470833334,
    38.1416857375,
    38.32640805208334
  ],
  "Open Hi Hat": [
    0.04027779791666667,
    1.0055560583333334,
    1.66250083125,
    2.31250115625,
    2.9722237083333334,
    3.6347240395833333,
    4.311113266666667,
    4.973613597916667,
    5.651391714583333,
    6.319447604166667,
    7.0083368375,
    8.316670825000001,
    9.648615935416666,
    10.312505156250001,
    10.977783266666668,
    11.64583915625,
    11.97917265625,
    12.315283935416668,
    13.661117941666667,
    14.336118279166667,
    16.338897058333334,
    17.01250850625,
    17.67084216875,
    19.005565058333335,
    19.673620947916667,
    21.009732727083335,
    21.661121941666668,
    22.327788941666668,
    22.987511493750002,
    23.647234045833333,
    24.30001215,
    24.980568045833333,
    25.656957272916667,
    26.330568720833334,
    26.9916801625,
    27.676402727083335,
    28.331958610416667,
    29.666681500000003,
    30.3583485125,
    30.690293122916668,
    31.009737727083333,
    31.33612677916667,
    31.680571395833333,
    32.333349500000004,
    33.01946095416667,
    33.676405727083335,
    34.326406052083335,
    34.97779526666667,
    35.65140671458334,
    36.31946260416667,
    36.980574045833336,
    37.65557438333334,
    38.32363027291667
  ],
  "Closed Hi Hat": [
    0.3486112854166667,
    0.5027780291666667,
    0.683333675,
    0.8402781979166667,
    1.32083399375,
    1.33750066875,
    1.48750074375,
    1.9611120916666667,
    1.9805565458333334,
    2.1375010687500002,
    2.6083346375,
    2.636112429166667,
    2.7986125104166666,
    3.273612747916667,
    3.3013905395833336,
    3.4638906208333333,
    3.9638908708333336,
    3.9736130979166666,
    4.1416687375,
    4.627780091666667,
    4.6416689875,
    4.798613510416667,
    5.2736137479166665,
    5.301391539583333,
    5.472224958333333,
    5.968058539583334,
    5.983336325,
    6.1416697375,
    6.6583366625,
    6.665281110416667,
    6.83333675,
    7.318059214583333,
    7.327781441666667,
    7.49583708125,
    7.668059389583334,
    7.963892870833334,
    7.97917065625,
    8.136115179166667,
    8.62083764375,
    8.6416709875,
    8.805559958333333,
    8.961115591666667,
    8.977782266666667,
    9.30417131875,
    9.313893545833334,
    9.468060289583333,
    9.630560370833333,
    9.955560533333333,
    9.970838318750001,
    10.140282847916668,
    10.611116416666666,
    10.636116429166668,
    10.797227620833334,
    10.965283260416667,
    11.286116754166667,
    11.306950097916667,
    11.472227958333333,
    11.640283597916667,
    11.975005987500001,
    12.134728289583334,
    12.63333965,
    12.6416729875,
    12.805561958333334,
    12.98750649375,
    13.290284422916667,
    13.315284435416666,
    13.476395627083333,
    13.638895708333333,
    13.97084031875,
    13.990284772916667,
    14.163895970833334,
    14.650007325,
    14.666674,
    14.82917408125,
    14.981951935416667,
    15.002785279166668,
    15.306952097916668,
    15.323618772916667,
    15.488896633333335,
    15.655563383333334,
    15.6750078375,
    15.980563545833334,
    15.998619110416668,
    16.155563633333333,
    16.30417481875,
    16.63750831875,
    16.661119441666667,
    16.836119529166666,
    16.969452929166668,
    17.32361977291667,
    17.3416753375,
    17.501397639583335,
    17.99028677291667,
    18.000009000000002,
    18.168064639583335,
    18.34862028541667,
    18.64445376666667,
    18.668064889583334,
    18.82917608125,
    18.979176156250002,
    19.306954097916666,
    19.333343,
    19.50000975,
    19.990287772916666,
    20.0083433375,
    20.17084341875,
    20.3416768375,
    20.348621285416666,
    20.658343662500002,
    20.6750103375,
    20.836121529166668,
    20.984732714583334,
    21.306955097916667,
    21.326399552083334,
    21.480566295833334,
    21.6416774875,
    21.962510981250002,
    21.986122104166668,
    22.15417774375,
    22.287511143750002,
    22.640289097916668,
    22.65278910416667,
    22.813900295833335,
    22.981955935416668,
    23.293067202083336,
    23.306956097916668,
    23.4666784,
    23.62917848125,
    23.93751196875,
    23.96251198125,
    24.122234283333334,
    24.606956747916666,
    24.634734539583334,
    24.797234620833333,
    24.961123591666666,
    25.29584598125,
    25.311123766666668,
    25.475012737500002,
    25.973624097916666,
    25.988901883333334,
    26.156957522916667,
    26.313902045833334,
    26.618068864583336,
    26.647235545833333,
    26.81251340625,
    26.972235708333333,
    27.302791429166668,
    27.330569220833333,
    27.501402639583333,
    27.99445844166667,
    28.006958447916666,
    28.16668075,
    28.63612542916667,
    28.655569883333335,
    28.8250144125,
    29.002792279166666,
    29.298625760416666,
    29.326403552083335,
    29.488903633333333,
    29.647237045833336,
    29.977792766666667,
    30.009737227083335,
    30.180570645833335,
    30.3333485,
    30.694459791666667,
    30.850015425000002,
    31.330571220833335,
    31.500015750000003,
    31.983349325000002,
    32.00418266875,
    32.161127191666665,
    32.64584965625,
    32.684738564583334,
    32.85140531458333,
    32.9916831625,
    33.33057222083333,
    33.34862778541667,
    33.50001675,
    33.65973905208333,
    33.972239208333335,
    33.995850331250004,
    34.155572633333335,
    34.3083504875,
    34.61529508541667,
    34.643072877083334,
    34.8000174,
    35.281962085416666,
    35.31390654583333,
    35.4750177375,
    35.96251798125,
    35.986129104166665,
    36.14029584791667,
    36.623629422916665,
    36.64585165625,
    36.808351737500004,
    36.96251848125,
    37.27085196875,
    37.31112976666667,
    37.47085206875,
    37.950018975,
    37.98196343541667,
    38.15279685416667,
    39.255575183333335
  ],