{
  "Closed Hi Hat": [
    0.1831396875,
    0.8104657916666668,
    1.3924430208333334,
    1.9540713958333336,
    2.4860485833333335,
    3.0476769583333336,
    3.611630916666667,
    4.137794145833333,
    4.708724854166667,
    5.259306708333334,
    5.805818791666668,
    6.379656479166667,
    6.946517416666667,
    7.488378333333334,
    8.019774125000001,
    8.590704833333334,
    9.179658812500001,
    9.742449979166668,
    10.303496958333334,
    10.803497375000001,
    11.394776937500001,
    11.9668704375,
    12.544777895833334,
    13.045941104166667,
    13.644778812500002,
    14.218035104166669,
    14.777919291666668,
    15.330826729166668,
    15.884315562500001,
    16.419199729166667,
    16.979665312500003,
    17.42210754166667,
    18.038387125000003,
    18.603503875,
    19.2139695,
    19.735481562500002,
    20.335482062500002,
    20.885482520833335,
    21.42559925,
    21.9715299375,
    22.537228083333336,
    23.115716937500004,
    23.69420579166667,
    24.237810895833334,
    24.818625333333337,
    25.381416500000004,
    25.934323937500004,
    26.488975562500002,
    27.045371375000002,
    27.596534625000004,
    28.065721062500003,
    28.684907625000005,
    29.25816391666667,
    29.83374579166667,
    30.34130435416667,
    30.947118812500005,
    31.434328520833336,
    32.07444533333334,
    32.591887625000005,
    33.19130672916667,
    33.75642347916667,
    34.29886579166667,
    34.773866187500005,
    35.352936437500006,
    35.525611000000005,
    35.946541583333335,
    36.4482861875,
    37.05293785416667,
    37.56340339583334,
    38.165148083333335,
    38.6808461875,
    39.2738699375,
    39.736079625,
    40.40526622916667,
    40.96863879166667,
    41.52561600000001,
    42.070965291666674,
    42.544221500000006,
    43.12271035416667,
    43.70468758333334,
    44.25875781250001,
    44.89945602083334,
    45.39247968750001,
    46.020968583333335,
    46.50934108333334,
    47.108178791666674,
    47.68201647916667,
    48.26283091666667,
    48.722133625000005,
    49.33318064583334,
    49.82911129166667,
    50.469809500000004,
    50.96457735416667
  ],
  "Ride Cymbal 1": [
    0.2261629791666667,
    0.39476777083333336,
    0.5069771666666667,
    0.8296518541666668,
    1.0313962083333335,
    1.1191869791666669,
    1.3936058125000002,
    1.5965129583333335,
    1.677326979166667,
    1.961629541666667,
    2.150001791666667,
    2.2412809375000005,
    2.509304416666667,
    2.699420854166667,
    2.779653479166667,
    3.063956041666667,
    3.243025958333334,
    3.344188833333334,
    3.4918633750000003,
    3.5982588125000006,
    3.8924451041666672,
    4.188956979166667,
    4.384305979166667,
    4.465701395833334,
    4.757562104166667,
    4.941283187500001,
    5.034306520833334,
    5.302911395833334,
    5.473841770833334,
    5.5697720833333335,
    5.841865333333334,
    6.03488875,
    6.119191145833334,
    6.416865812500001,
    6.603493875000001,
    6.689540458333334,
    6.980819770833334,
    7.1796571458333345,
    7.252913020833334,
    7.545355125,
    7.730239000000001,
    7.812215812500001,
    8.073843937500001,
    8.240704541666668,
    8.33721625,
    8.636053708333334,
    8.821518979166667,
    8.913960916666667,
    9.2145425625,
    9.41163575,
    9.487217208333334,
    9.781984895833334,
    9.963380395833335,
    10.059892104166668,
    10.333148145833334,
    10.5087296875,
    10.611055354166668,
    10.863381145833335,
    11.061637125,
    11.145939520833334,
    11.420358354166668,
    11.609893395833335,
    11.701172541666669,
    11.996521625000002,
    12.192452020833334,
    12.275010229166668,
    12.555824416666669,
    12.733150145833335,
    12.830824645833335,
    13.108150458333334,
    13.409894895833334,
    13.684895125,
    13.876174354166668,
    13.956988375000002,
    14.238383958333335,
    14.434314354166668,
    14.526756291666668,
    14.800012333333335,
    14.984896208333335,
    15.072686979166669,
    15.354082562500002,
    15.545943187500002,
    15.633733958333336,
    15.912803958333335,
    16.077920375,
    16.173269291666667,
    16.453502083333333,
    16.64943247916667,
    16.7424558125,
    17.015130458333335,
    17.1750143125,
    17.254084145833335,
    18.115712770833337,
    18.388968812500003,
    18.672108583333337,
    18.843038958333334,
    18.9471088125,
    19.25524860416667,
    19.44885341666667,
    19.540713958333335,
    19.809318833333336,
    19.991877125000002,
    20.08548185416667,
    20.3668774375,
    20.549435729166667,
    20.636063708333335,
    20.918622083333336,
    21.094785020833335,
    21.197692083333337,
    21.443041125,
    21.638971520833337,
    21.743041375,
    22.010483458333336,
    22.195367333333337,
    22.2959488125,
    22.568042062500002,
    22.77676316666667,
    22.8819958125,
    23.155833250000004,
    23.33664735416667,
    23.435484645833334,
    23.718624416666668,
    23.917461791666668,
    24.011647916666668,
    24.279090000000004,
    24.476764583333335,
    24.563973958333335,
    24.84362535416667,
    25.025602250000002,
    25.131997687500004,
    25.40874210416667,
    25.588974812500002,
    25.685486520833336,
    25.954091395833338,
    26.140719458333336,
    26.24420791666667,
    26.506998833333338,
    26.68025479166667,
    26.78839441666667,
    27.078510937500003,
    27.26804597916667,
    27.368046062500003,
    27.63083697916667,
    27.809325500000003,
    28.158163000000002,
    28.357000375000002,
    28.420372520833336,
    28.723279750000003,
    28.904675250000004,
    29.00351254166667,
    29.288977895833337,
    29.473280375,
    29.56339672916667,
    29.85642022916667,
    30.073280875000002,
    30.15990885416667,
    30.423862562500002,
    30.593630145833338,
    30.67618835416667,
    30.97793279166667,
    31.160491083333337,
    31.238979520833336,
    31.511072770833337,
    31.70351479166667,
    31.791886958333336,
    32.095375583333336,
    32.27037572916667,
    32.34711997916667,
    32.63781789583334,
    32.83665527083334,
    32.918050687500006,
    33.20758581250001,
    33.39188829166667,
    33.77037697916667,
    33.95351666666667,
    34.04421441666667,
    34.32270302083334,
    34.496540375,
    34.58840091666667,
    35.99363464583334,
    36.155844083333335,
    36.25177439583334,
    36.53898393750001,
    36.81456556250001,
    37.10003091666667,
    37.27910083333334,
    37.37503114583334,
    37.65293835416667,
    37.831426875000005,
    37.92154322916667,
    38.22154347916667,
    38.40352037500001,
    38.49538091666667,
    38.78259045833334,
    38.97793945833334,
    39.05817208333334,
    39.338404875,
    39.48375383333334,
    40.13259158333334,
    40.452359291666674,
    40.6099175625,
    41.00294114583334,
    41.19712735416667,
    41.27735997916667,
    41.56456952083334,
    41.760499916666674,
    41.83782556250001,
    42.110500208333335,
    42.41282604166667,
    42.49654704166667,
    42.58201222916667,
    42.657593687500004,
    42.760500750000006,
    42.8232915,
    42.95061718750001,
    43.04422191666667,
    43.12794291666667,
    43.22154764583334,
    43.32794308333334,
    43.40119895833334,
    43.524454875,
    43.61282704166667,
    43.71864108333334,
    43.80643185416667,
    43.90236216666667,
    43.981432000000005,
    44.10468791666667,
    44.2901531875,
    44.36631604166667,
    44.4418975,
    44.5343394375,
    44.94422350000001,
    45.110502708333335,
    45.19654929166667,
    45.46631695833334,
    45.66050316666667,
    45.74771254166667,
    46.04655,
    46.234922250000004,
    46.329108375000004,
    46.60875977083334,
    46.873294875000006,
    47.145388125000004,
    47.30992314583334,
    47.420969750000005,
    47.69713277083334,
    47.89597014583334,
    47.989574875,
    48.28899372916667,
    48.460505500000004,
    48.5459706875,
    49.103529291666675,
    49.39073883333334,
    49.565738979166674,
