{
  "Crash Cymbal 1": [
    0.0,
    1.5542769375,
    3.11102098125,
    6.83964089375,
    7.4227003375,
    8.46710865,
    9.424345875,
    10.61184635,
    11.64227439375,
    17.3536253625,
    17.95642165625,
    18.92188256875,
    20.095402775,
    20.51069899375,
    21.66365998125,
    22.076489093750002,
    23.24425271875,
    37.49425841875
  ],
  "Bass Drum 1": [
    0.00575658125,
    0.404605425,
    0.588816025,
    0.96710565,
    1.1595399375,
    1.54029666875,
    1.957237625,
    2.1521390187500002,
    2.5312510125,
    2.70148134375,
    3.1052644000000003,
    3.5090474562500003,
    3.70312648125,
    4.0657911,
    4.28289645,
    4.4523044125,
    4.66036370625,
    5.05016649375,
    5.3051008062500005,
    5.77056151875,
    5.9720418625,
    6.18339063125,
    6.23931170625,
    6.6710553,
    6.8569106375,
    7.22944368125,
    7.41529901875,
    7.83552945,
    8.25411514375,
    8.4736876,
    8.84951011875,
    8.99918123125,
    9.427635350000001,
    9.84951051875,
    10.053457968750001,
    10.41365548125,
    10.61102398125,
    11.0279649375,
    11.4457282625,
    11.6825704625,
    11.976978475000001,
    12.21299830625,
    12.58964319375,
    13.06332759375,
    13.2220447625,
    13.60773570625,
    13.812505525,
    14.16201224375,
    14.66036770625,
    14.82155198125,
    15.233558725,
    15.37500615,
    15.76727604375,
    16.24424991875,
    16.41365788125,
    16.81497383125,
    16.9605331,
    17.35938194375,
    17.98109271875,
    18.51069819375,
    18.930928625,
    19.54194860625,
    20.07813303125,
    20.52385689375,
    21.1332321375,
    21.50740991875,
    21.66365998125,
    22.0789562,
    22.6957327625,
    23.10116055625,
    23.2713908875,
    23.6661278875,
    24.07484515625,
    24.29523998125,
    24.6332335375,
    24.84869415,
    25.2549443125,
    26.2220499625,
    26.84622784375,
    27.23767536875,
    27.411195175,
    27.79359664375,
    27.9687611875,
    28.384879775,
    28.76892598125,
    29.358564375,
    29.9473804,
    30.34951871875,
    30.91859789375,
    31.50576918125,
    31.90872986875,
    32.51399326875,
    32.7023157125,
    33.0937632375,
    33.50248050625,
    33.68669110625,
    34.0773162625,
    34.27386239375,
    34.68175729375,
    35.05675744375,
    35.29195490625,
    35.64392873125,
    35.8733696125,
    36.25412634375,
    37.22945568125,
    37.46712025,
    37.49096894375
  ],
  "Acoustic Snare": [
    0.00740131875,
    0.595394975,
    1.18503336875,
    1.56661246875,
    2.1496719125,
    2.7286195125,
    3.108553875,
    3.700659375,
    4.2615148625,
    4.6504952812500004,
    5.246712625,
    5.85608786875,
    6.2154630125,
    6.23931170625,
    6.64720660625,
    6.8536211625,
    7.4276345500000005,
    7.8486873500000005,
    8.46628628125,
    9.0263194,
    9.42681298125,
    10.0444119125,
    10.61431345625,
    11.023030725,
    11.64062965625,
    12.17681408125,
    12.579774768750001,
    12.591287931250001,
    12.63569584375,
    12.68832744375,
    12.75411694375,
    12.8207288125,
    12.944084125,
    12.990136775,
    13.1891500125,
    13.23931450625,
    13.2845447875,
    13.33306454375,
    13.387340881250001,
    13.42763695,
    13.463821175,
    13.4917817125,
    13.52056461875,
    13.5773080625,
    13.7812555125,
    13.88734108125,
    13.976979275,
    14.17352540625,
    14.1842162,
    14.246716225,
    14.299347825,
    14.3602031125,
    14.41365708125,
    14.49095974375,
    14.512341331250001,
    14.535367656250001,
    14.57484135625,
    14.78372301875,
    14.80674934375,
    14.8569138375,
    14.91530201875,
    14.98026915,
    15.04605865,
    15.1003349875,
    15.140631056250001,
    15.17188106875,
    15.34869035,
    15.44819696875,
    15.54523648125,
    15.657901,
    15.76892078125,
    15.8009931625,
    15.82319711875,
    15.8667826625,
    15.91448005,
    16.009874825,
    16.07648669375,
    16.1233617125,
    16.148032775,
    16.37089470625,
    16.39227629375,
    16.44819736875,
    16.5115197625,
    16.58306584375,
    16.6266513875,
    16.66201324375,
    16.69079615,
    16.761519862500002,
    16.92763835,
    16.990138375,
    17.09622394375,
    17.1727042375,
    17.25905295625,
    17.358559575,
    17.759875525,
    17.96793481875,
    18.3404678625,
    18.5312574125,
    18.92188256875,
    19.32319851875,
    19.542770975,
    19.9128369125,
    20.11102778125,
    20.509876625,
    20.92681758125,
    21.13816635,
    21.51398886875,
    21.6842192,
    22.08306804375,
    22.49425241875,
    22.69984460625,
    23.0641539625,
    23.2648119375,
    23.67681868125,
    24.075667525,
    24.2845491875,
    24.65872696875,
    24.851161256250002,
    25.2483653625,
    25.6628392125,
    25.8667866625,
    26.2549447125,
    26.44655663125,
    26.8503396875,
    27.25905695625,
    27.44162281875,
    28.00412304375,
    28.39557056875,
    28.96464974375,
    29.53701839375,
    29.95313698125,
    30.51892668125,
    31.109387443750002,
    31.52057181875,
    32.11267731875,
    32.720407825,
    33.108565875000004,
    33.7056055875,
    34.299355825,
    34.69327045625,
    35.07649429375,
    35.27879700625,
    35.648862943750004,
    35.8404748625,
    36.24096844375,
    36.53208698125,
    36.61432385625,
    36.81333709375
  ],
  "Low-Mid Tom": [
    0.5921055,
    1.1792767875,
    2.1529613875,
    2.7236853,
    3.70477121875,
    4.2631596,
    5.2615152625,
    5.845397075,
    34.6891586125,
    35.0641587625,
    35.2746851625,
    35.64557346875,
    35.8404748625,
    36.22945528125
  ],
  "Ride Cymbal 1": [
    4.648028175,
    7.8536215625,
    9.02714176875,
    10.0542803375,
    11.02878730625,
    12.1759917125,
    18.51892188125,
    19.5477051875,
    21.13405450625,
    22.68997618125,
    23.6694173625,
    24.279614975,
    24.83142440625
  ],
  "Open Hi Hat": [
    6.2319103875,
    25.24343115,
    25.86267481875,
    26.437510575,
    26.84787258125,
    27.7944190125,
    27.9917875125,
    28.164484950000002,
    28.38405740625,
    28.549353525,
    28.746722025,
    28.95313658125,
    29.15543929375,
    29.34622884375,
    29.53866313125,
    29.71711715,
    30.1184331,
    30.31826870625,
    30.91448605,
    31.11432165625,
    31.91201934375,
    32.516460375,
    32.70807229375,
    33.09869745,
    33.29359884375,
    33.49425681875,
    34.2878426625,
    37.3174491375
  ],
  "Closed Hi Hat": [
    25.27385879375,
    25.45477991875,
    25.63899051875,
    25.6463918375,
    25.87501035,
    26.03866173125,
    26.2286289125,
    26.24343155,
    26.4424447875,
    26.8569186375,
    27.02550423125,
    27.2187608875,
    27.22616220625,
    27.41448465,
    27.42188596875,
    27.59293866875,
    27.7977084875,
    28.0213927875,
    28.398860043750002,
    28.98932080625,
    29.937511975,
    30.52221615625,
    30.71136096875,
    30.9358676375,
    31.1957361625,
    31.31333489375,
    31.48603233125,
    31.516459975,
    31.689157412500002,
    31.70807189375,
    31.9128417125,
    32.082249675,
    32.1134996875,
    32.2648155375,
    32.30922345,
    32.51563800625,
    32.6990262375,
    32.87912499375,
    33.09623034375,
    33.29688831875,
    33.51563840625,
    33.69080295,
    33.86925696875,
    33.878303025,
    34.07813863125,
    34.10445443125
  ]
}