{
  "Acoustic Snare": [
    1.77875,
    1.8675,
    2.99,
    3.4475000000000002,
    3.51125,
    3.59,
    3.6825,
    5.41875,
    5.85375,
    5.91125,
    6.0912500000000005,
    6.1925,
    6.30625,
    7.83,
    8.2425,
    8.29875,
    8.4025,
    8.50125,
    10.26625,
    10.682500000000001,
    10.73625,
    10.79125,
    11.401250000000001,
    12.5875,
    13.045,
    13.765,
    14.95125,
    15.43125,
    15.4925,
    15.56875,
    16.3175,
    16.46375,
    16.59625,
    17.365000000000002,
    17.82875,
    17.89,
    17.965,
    17.98875,
    18.48375,
    18.62,
    19.8075,
    20.25125,
    20.33125,
    20.415,
    22.19125,
    22.64125,
    23.385,
    24.6325,
    25.07375,
    25.79625,
    27.03125,
    27.4775,
    28.185000000000002,
    29.42,
    29.87625,
    30.58125,
    30.66625,
    30.747500000000002,
    30.88,
    31.806250000000002,
    32.99875,
    34.20125,
    35.39,
    36.5825,
    37.7825,
    38.97375,
    39.465,
    39.51625,
    39.595,
    41.40125,
    41.85,
    41.91875,
    41.99875,
    42.10125,
    42.195,
    42.30875,
    42.50125,
    43.79125,
    44.24875,
    44.32125,
    44.81,
    44.88,
    44.935,
    45.08375,
    45.18625,
    45.29875,
    46.21125,
    46.6475,
    46.71375,
    46.81875,
    46.9625,
    47.28125,
    47.42125,
    47.545,
    47.695,
    48.62625,
    49.82125
  ],
  "High Tom": [
    1.9725000000000001,
    2.095,
    3.7875,
    3.9075,
    4.0,
    4.09625,
    6.4025,
    6.5062500000000005,
    6.71125,
    6.92,
    8.605,
    8.7175,
    8.92875,
    39.88875,
    42.61625,
    42.80375,
    42.89875,
    43.01,
    43.10625,
    45.40625,
    45.49625
  ],
  "Low-Mid Tom": [
    2.1875,
    4.205,
    4.3,
    4.41125,
    4.51375,
    4.6325,
    4.7162500000000005,
    6.61875,
    6.81625,
    9.02875,
    9.11625,
    9.22625,
    9.32375,
    40.19375
  ],
  "Bass Drum 1": [
    2.3675,
    4.81125,
    6.60375,
    7.2075000000000005,
    9.63,
    10.81625,
    11.11125,
    11.6775,
    11.9825,
    13.175,
    13.467500000000001,
    14.04625,
    14.6225,
    14.81625,
    15.852500000000001,
    16.75,
    18.11625,
    18.77375,
    19.205000000000002,
    20.5225,
    21.556250000000002,
    23.0675,
    23.7,
    23.99625,
    25.49625,
    26.1025,
    26.405,
    27.60875,
    27.8975,
    28.48125,
    28.7825,
    30.30125,
    31.1925,
    32.38,
    32.695,
    33.60125,
    34.785000000000004,
    35.09625,
    36.005,
    37.18375,
    37.480000000000004,
    38.393750000000004,
    40.78625,
    43.1875,
    44.39,
    44.6925,
    45.59,
    47.9925,
    49.53375,
    50.1525,
    50.43
  ],
  "Crash Cymbal 1": [
    2.375,
    11.97875,
    19.2025,
    43.206250000000004,
    45.597500000000004,
    48.011250000000004
  ],
  "Ride Cymbal 1": [
    2.69,
    2.98625,
    3.2725,
    4.82875,
    5.12625,
    5.41375,
    5.715,
    5.99625,
    7.233750000000001,
    7.54375,
    7.82625,
    8.105,
    9.4125,
    9.63875,
    9.97875,
    10.2575,
    10.540000000000001,
    10.838750000000001,
    11.1125,
    11.41125,
    11.68625,
    31.19875,
    31.4925,
    31.68,
    31.80375,
    31.995,
    32.1025,
    32.292500000000004,
    32.40625,
    32.60375,
    32.71,
    32.9075,
    33.01875,
    33.20875,
    33.316250000000004,
    33.49875,
    33.6225,
    33.8075,
    33.9125,
    34.1075,
    34.22,
    34.410000000000004,
    34.52875,
    34.71125,
    34.816250000000004,
    34.9975,
    35.10875,
    35.32125,
    35.41125,
    35.59625,
    35.72,
    35.90125,
    36.005,
    36.19625,
    36.316250000000004,
    36.503750000000004,
    36.612500000000004,
    36.80375,
    36.91875,
    37.11375,
    37.21875,
    37.39625,
    37.50875,
    37.70125,
    37.80625,
    37.9825,
    38.11,
    38.28875,
    38.39875,
    38.68125,
    38.97875,
    39.29,
    40.8025,
    41.105000000000004,
    41.41375,
    41.715,
    43.80125,
    44.10125,
    44.395,
    44.695,
    45.91375,
    46.22,
    46.51625
  ],
  "Closed Hi Hat": [
    3.62625,
    4.2325,
    6.04,
    8.088750000000001,
    8.43,
    12.30125,
    12.58625,
    12.89,
    13.175,
    13.47125,
    13.7675,
    14.33375,
    14.36,
    14.63625,
    14.9525,
    15.258750000000001,
    16.177500000000002,
    17.0375,
    17.07375,
    17.37,
    17.67625,
    18.2575,
    18.935,
    19.5,
    19.806250000000002,
    20.055,
    20.1075,
    20.71375,
    21.830000000000002,
    22.18875,
    22.475,
    22.73875,
    22.7825,
    23.085,
    23.368750000000002,
    23.39125,
    24.2975,
    24.6325,
    24.903750000000002,
    24.91875,
    25.19125,
    25.216250000000002,
    25.51,
    25.765,
    25.798750000000002,
    26.111250000000002,
    26.712500000000002,
    27.025000000000002,
    27.31875,
    27.618750000000002,
    27.895,
    28.19125,
    28.47875,
    29.095,
    29.122500000000002,
    29.41625,
    29.6875,
    29.71375,
    29.9925,
    30.015,
    30.30125,
    30.61625,
    31.15875,
    31.80375,
    32.09625,
    32.99875,
    33.27875,
    33.917500000000004,
    34.19375,
    34.49625,
    35.39875,
    35.68875,
    36.2875,
    36.58875,
    36.88375,
    37.79,
    38.0775,
    38.67875,
    39.2575,
    39.555,
    39.875,
    40.18,
    40.46125,
    41.08375,
    41.375,
    41.67375,
    42.0075,
    46.47125,
    46.835,
    48.6225,
    48.93625,
    49.24625,
    49.53,
    49.82875,
    50.125,
    50.43125
  ],
  "High Floor Tom": [
    7.0287500000000005,
    7.11875,
    9.525,
    40.495,
    44.9925
  ],
  "Open Hi Hat": [
    14.0525,
    15.85375,
    16.1675,
    16.75625,
    18.1475,
    18.7975,
    20.587500000000002,
    21.5675,
    23.99625,
    26.4175,
    28.7925
  ]
}