{
  "Acoustic Snare": [
    0.6447916666666667,
    0.7010416666666667,
    0.7697916666666667,
    0.8739583333333333,
    0.99375,
    1.1197916666666667,
    1.3989583333333333,
    1.5197916666666667,
    1.64375,
    1.7697916666666667,
    2.534375,
    2.6302083333333335,
    2.7729166666666667,
    2.892708333333333,
    3.115625,
    3.1729166666666666,
    3.2135416666666665,
    3.265625,
    3.3958333333333335,
    3.511458333333333
  ],
  "High Tom": [
    1.2614583333333333,
    1.903125,
    2.142708333333333,
    3.0125,
    3.6604166666666664
  ],
  "Low-Mid Tom": [
    2.0322916666666666
  ],
  "Bass Drum 1": [
    2.2760416666666665,
    2.3958333333333335,
    3.870833333333333
  ],
  "High Floor Tom": [
    3.7760416666666665
  ]
}