{
  "Bass Drum 1": [
    0.0,
    4.0392417625,
    5.58720595
  ],
  "High Floor Tom": [
    0.0,
    5.3241247125,
    5.450578125
  ],
  "Acoustic Snare": [
    0.561046175,
    0.63372055,
    0.6845926125,
    0.718022825,
    1.23837135,
    1.57558045,
    1.7543594125,
    1.904068625,
    2.58720775,
    2.6438937625,
    2.6845914125,
    2.74999835,
    3.2950561625,
    3.4840095375,
    3.6468001375,
    3.80813725,
    4.4985438125,
    4.6206367625,
    4.735462275,
    4.863369175,
    4.95929935
  ],
  "High Tom": [
    1.0566854125,
    3.1090097625,
    4.16860215,
    4.2747067375
  ],
  "Low-Mid Tom": [
    2.093022,
    5.0799388125,
    5.2092992
  ],
  "Closed Hi Hat": [
    2.3648241625
  ],
  "Crash Cymbal 1": [
    5.595926875
  ]
}