{
  "Closed Hi Hat": [
    0.019047633333333334,
    0.3023811791666667,
    0.5869052020833334,
    0.8714292250000001,
    1.1619056333333333,
    1.43928679375,
    1.7273822479166667,
    2.0214300875,
    2.3119064958333335,
    2.595240041666667,
    2.8654783395833334,
    3.1654785645833337,
    3.4535740187500004,
    3.7261932708333334,
    4.013098247916667,
    4.297622270833333,
    4.585717725,
    4.8750036562500005,
    5.152384816666667,
    5.4404802708333335,
    5.728575725000001,
    6.0000045,
    6.28929043125,
    6.842862275000001,
    6.861909908333334,
    7.16071965625,
    7.4357198625,
    7.7309581791666675,
    8.023815541666668,
    9.163102110416666,
    9.433340408333335,
    9.722626339583334,
    10.013102747916667,
    10.314293450000001,
    10.585722225000001,
    10.872627202083335,
    11.415484752083334,
    11.448818110416667,
    11.73929451875,
    12.019056633333333,
    12.309533041666667,
    12.605961835416668,
    12.871438225,
    13.161914633333334,
    13.4500100875,
    13.722629339583333,
    14.01786765625,
    14.294058339583334,
    14.591677610416667,
    14.880963541666668,
    15.159535179166667,
    15.4500115875,
    15.740487995833334,
    16.014297725000002,
    16.301202702083334,
    16.590488633333333,
    16.87501265625,
    18.572632977083334,
    18.863109385416667,
    19.154776270833334,
    19.442871725,
    19.715490977083334,
    20.008348339583335,
    20.571444,
    20.588110679166668,
    20.870253747916667,
    21.152396816666666,
    21.444063702083334,
    21.73096867916667,
    22.015492702083336,
    22.295254816666667,
    22.590493133333336,
    22.88216001875,
    23.164303087500002,
    23.442874725000003,
    23.733351133333336,
    24.01668467916667,
    24.292875362500002,
    24.57501843125,
    24.871447225,
    25.154780770833334,
    25.435733362500002,
    25.732162156250002,
    26.011924270833333
  ],
  "Bass Drum 1": [
    0.025000018750000002,
    0.4511908145833334,
    0.8833339958333334,
    1.4226201145833335,
    2.0119062708333333,
    2.3059541104166668,
    2.7297639520833337,
    3.1511928395833335,
    3.716669454166667,
    4.2785746375,
    4.5785748625,
    5.015479952083334,
    5.4404802708333335,
    5.502385079166667,
    5.998814022916667,
    6.560719206250001,
    6.860719431250001,
    7.304767383333334,
    7.717862931250001,
    8.008339339583333,
    9.159530679166668,
    9.585721475,
    10.013102747916667,
    10.579769839583333,
    11.141675022916667,
    11.440484770833335,
    11.872627952083334,
    11.945247054166668,
    12.87500965625,
    13.430962454166668,
    13.720248385416667,
    14.165486814583334,
    15.1500113625,
    15.727392747916667,
    16.023821541666667,
    16.457155200000003,
    17.0214413375,
    18.304775633333335,
    19.296443043750003,
    19.7071576375,
    20.295253316666667,
    20.590491633333336,
    21.027396722916667,
    21.998826022916667,
    22.169064245833333,
    22.586921702083334,
    22.879779064583335,
    23.315493677083335,
    24.28930393125,
    24.425018318750002,
    24.8643043625,
    25.146447431250003,
    25.61787635625,
    26.15359104375,
    27.433353908333334
  ],
  "Acoustic Snare": [
    0.5809528166666666,
    1.7214298625000002,
    2.863097385416667,
    4.011907770833334,
    5.14643243125,
    6.286909477083333,
    7.436910339583334,
    8.186910902083333,
    8.310720518750001,
    8.598815972916666,
    8.865482839583334,
    9.71786443125,
    10.872627202083335,
    12.016675679166667,
    13.161914633333334,
    14.292867862500001,
    15.4500115875,
    16.584536247916667,
    17.145250954166666,
    17.290489158333333,
    17.419060683333335,
    17.572632227083336,
    18.85953795416667,
    20.005967385416668,
    21.166682541666667,
    22.284540522916668,
    23.436922339583333,
    24.56787556875,
    25.719066908333335,
    26.290495908333334,
    26.43811506666667
  ],
  "Open Hi Hat": [
    6.577385885416667,
    11.150008362500001,
    20.288110454166667
  ],
  "High Tom": [
    17.711918045833336,
    17.854775295833335,
    26.590496133333335,
    26.735734337500002
  ],
  "Low-Mid Tom": [
    18.005965885416668,
    26.870258247916667,
    27.02025836041667
  ],
  "Crash Cymbal 1": [
    18.297632770833335,
    27.427401522916668
  ],
  "High Floor Tom": [
    27.151210839583335
  ],
  "Ride Cymbal 1": [
    27.427401522916668
  ]
}