{
  "Open Hi Hat": [
    0.03557681041666667,
    0.3634603875,
    0.66634404375,
    0.82788199375,
    1.1442271458333333,
    1.4355723770833333,
    1.7240330020833334,
    1.8913401645833334,
    2.1913392145833335,
    2.484607516666667,
    2.6480685375,
    3.2817203770833334,
    3.57979635625,
    3.7134497791666665,
    4.0394102854166665,
    4.3451785479166665,
    4.504793427083333,
    4.811523225,
    5.112483810416666,
    5.40863671875,
    5.5769054166666665,
    5.876904466666667,
    6.159595879166667,
    6.333633789583334,
    6.965362558333333,
    7.04709306875,
    7.2605539312500005,
    7.4201688104166665,
    7.732667820833333,
    8.024974587500001,
    8.1865125375,
    8.499011547916666,
    8.80670288125,
    9.096125041666667,
    9.269201416666666,
    9.572085072916666,
    9.854776485416666,
    10.023045183333334,
    10.6326586375,
    10.940349970833333,
    11.108618668750001,
    11.4172715375,
    11.718232122916667,
    11.8788085375,
    12.183615264583333,
    12.483614314583333,
    12.801882537500001,
    15.22206718125,
    16.173987243750002,
    17.364368089583333,
    18.457633858333335,
    18.778786687500002,
    19.076862666666667,
    19.224939120833334,
    19.535515060416667,
    19.857629425,
    20.152820797916668,
    20.321089495833334,
    20.62878082916667,
    20.710511339583334,
    20.914356847916668,
    21.081664010416667,
    21.707623566666665,
    21.9864688375,
    22.47204422291667,
    22.778774020833335,
    22.93550429375,
    23.248003304166666,
    23.559540779166667,
    23.860501364583335,
    24.024923920833334,
    24.33261525416667,
    24.621075879166668,
    24.79415225416667,
    25.41049645625,
    25.718187789583332,
    25.90087951875,
    26.204724710416667,
    26.505685295833334,
    26.665300175,
    26.972991508333333,
    27.277798235416668,
    27.570105002083334,
    27.734527558333333,
    29.990289645833332,
    30.30663479791667,
    33.27393309375,
    33.717200920833335,
    34.02969993125,
    35.129696447916665,
    35.56527199166667,
    35.74507911458333,
    35.804694310416664,
    35.87969407291667,
    36.016232102083336,
    36.476807566666665,
    37.23161286875,
    37.7133421125,
    38.8787230375,
    39.7441049125,
    40.58544840208334
  ],
  "Ride Cymbal 1": [
    0.04519216458333333,
    0.36057578125,
    0.6596132958333334,
    1.2788421041666667,
    1.57211040625,
    2.2028776395833334,
    2.4874921229166667,
    2.8038372750000002,
    3.11537475,
    3.7384497,
    4.04710256875,
    4.3317170520833335,
    4.9567150729166665,
    5.2576756583333335,
    5.894212104166667,
    6.174018910416667,
    6.491325597916667,
    6.797093860416667,
    7.42209188125,
    7.726898608333333,
    8.028820729166666,
    8.645164931250001,
    8.949010122916667,
    9.574969679166667,
    9.866314910416667,
    10.164390889583334,
    10.478812970833333,
    11.113426345833334,
    11.41438693125,
    11.704770627083333,
    12.333614789583333,
    12.635536910416667,
    12.939382102083334,
    15.0749522625,
    15.675911897916667,
    16.31821755625,
    17.208599352083333,
    17.817251270833335,
    18.133596422916668,
    18.4672492125,
    18.763402120833334,
    19.074939595833335,
    19.697053010416667,
    20.000898202083334,
    20.631665435416668,
    20.91627991875,
    21.225894322916666,
    21.5480086875,
    22.163391354166667,
    22.480698041666667,
    22.77685095,
    23.398964364583335,
    23.707617233333334,
    24.339346002083335,
    24.623960485416667,
    24.94895945625,
    25.257612325,
    25.891264164583333,
    26.202801639583335,
    26.493185335416666,
    27.122029497916667,
    27.424913154166667,
    28.014334364583334,
    28.316256485416666,
    29.534521858333335,
    29.8556746875,
    30.463365070833333,
    30.797979395833334,
    30.968171164583335,
    31.519130958333335,
    31.992206383333333,
    33.56047064791667,
    34.203737841666666,
    34.674890195833335,
    35.26623447708334,
    37.09507483958333,
    37.84988014166667,
    38.354686235416665,
    38.996030358333336,
    39.421990547916664,
    39.82198928125,
    40.25852636041667,
    40.8056400125
  ],
  "High Tom": [
    0.99518915625,
    1.8942247708333333,
    2.6499916083333335,
    4.662485235416667,
    5.573059275,
    6.34613375,
    8.342281275,
    9.266316810416667,
    10.026891325,
    12.026884991666666,
    13.688418191666667,
    19.383592464583334,
    20.32878177916667,
    21.07204865625,
    23.08550381875,
    24.03261620416667,
    24.789344577083334,
    26.822991983333335,
    27.725873739583335,
    29.0826002125,
    30.156635272916667,
    31.363362220833334,
    32.62681975833333
  ],
  "Bass Drum 1": [
    2.9490291229166665,
    3.2499897083333336,
    3.7192189916666667,
    6.627863627083333,
    6.939401102083333,
    7.41055345625,
    10.305736595833334,
    10.624966354166666,
    11.11438788125,
    13.931686652083334,
    14.11437838125,
    14.733607189583333,
    16.435524877083335,
    16.5980243625,
    17.047061402083333,
    21.373970777083333,
    21.685508252083334,
    22.15089139375,
    25.07684366666667,
    25.41049645625,
    25.896071841666668,
    29.546060283333333,
    30.893171402083333,
    31.060478564583335,
    31.8287453625,
    32.30278232291667,
    36.92776767708333,
    37.391227747916666,
    38.17103297083333,
    38.65564682083333,
    39.209491220833335,
    39.529682514583335,
    40.031604002083334,
    40.36621832708333
  ],
  "Acoustic Snare": [
    2.969221366666667,
    3.42979683125,
    3.7374881645833335,
    6.6538250833333334,
    7.1057467291666665,
    7.425938022916667,
    10.327851910416667,
    10.7941965875,
    11.103810991666666,
    13.048997139583333,
    13.12207383125,
    13.17688135,
    13.245150364583333,
    13.392265283333334,
    13.536495595833333,
    13.847071535416667,
    14.289377827083333,
    14.441300422916667,
    14.6018768375,
    15.3864897375,
    15.540335404166667,
    15.838411383333334,
    16.00668008125,
    16.6903317625,
    16.765331525,
    16.82590825625,
    16.898984947916666,
    17.51532915,
    17.65667485625,
    17.9826353625,
    21.394163020833332,
    21.841276989583335,
    22.167237495833334,
    25.107612800000002,
    25.5691498,
    25.88934109375,
    28.164333889583332,
    28.46337140416667,
    28.610486322916667,
    28.76240891875,
    30.632595304166667,
    31.2172088375,
    31.677784302083335,
    32.150859727083336,
    32.454704918750004,
    33.880661941666666,
    34.326814375,
    34.82488972083333,
    34.97200463958333,
    35.341234239583336,
    35.42392628541667,
    36.19315461875,
    36.24988520833333,
    36.32007729375,
    36.367192529166665,
    36.6287301625,
    36.77969122291667,
    37.55661183958333,
    38.00853348541667,
    38.473916627083334,
    38.77391567708333,
    39.10756846666667,
    39.32102932916667,
    39.639297552083335,
    39.93256585416667,
    40.14891132291667,
    40.483525647916665
  ],
  "Closed Hi Hat": [
    3.7086421020833336,
    7.418245739583333,
    11.110541739583333,
    14.727837977083334,
    22.161468283333335,
    25.8979949125
  ],
  "Crash Cymbal 1": [
    28.894139270833335,
    29.02779269375,
    29.051831079166668
  ],
  "Low-Mid Tom": [
    29.2325997375,
    29.381637727083334
  ],
  "High Floor Tom": [
    32.79893459791667,
    32.94604951666667,
    33.1095105375
  ]
}