{
  "Open Hi Hat": [
    0.035937500000000004
  ],
  "Bass Drum 1": [
    0.043750000000000004,
    0.6265625,
    1.0078125,
    1.1296875,
    1.7546875000000002,
    2.1265625,
    2.25,
    2.865625,
    3.240625,
    3.3937500000000003,
    3.9781250000000004,
    4.35625,
    4.5125,
    5.0921875000000005,
    5.4750000000000005,
    5.640625,
    6.2484375000000005,
    6.728125,
    6.96875,
    7.34375,
    7.71875,
    7.854687500000001,
    8.440625,
    8.84375,
    8.9828125,
    9.6046875,
    9.998437500000001,
    10.131250000000001,
    10.76875,
    11.140625,
    11.2890625,
    11.86875,
    12.264062500000001,
    12.395312500000001,
    13.0015625,
    13.357812500000001,
    13.504687500000001,
    14.0734375,
    14.4640625,
    14.615625000000001,
    15.221875,
    15.590625000000001,
    15.826562500000001,
    16.4140625,
    16.759375000000002,
    16.878125,
    17.5046875,
    17.896875,
    18.0453125,
    18.65625,
    19.021875,
    19.1625,
    19.728125000000002,
    20.1125
  ],
  "Acoustic Snare": [
    0.24531250000000002,
    0.7718750000000001,
    1.3796875000000002,
    1.8890625,
    2.496875,
    3.0078125,
    3.6203125000000003,
    4.1312500000000005,
    4.7328125000000005,
    5.246875,
    5.8578125000000005,
    6.375,
    6.5203125,
    6.6015625,
    7.471875000000001,
    8.1125,
    8.598437500000001,
    8.8890625,
    9.221875,
    9.309375000000001,
    9.7453125,
    10.379687500000001,
    10.9171875,
    11.514062500000001,
    12.0109375,
    12.6328125,
    13.129687500000001,
    13.734375,
    14.2265625,
    14.8390625,
    15.350000000000001,
    15.387500000000001,
    16.0609375,
    16.5140625,
    17.128125,
    17.6546875,
    18.290625000000002,
    18.79375,
    19.384375000000002,
    19.868750000000002
  ],
  "Closed Hi Hat": [
    0.38125000000000003,
    0.7671875,
    1.1484375,
    1.5109375,
    1.8843750000000001,
    2.265625,
    2.640625,
    3.0046875,
    3.3890625,
    3.7625,
    4.125,
    4.503125,
    4.8671875,
    5.2359375,
    5.6296875,
    6.010937500000001,
    6.7406250000000005,
    7.109375,
    7.478125,
    7.85625,
    8.2359375,
    8.59375,
    8.981250000000001,
    9.365625,
    9.7421875,
    10.145312500000001,
    10.528125000000001,
    10.9078125,
    11.287500000000001,
    11.645312500000001,
    12.0109375,
    12.395312500000001,
    12.764062500000001,
    13.137500000000001,
    13.503125,
    13.8609375,
    14.221875,
    14.615625000000001,
    14.9921875,
    15.731250000000001
  ],
  "Ride Cymbal 1": [
    15.99375,
    16.228125000000002,
    16.509375000000002,
    16.875,
    17.2734375,
    17.650000000000002,
    18.034375,
    18.44375,
    18.798437500000002,
    19.1625,
    19.5140625,
    19.8671875
  ]
}