{
  "Acoustic Snare": [
    0.0,
    0.02625,
    0.17,
    0.45125,
    0.7725,
    1.0625,
    1.3587500000000001,
    1.78125,
    1.9475,
    2.2600000000000002,
    2.56875,
    2.855,
    3.13875,
    3.44875,
    3.62125,
    3.9125,
    4.075,
    4.21125,
    4.3675,
    4.65625,
    4.95375,
    5.38375,
    5.6675,
    5.78875,
    5.95375,
    6.0875,
    6.24375,
    6.40875,
    6.46375,
    6.5512500000000005,
    6.69,
    6.83625,
    7.7625,
    7.90125,
    8.0525,
    8.52375,
    8.64875,
    8.793750000000001,
    8.85375,
    8.90625,
    8.95125,
    9.11125
  ],
  "Bass Drum 1": [
    0.32125,
    0.755,
    1.0175,
    1.165,
    7.43125,
    7.58125,
    9.58625
  ],
  "Closed Hi Hat": [
    0.60375,
    0.91,
    1.485,
    2.1125,
    2.40625,
    2.7025,
    3.00625,
    3.295,
    3.77125,
    4.4975000000000005,
    10.276250000000001,
    10.7675,
    10.97375,
    11.02375,
    11.11,
    11.262500000000001,
    11.4,
    11.5425,
    11.6775,
    11.84375,
    11.98,
    12.135,
    12.29625,
    12.4575,
    12.61125,
    12.76875,
    13.0675,
    13.3625,
    13.435,
    13.5,
    13.67,
    13.8225,
    13.9475,
    14.1,
    14.26125,
    14.41,
    14.565,
    14.7075,
    14.845,
    15.01125,
    15.17625,
    15.3125,
    15.453750000000001,
    15.776250000000001,
    15.83625,
    15.90375,
    16.0475,
    16.20125,
    16.33125,
    16.4875
  ],
  "High Tom": [
    4.82875,
    5.10125,
    5.24125,
    5.51625,
    6.9925,
    7.2875000000000005,
    8.20125,
    8.3425
  ],
  "Low-Mid Tom": [
    7.14125
  ],
  "High Floor Tom": [
    9.2675,
    9.41625
  ],
  "Crash Cymbal 1": [
    9.58
  ]
}