{
  "Bass Drum 1": [
    0.0102272625,
    0.429545025,
    0.6829538625,
    1.215907875,
    1.506816675,
    2.1318160500000003,
    2.5761337875000003,
    2.8534062375,
    3.37726935,
    3.6727236000000003,
    4.089768637500001,
    4.363632,
    4.78635885,
    5.071585837500001,
    5.607948937500001,
    5.8579486875,
    6.2715846375,
    6.5556752625,
    8.711354925,
    9.687490312500001,
    9.9465809625,
    10.202262525,
    10.648852987500002,
    10.88635275,
    11.86816995,
    12.156806025000002,
    12.432942112500001,
    12.6965782125,
    13.090896,
    13.495441050000002,
    14.0272587,
    14.29544025,
    15.245439300000001
  ],
  "Closed Hi Hat": [
    0.0181818,
    0.27840881250000005,
    0.545454,
    0.8249991750000001,
    1.097726175,
    1.3602259125,
    1.6340892750000002,
    1.8954526500000002,
    2.1556796625000003,
    2.4193157625,
    2.6988609375,
    2.9749970250000004,
    3.2545422000000004,
    3.5249964750000005,
    3.8124961875000003,
    4.379541075000001,
    4.643177175,
    4.930676887500001,
    5.20454025,
    5.4624945375000005,
    5.743176075,
    6.005675812500001,
    6.554538900000001,
    9.289763437500001,
    9.546581362500001,
    9.8374901625,
    10.093171725000001,
    10.353398737500001,
    10.640898450000002,
    10.913625450000001,
    11.17726155,
    11.4465794625,
    11.715897375,
    11.9874880125,
    12.268169550000001,
    12.56816925,
    12.820441725,
    13.102259625,
    13.387486612500002,
    13.6454409,
    13.897713375,
    14.170440375000002,
    14.422712850000002,
    14.728394362500001,
    15.259075650000002,
    15.512484487500002,
    15.8033932875,
    16.0829384625,
    16.619301562500002,
    17.186346450000002
  ],
  "Acoustic Snare": [
    0.83181735,
    2.979542475,
    3.8215870875,
    5.199994800000001,
    6.0090849,
    6.813629550000001,
    6.949993050000001,
    7.090902000000001,
    7.231810950000001,
    7.360219912500001,
    9.2965816125,
    10.361353275,
    11.448852187500002,
    12.8420326125,
    13.638622725000001,
    14.587485412500001,
    14.988621375000001,
    15.663620700000001,
    15.951120412500002,
    16.353392737500002,
    16.7545287,
    17.0556647625
  ],
  "Open Hi Hat": [
    4.1011322625,
    6.277266450000001
  ],
  "Crash Cymbal 1": [
    4.370450175,
    6.556811625000001,
    8.709082200000001,
    8.715900375
  ],
  "High Tom": [
    7.6454469000000005,
    7.77726495
  ],
  "Low-Mid Tom": [
    7.9079466375,
    8.0329465125
  ],
  "High Floor Tom": [
    8.303400787500001,
    8.443173375,
    8.5511278125
  ]
}