{
  "Acoustic Snare": [
    0.13362059166666668,
    0.15301712916666668,
    0.3663790416666667,
    0.5032323895833334,
    0.5258616833333334,
    0.7564649625000001,
    0.8749993583333334,
    0.9019389937500001,
    1.1153009062500001,
    1.2532318395833333
  ],
  "High Tom": [
    1.3857748458333334,
    1.5204730229166667
  ],
  "High Floor Tom": [
    1.76185215625
  ]
}