{
  "Acoustic Snare": [
    0.017578125,
    0.12890625,
    0.240234375,
    0.3525390625,
    0.4638671875,
    0.5751953125,
    0.693359375,
    0.8173828125
  ],
  "High Tom": [
    0.9296875,
    1.0390625,
    1.1455078125,
    1.2548828125
  ],
  "High Floor Tom": [
    1.3720703125,
    1.478515625,
    1.595703125,
    1.70703125
  ]
}