{
  "Acoustic Snare": [
    0.0,
    0.11562499999999999,
    0.2375,
    0.36666666666666664
  ],
  "High Tom": [
    0.4979166666666667,
    0.61875,
    0.734375,
    0.8624999999999999
  ],
  "Low-Mid Tom": [
    0.978125,
    1.11875,
    1.2458333333333333
  ],
  "High Floor Tom": [
    1.5072916666666667,
    1.753125
  ]
}