{
  "Acoustic Snare": [
    0.011904762499999999
  ],
  "High Tom": [
    0.23412699583333332,
    0.46031748333333333
  ],
  "Low-Mid Tom": [
    0.6944444791666666
  ],
  "High Floor Tom": [
    0.93452385625,
    1.17261910625,
    1.42261911875,
    1.6587302416666667
  ]
}