{
  "Acoustic Snare": [
    0.03459819583333333,
    0.1506695625,
    0.7946424333333334,
    0.904017375,
    1.5881687958333335,
    1.7042401625,
    2.0970970958333335,
    2.2343738083333333,
    2.8939716708333334,
    3.0167394625,
    3.1640608125000003,
    3.5624981,
    3.6796855375
  ],
  "High Tom": [
    0.28124985,
    0.41741049166666666,
    1.0412940875,
    1.1819190125,
    1.8370525916666667,
    1.9665168083333333,
    2.376114804166667,
    2.5055790208333333,
    3.2946411,
    3.825890816666667
  ],
  "Bass Drum 1": [
    0.5435264958333333,
    0.6729907125,
    1.3292403625,
    1.4330349500000001,
    2.684150354166667,
    2.765623525,
    4.077006754166667
  ],
  "Low-Mid Tom": [
    3.4185249625000003
  ],
  "High Floor Tom": [
    3.9587032458333336
  ],
  "Crash Cymbal 1": [
    4.097096029166667
  ]
}