{
  "Closed Hi Hat": [
    0.0,
    0.46874965625000004,
    1.01185270625
  ],
  "Acoustic Snare": [
    0.0,
    0.11745681041666667,
    0.23491362083333334,
    0.34806008958333334,
    0.47413758333333333,
    0.5959047354166667,
    0.6282322979166667,
    0.659482275,
    0.68211156875,
    0.7176718875,
    0.7575425479166666,
    0.79849079375,
    0.85021489375,
    0.9924561687500001,
    1.10883539375,
    1.1357750291666666,
    1.1530163958333335,
    1.1799560312500001,
    1.2058180812500001,
    1.2553870104166667,
    1.3038783541666668,
    1.37068865,
    1.5107747541666667,
    1.6239212229166666
  ],
  "High Floor Tom": [
    1.7650849125
  ]
}