{
  "Acoustic Snare": [
    0.0,
    0.109375,
    0.2197265625,
    0.3369140625,
    0.4609375,
    0.576171875,
    0.6884765625,
    0.8076171875
  ],
  "High Tom": [
    0.9306640625,
    1.0380859375,
    1.15234375,
    1.263671875
  ],
  "High Floor Tom": [
    1.380859375,
    1.494140625,
    1.611328125,
    1.724609375
  ]
}