{
  "Acoustic Snare": [
    0.07924102916666667,
    0.1573659875,
    0.24665165416666668,
    0.3861605083333333,
    0.5212050791666667,
    1.0357137333333333,
    1.1540172416666667,
    1.7042401625,
    3.4966499208333333,
    4.2589263,
    4.280131645833333,
    5.0591490875,
    5.083702645833333
  ],
  "High Tom": [
    0.6506692958333333,
    0.9029013041666667,
    1.4241063833333334,
    4.016738929166666,
    4.5636136375000005,
    5.5680773875
  ],
  "Low-Mid Tom": [
    0.783481725,
    4.021203212500001,
    5.583702379166667
  ],
  "High Floor Tom": [
    1.3013385916666667,
    1.5714277333333333,
    1.8470972291666667,
    1.9843739416666668,
    3.497765991666667,
    5.970978958333333,
    6.095978891666667
  ],
  "Bass Drum 1": [
    2.1071417333333335,
    3.755578354166667,
    6.386157308333334
  ],
  "Crash Cymbal 1": [
    2.1127220875,
    6.393969804166667,
    6.6328089625
  ],
  "Closed Hi Hat": [
    3.183034016666667,
    3.7254444416666668,
    5.299104316666667,
    5.821425466666667
  ]
}