{
  "Acoustic Snare": [
    0.4503968479166667,
    0.49404764375,
    1.6587302416666667
  ],
  "Low-Mid Tom": [
    1.19047625,
    2.6031747333333333,
    2.8432541104166664
  ],
  "High Tom": [
    2.1150794708333334,
    2.3809525
  ],
  "High Floor Tom": [
    3.0734128520833335,
    3.3373017541666665
  ]
}