{
  "Acoustic Snare": [
    0.0020833333333333333,
    0.128125,
    0.24479166666666666,
    0.3875
  ],
  "High Tom": [
    0.5166666666666666,
    0.7770833333333333,
    0.91875
  ],
  "Low-Mid Tom": [
    1.1447916666666667,
    1.290625
  ],
  "High Floor Tom": [
    1.5072916666666667,
    1.8572916666666666
  ]
}