{
  "Closed Hi Hat": [
    0.0,
    0.50107721875,
    1.0150854625,
    1.52909370625
  ],
  "Acoustic Snare": [
    0.020474122916666667,
    0.10237061458333334,
    0.13900851875,
    0.16594815416666667,
    0.2133619125,
    0.2693963541666667,
    0.3146549416666667,
    0.36422387083333335,
    0.49461170625,
    0.6249995416666667,
    0.6648702020833334,
    0.6971977645833334,
    0.7424563520833334,
    0.78555976875,
    0.8221976729166667,
    0.8771545291666667,
    1.0107751208333333,
    1.1249991750000001,
    1.1422405416666668,
    1.2079732520833333,
    1.2564645958333334,
    1.2984904270833333,
    1.3415938437500001,
    1.3771541625000001,
    1.5193954375
  ],
  "High Floor Tom": [
    1.7769383520833335
  ]
}