{
  "Acoustic Snare": [
    0.0087890625,
    0.1220703125,
    0.236328125,
    0.34375,
    0.4677734375,
    0.5673828125,
    0.6826171875,
    0.921875,
    1.1708984375,
    1.404296875,
    1.6513671875
  ],
  "Bass Drum 1": [
    0.802734375,
    1.0126953125,
    1.2392578125,
    1.4580078125
  ],
  "High Floor Tom": [
    0.91796875,
    1.16015625,
    1.404296875,
    1.6337890625
  ]
}