{
  "Closed Hi Hat": [
    0.0,
    0.179545275,
    0.32272695,
    0.5159085750000001,
    0.7215901875,
    0.9056809125,
    1.1068170750000002,
    1.2806805375,
    1.4374985625,
    1.6386347250000002,
    1.8431799750000002,
    1.9965889125000003,
    2.19545235,
    2.3852248875,
    2.55908835,
    2.7306790875000004,
    2.9295425250000005,
    3.0943150875,
    3.2863603500000003,
    3.4738601625000003,
    3.6397690875000004,
    3.8193143625,
    4.347722925,
    4.51363185,
    4.702268025,
    4.8943132875,
    5.0795403750000006,
    5.270449275000001,
    5.4579490875,
    5.647721625000001,
    5.8056760125,
    6.4999935,
    6.548857087500001,
    6.722720550000001,
    6.877265850000001,
    7.052265675,
    7.238629125000001,
    7.4272653,
    7.609083300000001,
    7.801128562500001,
    7.952264775000001,
    8.6829458625,
    8.709082200000001,
    8.8909002,
    9.053400037500001,
    9.248854387500002,
    9.451126912500001,
    9.62271765,
    9.7965811125,
    9.972717300000001,
    10.14089895,
    10.8818073,
    11.244306937500001,
    11.430670387500001,
    11.802260925,
    11.999988,
    12.3533967375,
    12.549987450000001,
    13.065896025,
    13.4624865375,
    13.647713625000002,
    14.024985975000002,
    14.188622175,
    14.3579401875,
    15.864756862500002,
    16.1579383875,
    16.362483637500002,
    16.726119637500002,
    16.888619475000002,
    17.2636191,
    17.445437100000003,
    17.7988458375,
    17.9670274875,
    18.1397545875,
    18.315890775,
    18.501117862500003,
    18.663617700000003,
    18.830662987500002,
    19.388616975
  ],
  "Open Hi Hat": [
    5.997721275000001,
    8.1488554875,
    10.346580562500002
  ],
  "Acoustic Snare": [
    10.722716550000001,
    10.756807425000002,
    12.702260025000001,
    12.886350750000002,
    14.530667287500002,
    14.715894375000001,
    19.02270825,
    19.08634455
  ],
  "High Tom": [
    14.874985125000002
  ],
  "Low-Mid Tom": [
    15.0454395
  ],
  "Crash Cymbal 1": [
    15.2397574875,
    15.242030212500001
  ]
}