{
  "Closed Hi Hat": [
    0.48660688333333335
  ],
  "Bass Drum 1": [
    1.0691958583333334,
    1.3147314416666667,
    1.6194187791666668,
    1.8716507875000001,
    2.1305792208333334,
    2.3850433708333334,
    2.6517843,
    2.9107127333333334,
    3.1551322458333333
  ],
  "High Floor Tom": [
    1.0691958583333334,
    1.332588575,
    1.6216509208333334,
    1.881695425,
    2.899552025
  ],
  "Acoustic Snare": [
    1.0736601416666667,
    1.6149544958333333,
    2.0267846333333335,
    2.2801327125,
    2.4062487166666666
  ],
  "High Tom": [
    2.1540167083333333,
    2.524552225
  ],
  "Low-Mid Tom": [
    2.6551325125000003,
    2.7912931541666666,
    3.0122751791666666
  ],
  "Crash Cymbal 1": [
    3.1529001041666667
  ]
}