{
  "Low-Mid Tom": [
    2.63690489375,
    2.8690477625
  ],
  "High Floor Tom": [
    3.1150795208333335,
    3.3373017541666665
  ]
}