{
  "Acoustic Snare": [
    0.0,
    0.11145833333333333,
    0.22604166666666667,
    0.3729166666666667
  ],
  "High Tom": [
    0.5010416666666666,
    0.6354166666666666,
    0.7677083333333333,
    0.903125
  ],
  "Low-Mid Tom": [
    1.0291666666666666,
    1.1739583333333332,
    1.2770833333333333,
    1.40625
  ],
  "High Floor Tom": [
    1.5208333333333333,
    1.6395833333333334,
    1.7604166666666667,
    1.8822916666666667
  ]
}