{
  "Closed Hi Hat": [
    0.0
  ],
  "Acoustic Snare": [
    0.023706879166666667,
    0.09913785833333334,
    0.2262929375,
    0.34913767500000004,
    0.47413758333333333,
    0.7230598145833333,
    0.75323220625,
    0.9999992666666667,
    1.01831821875
  ],
  "Bass Drum 1": [
    0.7521546208333334,
    1.0140078770833334
  ]
}