{
  "Acoustic Snare": [
    0.0,
    0.0849609375,
    0.2001953125,
    0.3173828125,
    0.4365234375,
    0.5498046875,
    0.662109375,
    0.7841796875,
    1.0166015625,
    1.255859375,
    1.494140625,
    1.611328125,
    1.7294921875
  ],
  "High Tom": [
    0.90234375,
    1.140625,
    1.37890625
  ]
}