{
  "Closed Hi Hat": [
    0.49330330833333336
  ],
  "Acoustic Snare": [
    0.7622763791666667,
    1.5647313083333334,
    1.8649543625,
    1.9263382583333335,
    1.9910703666666667,
    2.0446417666666665,
    2.1015613791666667,
    2.1171863708333336,
    2.2488827291666666,
    2.3716505208333336
  ],
  "High Floor Tom": [
    0.7712049458333333,
    2.9073645208333336
  ],
  "Bass Drum 1": [
    1.0368298041666666,
    1.5703116625,
    3.1897304416666667
  ],
  "High Tom": [
    1.2979903791666667,
    2.5133915166666667
  ],
  "Low-Mid Tom": [
    1.3169635833333333,
    2.63839145,
    2.7678556666666667
  ],
  "Crash Cymbal 1": [
    3.1908465125000003
  ]
}