{
  "Bass Drum 1": [
    0.010416666666666666,
    0.42916666666666664,
    0.8302083333333333,
    1.2458333333333333,
    1.6760416666666667
  ],
  "Crash Cymbal 1": [
    0.025,
    0.409375,
    0.8041666666666667,
    1.2322916666666666,
    1.6697916666666666
  ],
  "Acoustic Snare": [
    0.2677083333333333,
    0.665625,
    1.0875,
    1.5302083333333334
  ]
}