{
  "Acoustic Snare": [
    2.14285725
  ],
  "High Floor Tom": [
    2.3769842458333335,
    3.07738110625,
    3.3313493729166668
  ],
  "High Tom": [
    2.6071429875
  ],
  "Low-Mid Tom": [
    2.8353176020833333
  ]
}