{
  "Closed Hi Hat": [
    0.338636025,
    0.529544925,
    0.8761354875,
    1.0772716500000001,
    1.4420440125,
    1.64090745,
    1.979543475,
    2.1488614875,
    2.5409065500000003,
    2.7352245375,
    3.0556787625000004,
    4.3284047625,
    4.7181771,
    4.90454055,
    5.284085625,
    5.4579490875,
    5.809085100000001,
    6.0170394375,
    6.569311612500001,
    6.934083975000001,
    7.12272015,
    7.429538025,
    7.646583262500001,
    8.7374912625,
    9.0761272875,
    9.269308912500001,
    9.6193085625,
    9.795444750000001,
    10.155671662500001,
    10.361353275,
    10.705671112500001,
    10.89544365,
    11.2465796625,
    11.4579430875,
    11.774988225000001,
    13.647713625000002,
    14.034076875,
    14.186349450000002,
    14.551121812500002,
    14.748848887500001,
    15.094303087500002,
    15.27725745,
    15.623848012500002,
    15.830665987500002,
    16.138620225,
    17.994300187500002,
    18.344299837500003,
    18.526117837500003,
    18.874981125,
    19.0783900125,
    19.415889675000003,
    19.6079349375,
    19.9715709375,
    20.1761161875,
    20.5102067625,
    21.7852054875,
    22.3579321875,
    22.6999773,
    22.8942952875,
    23.2442949375,
    23.438612925,
    23.811339825,
    23.981794200000003,
    24.365884725,
    24.554520900000004,
    24.865884225000002,
    26.1511102125,
    26.719291462500003,
    27.081791100000004,
    27.270427275000003,
    27.627245100000003,
    27.8261085375,
    28.137471862500004,
    28.324971675,
    28.932925612500004,
    29.259061650000003,
    29.455652362500004,
    29.807924737500002,
    30.017015437500003,
    30.337469662500002,
    30.507924037500004,
    31.101105262500003,
    31.467013987500003,
    31.659059250000002,
    31.998831637500004,
    32.1999678,
    32.53178565,
    32.7101945625,
    33.26814855,
    33.8170116375,
    35.493146325000005,
    36.0090549,
    36.356781825000006,
    36.5545089,
    36.902235825000005,
    37.0692811125,
    37.653371437500006,
    37.965871125,
    38.167007287500006,
    38.481779700000004,
    39.227233500000004,
    39.8124601875,
    40.17723255000001,
    40.354505100000004,
    40.6999593,
    40.898822737500005,
    41.24200421250001,
    41.434049475,
    41.80564001250001,
    41.98745801250001,
    42.307912237500005
  ],
  "Acoustic Snare": [
    0.5272722000000001,
    1.6386347250000002,
    2.734088175,
    3.4181784000000004,
    3.6034054875000003,
    3.7670416875000003,
    4.895449650000001,
    6.0193121625,
    7.123856512500001,
    7.813628550000001,
    7.998855637500001,
    8.1806736375,
    9.2715816375,
    10.359080550000002,
    11.455670362500001,
    12.14089695,
    12.315896775,
    12.495442050000001,
    12.861350775000002,
    13.652259075000002,
    14.744303437500001,
    15.824984175,
    16.5261198375,
    16.699983300000003,
    16.8647558625,
    17.0397556875,
    17.9897547375,
    19.071571837500002,
    20.1715707375,
    20.894297287500002,
    21.067024387500002,
    21.247706025000003,
    22.356795825000003,
    23.429522025,
    24.547702725,
    25.2556565625,
    25.4363382,
    25.6181562,
    26.717018737500002,
    27.824972175000003,
    28.937471062500002,
    30.0090609,
    31.1056507125,
    32.1999678,
    33.274966725000006,
    34.1556476625,
    34.335192937500004,
    35.4897372375,
    36.5545089,
    37.660189612500005,
    38.69541585,
    38.870415675000004,
    39.043142775,
    39.820414725000006,
    40.8965500125,
    41.9908671,
    42.503366587500004,
    42.6874573125
  ],
  "Bass Drum 1": [
    3.2465876625,
    4.336359300000001,
    5.443176375,
    6.570447975,
    7.652265075000001,
    8.7374912625,
    9.8056720125,
    10.910216362500002,
    11.9511244125,
    13.063623300000001,
    14.1999858,
    15.104530350000001,
    15.287484712500001,
    16.340892750000002,
    17.384073525,
    18.34089075,
    18.523845112500002,
    19.5988440375,
    20.71361565,
    21.7999782,
    22.893158925,
    23.9897487375,
    25.074974925000003,
    25.986337650000003,
    26.156792025,
    34.89541965,
    37.0670083875,
    43.5829109625
  ],
  "Crash Cymbal 1": [
    13.0783960125,
    17.4193007625,
    21.7852054875,
    26.177246550000003,
    34.898828737500004,
    43.6090473
  ],
  "High Tom": [
    17.211346425000002,
    42.879502575000004
  ],
  "Open Hi Hat": [
    25.973837662500003
  ],
  "Low-Mid Tom": [
    43.0488205875
  ],
  "High Floor Tom": [
    43.236320400000004,
    43.4124565875
  ],
  "Ride Cymbal 1": [
    43.605638212500004
  ]
}