{
  "Acoustic Snare": [
    0.0075430979166666665,
    0.13469817708333334,
    0.27370669583333335,
    0.38793075,
    0.5150858291666667,
    0.75323220625,
    0.79202528125,
    1.0193958041666666,
    1.047413025
  ],
  "Bass Drum 1": [
    0.7769390854166667,
    1.0237061458333334
  ]
}