{
  "Acoustic Snare": [
    0.0,
    0.0654296875,
    0.1796875,
    0.6640625,
    0.7744140625,
    0.9140625,
    1.408203125,
    1.5390625,
    1.65234375
  ],
  "Bass Drum 1": [
    0.3056640625,
    1.03125,
    1.740234375
  ],
  "High Tom": [
    0.4150390625,
    1.173828125
  ],
  "High Floor Tom": [
    1.162109375
  ]
}