{
  "Acoustic Snare": [
    2.1031747083333334
  ],
  "Ride Cymbal 1": [
    2.1031747083333334
  ],
  "High Tom": [
    2.6309525125,
    2.8789683979166667
  ],
  "Low-Mid Tom": [
    3.1150795208333335,
    3.3710319145833334
  ],
  "Bass Drum 1": [
    3.6170636729166668
  ]
}