{
  "Bass Drum 1": [
    0.051041666666666666,
    0.45625,
    1.0166666666666666,
    2.009375,
    2.402083333333333,
    2.7552083333333335,
    2.8052083333333333,
    3.2041666666666666,
    3.609375
  ],
  "Crash Cymbal 1": [
    0.06666666666666667,
    0.4302083333333333,
    0.7895833333333333,
    2.0239583333333333,
    2.386458333333333,
    2.7729166666666667,
    3.1947916666666667,
    3.6104166666666666
  ],
  "Acoustic Snare": [
    0.275,
    0.6635416666666667,
    0.7010416666666667,
    2.252083333333333,
    2.646875,
    3.0614583333333334,
    3.4791666666666665,
    3.8854166666666665
  ]
}