{
  "Low-Mid Tom": [
    0.0102272625,
    0.31590877500000003,
    0.4602268125,
    0.74999925,
    0.8886354750000001,
    2.8624971375,
    2.993178825,
    5.734085175000001,
    5.8806759375
  ],
  "High Floor Tom": [
    1.279544175,
    1.5613620750000001,
    3.272724,
    3.4045420500000003,
    3.6749963250000004,
    3.8090871,
    4.0965868125,
    6.0170394375,
    6.2988573375
  ],
  "High Tom": [
    2.211361425,
    2.4693157125000003,
    2.5920428625,
    5.471585437500001,
    5.6136307500000004
  ],
  "Bass Drum 1": [
    4.3579501875,
    6.56817525
  ],
  "Ride Cymbal 1": [
    4.363632,
    4.6329499125,
    6.5727207000000005,
    6.82272045
  ],
  "Acoustic Snare": [
    4.7738588625,
    5.0397676875,
    5.1943129875,
    6.970447575000001,
    7.242038212500001,
    7.357947187500001,
    7.671583237500001,
    7.815901275000001,
    7.948855687500001,
    8.076128287500001,
    8.156810025,
    8.247719025,
    8.3306734875,
    8.4329461125,
    8.510218762500001,
    8.6011277625,
    8.697718575000001
  ]
}