{
  "Acoustic Snare": [
    0.0,
    0.0234374875,
    1.5234366875,
    1.5580348833333333,
    1.6127223541666666,
    1.6462044791666668,
    1.6729901791666668
  ],
  "Closed Hi Hat": [
    0.05133925833333333,
    1.0178566
  ],
  "Bass Drum 1": [
    0.2566962916666667
  ],
  "High Tom": [
    0.7689728041666667,
    0.810267425
  ]
}