{
  "Acoustic Snare": [
    0.02262929375,
    0.14331886041666667,
    0.28340496458333336,
    0.38038765208333336,
    0.51400824375,
    0.7435339375000001,
    0.7575425479166666,
    1.01185270625,
    1.0398699270833334
  ],
  "Bass Drum 1": [
    0.7704735729166667,
    1.0290940729166667
  ],
  "Open Hi Hat": [
    1.80064523125
  ],
  "High Floor Tom": [
    1.8038779875000002
  ]
}