{
  "Acoustic Snare": [
    0.0107421875,
    0.12109375,
    0.2490234375,
    0.708984375,
    0.8271484375,
    0.9384765625,
    1.408203125,
    1.5283203125,
    1.640625
  ],
  "Bass Drum 1": [
    0.3662109375,
    1.056640625,
    1.7373046875
  ],
  "High Floor Tom": [
    0.4951171875,
    1.1923828125
  ],
  "High Tom": [
    1.19140625
  ]
}