{
  "Acoustic Snare": [
    0.11477261250000001,
    0.23636340000000003,
    0.35909055,
    0.5034085875000001,
    0.6590902500000001,
    0.788635575,
    0.9170445375,
    1.0477262250000001,
    1.2090897,
    1.324998675,
    1.4602258125,
    1.5761347875,
    1.729543725,
    1.852270875,
    1.9818162000000001,
    2.1124978875,
    2.3034067875,
    2.429543025,
    2.584088325,
    2.6999973,
    2.8772698500000002,
    2.9977242750000004,
    3.1454514000000002,
    3.2602240125,
    3.447723825,
    3.5397691875,
    3.6954508500000003,
    3.8011325625000003,
    3.9852232875,
    4.0829504625,
    4.2363594,
    4.3420411125000005,
    4.5363591,
    4.620449925,
    4.7806770375,
    4.8943132875,
    5.070449475,
    5.188631175,
    5.3329492125,
    5.44999455,
    5.605676212500001,
    5.734085175000001,
    5.8761304875,
    5.9965849125,
    6.14999385,
    6.279539175000001,
    6.42272085,
    6.556811625000001,
    6.6761296875000005,
    6.820447725,
    6.938629425,
    7.078402012500001,
    7.193174625,
    7.344310837500001,
    7.4647652625,
    7.601128762500001,
    7.7193104625
  ],
  "Bass Drum 1": [
    0.49431768750000005,
    1.0431807750000002,
    1.5670438875000001,
    2.102270625,
    2.6818155000000004,
    3.2465876625,
    3.7897689375000003,
    4.3318138500000005,
    4.8818133,
    5.4397672875000005,
    5.990903100000001,
    6.5499934500000005,
    8.696582212500001
  ],
  "High Tom": [
    7.8670375875000005,
    8.002264725
  ],
  "Low-Mid Tom": [
    8.13181005,
    8.447718825
  ],
  "Crash Cymbal 1": [
    8.696582212500001,
    8.706809475
  ]
}