{
  "Bass Drum 1": [
    2.3472223395833334,
    2.57738108125,
    2.8412699833333335,
    3.0734128520833335,
    3.323412864583333
  ],
  "Acoustic Snare": [
    2.3591271020833333,
    2.5912699708333333,
    2.8353176020833333,
    3.0753969791666664,
    3.31547635625
  ],
  "Open Hi Hat": [
    2.36309535625,
    2.6031747333333333,
    2.847222364583333,
    3.0793652333333332,
    3.323412864583333
  ]
}