{
  "Crash Cymbal 1": [
    0.004166666666666667,
    0.5364583333333334,
    1.0270833333333333,
    1.51875,
    2.0458333333333334,
    2.544791666666667,
    3.025,
    3.3406249999999997,
    3.5864583333333333
  ],
  "Bass Drum 1": [
    0.00625,
    0.5104166666666666,
    0.5645833333333333,
    1.025,
    1.521875,
    2.046875,
    2.558333333333333,
    3.059375,
    3.5385416666666667,
    3.5770833333333334
  ],
  "Acoustic Snare": [
    0.36354166666666665,
    0.8604166666666666,
    1.3625,
    1.8802083333333333,
    2.3666666666666667,
    2.845833333333333,
    3.201041666666667,
    3.482291666666667,
    3.955208333333333
  ]
}