{
  "Closed Hi Hat": [
    0.0
  ],
  "Acoustic Snare": [
    0.0075430979166666665,
    0.13038783541666668,
    0.25754291458333334,
    0.3620687,
    0.49892204791666667,
    0.74676669375,
    0.7672408166666667,
    0.9999992666666667,
    1.0258613166666668
  ],
  "Bass Drum 1": [
    0.75969771875,
    1.02478373125,
    1.80711074375
  ],
  "Open Hi Hat": [
    1.8017228166666668
  ],
  "High Floor Tom": [
    1.8049555729166666
  ]
}