{
  "Acoustic Snare": [
    0.0,
    0.2470703125,
    0.4873046875,
    0.7119140625,
    0.95703125,
    1.1748046875,
    1.4267578125,
    1.5380859375,
    1.64453125,
    1.76171875
  ],
  "High Floor Tom": [
    0.0009765625,
    0.2509765625,
    0.4814453125,
    0.712890625,
    0.947265625,
    1.1767578125
  ],
  "Bass Drum 1": [
    0.00390625,
    0.232421875,
    0.451171875,
    0.6962890625,
    0.9091796875,
    1.162109375
  ]
}