{
  "Acoustic Snare": [
    0.0,
    0.13977258750000002,
    0.2818179,
    0.424999575,
    0.5568176250000001,
    0.7306810875,
    0.852271875,
    1.0011353625000001,
    1.1147716125,
    1.274998725,
    1.3943167875000002,
    1.529543925,
    1.6579528875,
    1.8056800125,
    1.9249980750000002,
    2.0534070375,
    2.1999978000000002,
    2.3374976625,
    2.4738611625,
    2.6204519250000002,
    2.7499972500000003,
    2.9409061500000004,
    3.0318151500000003,
    3.16817865,
    3.2977239750000003,
    3.4352238375,
    3.5784055125000003,
    3.6806781375,
    3.8295416250000005,
    3.9818142000000005,
    4.1079504375,
    4.251132112500001,
    4.381813800000001,
    4.547722725000001,
    4.6602226125,
    4.802267925000001,
    4.930676887500001,
    5.0772676500000005,
    5.2011311625,
    5.328403762500001,
    5.461358175000001,
    5.612494387500001,
    5.7443124375000005,
    5.8727214000000005,
    6.0124939875,
    6.148857487500001,
    6.282948262500001,
    6.401129962500001,
    6.5499934500000005,
    6.687493312500001,
    6.8147659125,
    6.939765787500001,
    7.0920383625,
    7.217038237500001,
    7.364765362500001,
    7.47726525,
    7.6352196375000005,
    7.752264975000001,
    7.8999921,
    8.021582887500001,
    8.161355475,
    8.3056735125
  ],
  "Bass Drum 1": [
    0.0056818125,
    0.5511358125,
    1.0988625375,
    1.6556801625000002,
    2.2022705250000003,
    2.7363609,
    3.2784058125000004,
    3.8193143625,
    4.374995625,
    4.9159041750000005,
    5.4602218125,
    5.995448550000001,
    6.546584362500001,
    7.085220187500001
  ],
  "Closed Hi Hat": [
    7.078402012500001,
    7.347719925000001
  ],
  "High Tom": [
    8.429537025,
    8.564764162500001
  ],
  "Crash Cymbal 1": [
    8.70453675,
    8.711354925
  ]
}