{
  "Closed Hi Hat": [
    0.43518475,
    0.86111025,
    2.2037014999999998,
    2.632404775,
    3.05740435,
    3.4759224499999997,
    3.950921975,
    4.39444005,
    4.841661825,
    5.29443915,
    5.745364625,
    6.174993825,
    6.6222156,
    7.056474424999999,
    7.512029525,
    7.941658725,
    8.37962125,
    8.812028224999999,
    9.2740648,
    9.72036065,
    10.176841675,
    10.621285675,
    11.069433375,
    11.521284775,
    11.953691749999999,
    12.380543175,
    12.850913075,
    13.315727425,
    13.760171425,
    14.1962821,
    14.634244625,
    15.086096025,
    15.547206675,
    16.387946575,
    16.83146465,
    17.282390125,
    17.7185008,
    18.16850035,
    18.640722099999998,
    19.082388325,
    19.5147953,
    19.9444245,
    20.379609249999998,
    20.827756949999998,
    21.280534275,
    21.736089375,
    22.185163,
    22.6184959,
    23.073125075,
    23.517569075,
    23.94997605,
    24.3740497,
    24.8555307,
    25.31293765,
    25.771270525,
    26.19071455,
    26.616640049999997,
    27.078676625,
    27.510157675,
    27.969416475,
    28.39811975,
    28.84626745,
    29.2851559,
    29.7221925
  ],
  "Acoustic Snare": [
    0.891665775,
    0.99444345,
    2.2055533499999997,
    2.84999715,
    3.091663575,
    3.517589075,
    3.9611071499999997,
    4.8555507,
    5.7555498,
    6.37221585,
    6.630548924999999,
    7.284251975,
    7.52777025,
    7.895362475,
    8.07962155,
    8.1999918,
    8.304621325,
    8.4148064,
    8.52036185,
    8.630546924999999,
    8.730546825,
    9.289805525,
    10.187952775,
    10.654618975,
    11.093507425,
    11.968506549999999,
    12.289802524999999,
    12.862950099999999,
    13.7703566,
    14.89442955,
    15.126836724999999,
    15.443503074999999,
    15.655539899999999,
    16.404613225,
    17.3073901,
    17.74998225,
    18.21294475,
    19.084240174999998,
    19.975905949999998,
    20.632386775,
    20.87960875,
    21.280534275,
    21.519422925,
    22.192570399999997,
    22.531458949999998,
    22.658310675,
    22.765717974999998,
    22.880532674999998,
    22.98701405,
    23.536087575,
    23.978679725,
    24.4110867,
    24.869419575,
    25.33515985,
    26.206455275,
    27.10182475,
    27.967564624999998,
    28.645341724999998,
    28.8851563,
    29.3147855,
    29.53515565,
    29.763859125
  ],
  "High Tom": [
    1.1027766749999999,
    1.21296175,
    14.43887445
  ],
  "Low-Mid Tom": [
    1.32407275,
    1.413887475,
    15.332392075,
    15.558317774999999,
    28.649045425,
    28.8777489,
    29.0962672
  ],
  "High Floor Tom": [
    1.5370355,
    1.6407391,
    15.756465725,
    29.31663735,
    29.541637124999998,
    29.766636899999998
  ],
  "Ride Cymbal 1": [
    1.762035275,
    1.9777757999999999,
    2.221294075,
    2.4296272,
    2.6657380749999997,
    2.87592305,
    3.104626525,
    3.31295965,
    3.5259224,
    3.728699975,
    3.965736775,
    4.1703662,
    4.617587975,
    4.867587725,
    5.086106024999999,
    5.321290975,
    5.5296240999999995,
    5.769438675,
    5.9731421749999996,
    6.2074012,
    6.421289874999999,
    6.639808175,
    6.8499931499999995,
    7.07962255,
    7.3074001,
    7.530548025,
    7.749066324999999,
    7.987954975,
    9.312027725,
    9.523138625,
    9.750916175,
    9.973138174999999,
    10.20184165,
    10.424063649999999,
    11.53146995,
    11.740729,
    11.978691725,
    12.192580399999999,
    12.410172775,
    12.63887625,
    12.870357499999999,
    13.08332025,
    13.330542225,
    13.549986449999999,
    13.779615849999999,
    13.996282299999999,
    14.239800575,
    14.454615174999999,
    14.669429775,
    14.8962814,
    15.130540425,
    16.137946825,
    16.410168775,
    16.6259093,
    16.86479795,
    17.082390325,
    17.3185012,
    17.529612099999998,
    18.64998135,
    18.871277425,
    19.0962772,
    19.303684399999998,
    19.536091575,
    19.7481284,
    19.98331335,
    20.1962761,
    20.4259055,
    20.64257195,
    20.874979125,
    21.089793725,
    21.315719424999997,
    21.525904399999998,
    21.752756025,
    21.9851632,
    22.20182965,
    22.421273875,
    24.1777536,
    25.77590015,
    25.995344375,
    26.219418225,
    26.436084675,
    26.665714075,
    26.8740472,
    27.110158074999998,
    27.320343049999998,
    27.5370095,
    27.7518241,
    27.977749799999998,
    28.187008849999998,
    28.419416025
  ],
  "Bass Drum 1": [
    1.778701925,
    2.0037017,
    2.4333309,
    2.8555527,
    3.27962635,
    4.4296252,
    4.650921275,
    5.080550475,
    5.3203650499999995,
    5.540735199999999,
    5.9842532749999995,
    6.419438025,
    6.8462894499999996,
    7.088881799999999,
    7.743510775,
    7.987029049999999,
    8.201843649999999,
    8.441658225,
    8.6407321,
    8.8481393,
    9.086102024999999,
    9.518509,
    9.9851752,
    10.41295255,
    10.66850785,
    11.096285199999999,
    11.5296181,
    11.737025299999999,
    12.182395224999999,
    12.41295055,
    12.645357725,
    13.0925795,
    13.549060525,
    13.98702305,
    14.2185043,
    14.43517075,
    14.667577925,
    14.8962814,
    15.11665155,
    15.324058749999999,
    15.5740585,
    15.773132375,
    15.974058099999999,
    16.1370209,
    16.623131524999998,
    17.09813105,
    17.52405655,
    17.74627855,
    18.200907725,
    18.645351724999998,
    18.8629441,
    19.280536275,
    19.518499,
    19.747202474999998,
    20.1814613,
    20.6073868,
    20.84627545,
    21.07590485,
    21.3147935,
    21.740719,
    21.9666447,
    22.38331095,
    22.651829199999998,
    22.8777549,
    23.10923615,
    23.324050749999998,
    23.754605875,
    24.178679525,
    24.600901325,
    24.882382525,
    25.32034505,
    25.7666409,
    25.987936975,
    26.412936549999998,
    26.8777509,
    27.3110838,
    27.760157425,
    28.193490325,
    28.428675275,
    28.634230625,
    28.865711875,
    29.087933874999997,
    29.313859575,
    29.518489,
    29.7740443,
    29.980525574999998,
    30.22774755
  ],
  "Crash Cymbal 1": [
    4.422217799999999,
    8.852768925,
    10.660174525,
    11.091655574999999,
    15.966650699999999,
    17.759241499999998,
    18.2147966,
    22.48331085,
    23.099976899999998,
    23.760161425,
    24.421271875,
    24.8703455,
    25.33886355,
    30.215710525
  ]
}