{
  "Acoustic Snare": [
    0.3520833333333333,
    0.875,
    1.36875,
    1.884375
  ],
  "Crash Cymbal 1": [
    0.5114583333333333,
    1.0395833333333333,
    1.5364583333333333
  ],
  "Bass Drum 1": [
    0.5239583333333333,
    1.0239583333333333,
    1.5270833333333333
  ]
}