{
  "Acoustic Snare": [
    0.0,
    0.220703125,
    0.4580078125,
    0.7060546875,
    0.943359375,
    1.181640625,
    1.4267578125,
    1.5419921875,
    1.650390625,
    1.7607421875
  ],
  "Bass Drum 1": [
    0.193359375,
    0.451171875,
    0.67578125,
    0.923828125,
    1.14453125
  ],
  "High Floor Tom": [
    0.2275390625,
    0.4716796875,
    0.708984375,
    0.9443359375,
    1.17578125
  ]
}