{
  "Closed Hi Hat": [
    0.43333289999999997
  ],
  "Acoustic Snare": [
    0.89814725,
    1.013887875,
    1.5231466249999999,
    1.62036875,
    1.728701975
  ],
  "High Tom": [
    1.1148137,
    1.223146925,
    1.8435166749999998
  ],
  "Bass Drum 1": [
    1.3462949499999999,
    1.432405975,
    2.669441775
  ],
  "Low-Mid Tom": [
    1.95740545,
    2.067590525
  ],
  "High Floor Tom": [
    2.1731459749999997,
    2.293516225,
    2.4037013
  ]
}