{
  "Bass Drum 1": [
    0.0,
    0.8352264375,
    1.08636255,
    2.4443157375,
    2.97726975,
    3.2431785750000004,
    4.338632025000001,
    5.15908575,
    5.4284036625
  ],
  "Crash Cymbal 1": [
    0.0,
    0.0079545375
  ],
  "Ride Cymbal 1": [
    0.270454275,
    0.5477267250000001,
    0.8193173625000001,
    1.0874989125,
    1.361362275,
    1.629543825,
    1.9090890000000003,
    2.1829523625,
    2.4534066375,
    2.7136336500000002,
    2.9749970250000004,
    3.2443149375000004,
    3.5363601000000005,
    3.8124961875000003,
    4.102268625000001,
    4.352268375,
    4.6352226375,
    4.9011314625,
    5.164767562500001,
    5.431812750000001,
    5.718176100000001,
    5.987494012500001,
    6.260221012500001,
    6.536357100000001,
    6.797720475,
    7.070447475000001,
    7.3363563
  ],
  "Acoustic Snare": [
    0.5499994500000001,
    1.6306801875,
    2.7261336375000003,
    3.8147689125000004,
    4.8965860125,
    5.9886303750000005,
    6.809084100000001,
    7.070447475000001,
    7.327265400000001,
    7.5852196875,
    7.722719550000001,
    7.855673962500001,
    7.9954465500000005,
    8.146582762500001,
    8.420446125,
    8.565900525
  ]
}