{
  "Closed Hi Hat": [
    0.0,
    0.22879452083333335,
    0.535714,
    0.7868299375000001,
    1.0747762125,
    1.3415171416666667,
    1.613838425,
    2.1283470791666668,
    2.4006683625000003,
    2.6808021416666667,
    2.9352662916666667,
    3.2075875750000002,
    3.4787927875,
    4.267854866666667,
    4.5200868750000005,
    4.830354566666667,
    5.078122291666666,
    5.352675716666667,
    5.604907725,
    5.8828093625,
    6.4118269375,
    6.6796839375,
    6.959817716666667,
    7.216514008333333,
    7.493299575,
    7.7734333541666665,
    8.545754370833334,
    8.806914945833334,
    9.108254070833334,
    9.3448610875,
    9.642852,
    9.890619725,
    10.175217787500001,
    10.695306795833334,
    10.970976291666666,
    11.254458283333333,
    11.737716954166666,
    11.7823597875
  ],
  "Bass Drum 1": [
    0.0,
    1.3337046458333335,
    2.3883915833333336,
    3.4620517250000002,
    4.252229875,
    5.604907725,
    6.667407158333334,
    7.75446015,
    8.539057945833333,
    9.9073607875,
    10.970976291666666
  ],
  "Acoustic Snare": [
    0.5245532916666666,
    0.9687494833333333,
    1.0770083541666666,
    1.8604900791666668,
    2.2578112958333336,
    2.6685253625,
    3.0848197833333333,
    3.3482125000000003,
    3.6283462791666667,
    3.7421855041666667,
    3.8872747125,
    4.016738929166666,
    4.130578154166667,
    4.815845645833334,
    5.2466489875,
    5.356023929166667,
    6.135041370833333,
    6.5256661625,
    6.945308795833333,
    7.371647854166667,
    7.6350405708333335,
    7.9017815,
    8.023433220833333,
    8.160709933333333,
    8.291290220833334,
    8.402897304166666,
    9.094861220833334,
    9.529012775,
    9.642852,
    10.434146220833334,
    10.814726375000001,
    11.235485079166667,
    11.649547358333333,
    11.924100783333333,
    12.051332858333334,
    12.131689958333334,
    12.183029216666666,
    12.225439908333334,
    12.2711988125,
    12.315841645833334,
    12.450886216666667,
    12.5725379375
  ],
  "Open Hi Hat": [
    11.517851
  ]
}