{
  "Acoustic Snare": [
    1.0819870833333334,
    1.1115569166666668,
    8.783584583333333,
    9.192185916666666,
    9.389766166666668,
    10.061807833333335,
    13.090027583333335,
    13.287607833333334,
    13.724434916666668,
    14.3951325,
    15.223087833333334,
    16.936794083333336,
    18.196200166666667,
    18.396468583333334,
    19.80506791666667,
    20.838668000000002,
    21.073882583333333,
    21.42334425,
    21.68140825,
    22.065816083333335,
    22.268772666666667,
    22.71635241666667,
    24.291618083333336,
    26.870914000000003,
    27.318493750000002,
    27.497256833333335,
    27.927363500000002,
    28.130320083333334,
    30.733809500000003,
    34.6047695,
    35.02009125,
    35.451542,
    36.59266875,
    38.903148,
    39.10207233333333,
    39.517394083333336,
    40.81174633333334,
    41.662551083333334,
    42.106098583333335,
    42.532173,
    42.73512958333333,
    43.18405341666667,
    43.38969816666667,
    44.951523,
    48.17597891666667,
    48.806354000000006,
    48.860117333333335,
    48.89371941666667,
    48.93000966666667,
    48.97839666666667,
    50.093985833333335,
    51.432692833333334,
    52.67462583333334,
    53.33725891666667,
    53.49048441666667,
    53.952849083333334,
    54.626234833333335,
    54.67462183333333,
    54.70553575,
    54.72435291666667,
    55.27139483333334,
    55.964941833333334,
    56.598005083333334,
    57.020047250000005,
    57.42461633333334,
    57.856067083333336,
    58.26332433333334,
    58.67999016666667,
    59.112785,
    59.79423525000001,
    60.44745975,
    62.136972500000006,
    63.88562491666667,
    64.98777325,
    65.02809575,
    65.06169783333334,
    65.10202033333334,
    65.58320216666667,
    67.28481166666667,
    70.74851441666667,
    72.04689891666668,
    73.35603608333334,
    74.61813033333334,
    75.91382666666667,
    77.20817891666667,
    78.49849891666668,
    78.90441208333334,
    79.13021808333333,
    79.49312058333334,
    79.75924908333334,
    81.10333241666667,
    82.36945891666667,
    83.65709075000001,
    84.9595075,
    86.23235441666667,
    87.48504008333335,
    90.06836825
  ],
  "Closed Hi Hat": [
    1.3051049166666668,
    3.2405849166666667,
    4.4919265,
    5.792999166666667,
    7.075254666666667,
    8.361542416666667,
    9.602131333333334,
    10.994601666666668,
    12.216373416666668,
    13.483844000000001,
    14.779540333333335,
    16.029537833333336,
    17.323890083333335,
    18.610177833333335,
    19.993239583333335,
    21.243237083333334,
    21.860171333333334,
    22.49457866666667,
    23.84269425,
    25.124949750000003,
    26.416613833333336,
    27.03623625,
    27.727095083333335,
    29.0080065,
    30.30504691666667,
    31.571173416666667,
    32.853428916666665,
    35.23245641666667,
    36.80100166666667,
    38.013364833333334,
    39.290244,
    40.57518766666667,
    42.32115191666667,
    42.95421516666667,
    44.51335183333334,
    45.76200525,
    47.06845425,
    48.31845175,
    49.64371791666667,
    50.98645716666667,
    52.22032566666667,
    53.51602200000001,
    54.790213,
    56.13967266666667,
    57.403111,
    58.6692375,
    59.9918155,
    61.25122158333334,
    61.84261825,
    62.57379958333334,
    63.87084,
    65.1369665,
    66.37621133333333,
    66.98104883333333,
    67.70013341666667,
    68.97432441666668,
    70.28883791666667,
    71.61544816666667,
    72.88291875,
    74.17592691666667,
    75.44474158333334,
    76.75119058333334,
    78.048231,
    79.322422,
    80.64500000000001,
    81.93263183333333,
    83.17456483333333,
    84.51058366666668,
    85.78611875,
    87.05896566666667,
    88.35600608333334,
    89.66783141666667
  ],
  "High Tom": [
    1.6733837500000002,
    15.654538583333334,
    16.51475191666667,
    17.764749416666668,
    31.147787166666667,
    40.1531455,
    63.00928258333334,
    67.94610066666667,
    87.89364141666667,
    89.21890758333333
  ],
  "High Floor Tom": [
    1.8844048333333334,
    7.2903080000000005,
    16.126311833333336,
    21.02818375,
    21.641085750000002,
    31.58327016666667,
    40.58594033333333,
    42.53486116666667,
    43.18002116666667,
    68.58050800000001,
    79.09661600000001,
    79.71892658333334,
    89.65707875000001
  ],
  "Bass Drum 1": [
    2.3239200833333333,
    2.5403175,
    7.489232333333334,
    7.702941583333334,
    13.901853916666667,
    14.590024583333335,
    15.883032750000002,
    16.32120391666667,
    16.710988083333334,
    17.128998,
    19.05238125,
    22.920653083333335,
    23.146459083333333,
    25.795647333333335,
    28.339997083333333,
    32.001280083333334,
    32.42063408333333,
    32.87224608333334,
    33.291600083333336,
    35.903154,
    39.72035066666667,
    40.34266125,
    41.002606166666666,
    43.61953641666667,
    43.835933833333335,
    49.00527833333334,
    49.65850283333334,
    50.30097466666667,
    50.983769,
    51.59935916666667,
    52.23779875,
    52.860109333333334,
    53.51602200000001,
    54.12354766666667,
    54.81709466666667,
    55.467631000000004,
    56.11951141666667,
    56.79155308333333,
    57.42999266666667,
    58.029453833333335,
    58.681334250000006,
    59.28482766666667,
    60.003912250000006,
    60.63966366666667,
    61.274071000000006,
    61.89638158333334,
    62.57111141666667,
    63.467615,
    64.31035525,
    65.13562241666666,
    65.77271791666666,
    66.40712525,
    67.50927358333334,
    68.177283,
    68.79018500000001,
    69.39636658333333,
    69.645022,
    70.29690241666667,
    70.96625591666667,
    71.59797508333334,
    72.22297383333334,
    72.89232733333334,
    73.54555183333333,
    74.18399141666667,
    74.79286116666667,
    75.45818241666667,
    76.11543916666668,
    76.76866366666667,
    77.41651183333333,
    78.04151058333333,
    78.68667058333334,
    79.34123916666667,
    79.983711,
    80.65440858333334,
    81.30091266666668,
    81.92994366666667,
    82.5724155,
    83.20547875000001,
    83.83450975000001,
    84.49714283333334,
    85.15574366666667,
    85.79149508333334,
    86.43262283333334,
    87.06165383333334,
    88.3465975,
    88.78342458333334
  ],