{
  "Bass Drum 1": [
    0.0,
    0.4580078125,
    0.58203125
  ],
  "Open Hi Hat": [
    0.0048828125,
    0.2333984375,
    0.458984375,
    0.677734375
  ],
  "Acoustic Snare": [
    0.2294921875,
    0.669921875,
    1.0419921875,
    1.1494140625,
    1.265625
  ],
  "High Tom": [
    1.3828125,
    1.4853515625,
    1.60546875,
    1.72265625
  ]
}