{
  "Bass Drum 1": [
    0.0,
    0.22499977499999999,
    0.6481475,
    0.8861102249999999,
    1.5518503,
    2.4453679249999998,
    2.8731452749999997,
    3.3259225999999997
  ],
  "High Floor Tom": [
    0.0,
    0.217592375,
    0.652777125,
    1.086110025,
    1.326850525,
    1.763887125,
    1.993516525,
    2.2148126,
    3.115737625
  ],
  "Closed Hi Hat": [
    0.417592175,
    1.3157394249999999,
    2.221294075,
    2.484256775
  ],
  "Acoustic Snare": [
    0.44166622499999997,
    1.32036905,
    1.5444429,
    1.9833313499999998,
    2.210182975,
    3.1092561499999998
  ],
  "High Tom": [
    0.8703695,
    2.66481215
  ],
  "Low-Mid Tom": [
    2.666664
  ]
}