{
  "Ride Cymbal 1": [
    0.53181765,
    0.7920446625,
    1.070453475,
    1.343180475,
    1.5943165875,
    1.8602254125000002,
    2.1579523875,
    2.4170430375,
    2.6954518500000004,
    2.9465879625,
    3.2272695000000002,
    3.5136328500000005,
    3.7943143875000005,
    4.064768662500001,
    4.343177475,
    4.6443135375,
    4.8965860125,
    5.1715857375,
    5.444312737500001,
    5.9738576625,
    6.238630125,
    6.523857112500001
  ],
  "Acoustic Snare": [
    0.534090375,
    1.6022711250000001,
    2.4181794,
    3.7897689375000003,
    4.897722375000001,
    5.9738576625,
    6.9454476000000005,
    7.0897656375,
    7.201129162500001,
    7.337492662500001,
    7.460219812500001,
    7.596583312500001,
    7.7159013750000005,
    7.8624921375
  ],
  "Bass Drum 1": [
    0.8011355625000001,
    1.0670443875000002,
    2.943178875,
    3.2181786000000003,
    4.0715868375,
    4.3374956625,
    5.167040287500001,
    5.4284036625,
    8.143173675
  ],
  "Crash Cymbal 1": [
    8.154537300000001
  ]
}