{
  "Crash Cymbal 1": [
    0.0,
    0.48333333333333334,
    1.0166666666666666
  ],
  "Bass Drum 1": [
    0.0,
    0.5010416666666666,
    1.0229166666666667
  ],
  "Acoustic Snare": [
    0.3145833333333333,
    0.8468749999999999,
    1.6822916666666667,
    1.8479166666666667,
    2.0145833333333334,
    2.0833333333333335
  ],
  "High Tom": [
    2.325
  ],
  "Low-Mid Tom": [
    2.7041666666666666
  ],
  "High Floor Tom": [
    3.011458333333333,
    3.3562499999999997,
    3.752083333333333
  ]
}