{
  "Acoustic Snare": [
    0.529017575,
    0.9341512875,
    1.1729904458333333,
    1.5948652208333334,
    2.0122757125,
    2.700891416666667,
    3.102676916666667,
    3.3437482166666666,
    3.7544622833333334,
    4.152899570833333,
    4.827006354166667,
    5.2287918541666665,
    5.476559579166667,
    5.885041504166667,
    6.296871641666667,
    6.969862354166667,
    7.372763925,
    7.6339245,
    8.043522495833333,
    8.428566933333334,
    9.109370141666666,
    9.5189681375,
    9.76338765,
    10.178566,
    10.585931854166667,
    11.251110070833334,
    11.66517235,
    11.9229847125,
    12.332582708333334,
    12.723207500000001,
    13.378341079166667,
    13.785706933333334,
    14.036822870833333,
    14.4374923,
    14.867179570833335,
    15.520081008333333,
    15.916286154166666,
    16.169634233333333,
    16.430794808333335,
    16.5770000875,
    16.712044658333333,
    16.845973158333333,
    16.959812383333333,
    17.6517763,
    18.072535004166667,
    18.322534870833334,
    18.732132866666667,
    19.140614791666668,
    19.802444795833335,
    20.207578508333334,
    20.479899791666668,
    20.881685291666667,
    21.287935075,
    21.95646150416667,
    22.374988066666667,
    22.641728995833333,
    23.0524430625,
    23.446416066666668,
    24.087040725,
    24.478781587500002,
    24.737710020833333,
    24.997754525,
    25.130566954166667,
    25.27119187916667,
    25.399540025,
    25.5301203125,
    25.648423820833333,
    26.194182458333334,
    26.619405445833333,
    26.8894945875,
    27.328110425000002,
    27.7231995,
    28.392842,
    28.805788208333333,
    29.07476127916667,
    29.478778920833335,
    29.877216208333333,
    30.52788550416667,
    30.935251358333336,
    31.193063720833333,
    31.604893858333334,
    31.80690267916667,
    31.983241870833336,
    32.030116845833334,
    32.06806325416667,
    32.12721500833334,
    32.271188145833335,
    32.3872595125,
    32.51560765833334,
    32.6417236625,
    32.779000375,
    33.186366229166666
  ],
  "Closed Hi Hat": [
    0.5345979291666667,
    0.7979906458333333,
    1.0502226541666666,
    1.5803563,
    1.5982134333333333,
    1.874999,
    2.1462042125000003,
    2.6808021416666667,
    2.7042396291666666,
    2.9676323458333336,
    3.226560779166667,
    3.735489079166667,
    3.7600426375000002,
    4.025667495833334,
    4.2823637875000005,
    4.549104716666667,
    4.830354566666667,
    5.0926312125,
    5.350443575,
    5.871648654166667,
    5.8883897166666666,
    6.1506663625,
    6.427451929166667,
    6.697541070833333,
    6.969862354166667,
    7.231022929166667,
    7.4944156458333335,
    8.016736795833333,
    8.044638566666666,
    8.308031283333333,
    8.569191858333333,
    8.839281,
    9.116066566666667,
    9.377227141666667,
    9.62945915,
    10.167405291666666,
    10.177449929166666,
    10.438610504166666,
    10.712047858333333,
    10.981020929166666,
    11.261154708333335,
    11.522315283333334,
    11.786824070833333,
    12.323654141666667,
    12.333698779166667,
    12.589279000000001,
    12.851555645833333,
    13.112716220833335,
    13.388385716666667,
    13.6439659375,
    13.9017783,
    14.441956583333333,
    14.449769079166668,
    14.706465370833333,
    14.978786654166667,
    15.245527583333335,
    15.527893504166666,
    15.784589795833334,
    16.0412860875,
    16.561375095833334,
    17.664053079166667,
    17.93302615,
    18.193070654166668,
    18.728784654166667,
    19.006686291666668,
    19.280123645833335,
    19.545748504166667,
    19.814721575,
    20.0725339375,
    20.334810583333333,
    20.863828158333334,
    20.87945315,
    21.143961937500002,
    21.416283220833336,
    21.686372362500002,
    21.9676222125,
    22.244407779166668,
    22.504452283333332,
    23.036818070833334,
    23.060255558333335,
    23.3136036375,
    23.571416,
    23.832576575,
    24.102665716666667,
    24.350433441666667,
    24.59485295416667,
    25.109361608333334,
    26.212039591666667,
    26.47654837916667,
    26.736592883333334,
    27.303556866666668,
    27.328110425000002,
    27.587038858333333,
    27.850431575,
    28.117172504166668,
    28.4028866375,
    28.658466858333334,
    28.924091716666666,
    29.456457504166668,
    29.4877074875,
    29.736591283333333,
    30.00221614166667,
    30.265608858333334,
    30.545742637500002,
    30.800206787500002,
    31.05801915,
    31.578108158333336,
    31.61270635416667,
    31.86717050416667
  ],
  "Bass Drum 1": [
    1.3002225208333333,
    2.1450881416666667,
    2.4062487166666666,
    3.4732124333333334,
    4.291292354166667,
    4.5457565041666665,
    5.590398804166667,
    6.4308001416666665,
    6.688612504166667,
    7.752228008333334,
    8.5546829375,
    8.821423866666667,
    9.881691158333334,
    10.688610370833334,
    10.959815583333334,
    12.042404291666667,
    12.837046725,
    13.101555512500001,
    14.149546025000001,
    14.968742016666667,
    15.245527583333335,
    16.290169883333334,
    17.083696245833334,
    18.43079374166667,
    19.260034370833335,
    19.53235565416667,
    20.575881883333334,
    21.410702866666668,
    21.686372362500002,
    22.752220008333335,
    23.551326725,
    23.824764079166666,
    24.8571296,
    25.661816670833336,
    27.0267713,
    27.829226229166668,
    28.109360008333333,
    29.185252291666668,
    29.991055433333333,
    30.257796362500002,
    31.3158315125,
    32.886143175,
    33.03904487916667
  ],
  "Open Hi Hat": [
    1.29910645,
    2.410713,
    3.474328504166667,
    5.5970952291666665,
    7.746647654166667,
    9.872762591666667,
    12.041288220833334,
    14.158474591666668,
    16.295750237500002,
    18.449766945833336,
    18.734365008333334,
    20.585926520833333,
    22.7578003625,
    24.858245670833334,
    27.01337845,
    29.187484433333335,
    31.319179725
  ],
  "Crash Cymbal 1": [
    17.0892766,
    33.1874823
  ],
  "Ride Cymbal 1": [
    25.64730775
  ]
}