{
  "Closed Hi Hat": [
    0.0,
    0.2265625,
    0.4736328125,
    0.6904296875,
    0.9345703125
  ],
  "Acoustic Snare": [
    0.220703125,
    0.6796875,
    1.0341796875,
    1.1494140625,
    1.26171875
  ],
  "Bass Drum 1": [
    0.45703125,
    0.583984375,
    0.93359375
  ],
  "High Tom": [
    1.384765625,
    1.4951171875
  ],
  "High Floor Tom": [
    1.61328125,
    1.71875
  ]
}