{
  "High Floor Tom": [
    0.1888887,
    0.64999935,
    1.09444335,
    1.32407275,
    1.7814797,
    2.2370348,
    2.68333065,
    3.121293175,
    3.5777742,
    3.7888851,
    4.015736725,
    4.4361066749999996,
    4.8851803,
    5.341661325,
    5.7888831,
    6.217586375,
    6.659252599999999,
    7.09814105,
    7.319437124999999,
    7.75369595,
    8.193510325,
    8.426843425,
    8.884250374999999,
    9.089805725,
    9.350916575,
    9.777768,
    10.2259157,
    10.669433775,
    11.1222111,
    11.34258125,
    11.562025475,
    12.012025025,
    12.48332085,
    12.7073947,
    12.9296167,
    13.147209075,
    13.367579225
  ],
  "Bass Drum 1": [
    0.20185165,
    0.663888225,
    0.908332425,
    1.147221075,
    1.54629475,
    1.993516525,
    2.441664225,
    2.686108425,
    3.339811475,
    3.558329775,
    4.210180975,
    4.674995325,
    5.0962912,
    5.331476149999999,
    5.982401425,
    6.391660275,
    6.8574005499999995,
    7.0916595749999995,
    7.750918175,
    8.65369505,
    8.88888,
    9.537953425,
    9.767582825,
    10.4296192,
    10.652767125,
    10.780544775,
    11.317581275,
    11.56109955,
    11.759247499999999,
    12.227765549999999,
    12.4555431,
    12.945357425,
    13.16109795,
    13.399060675,
    14.241652425
  ],
  "Closed Hi Hat": [
    0.42036995,
    1.3120357249999999,
    2.2074051999999997,
    3.0888858,
    3.9444405,
    4.85740255,
    5.7296239,
    6.623141524999999,
    7.496288799999999,
    8.408324925,
    9.30184255,
    10.19073055,
    11.07221115,
    12.010173175,
    13.3814681
  ],
  "Acoustic Snare": [
    0.43148105,
    1.3111097999999999,
    2.234257025,
    2.444442,
    3.126848725,
    4.0074034,
    4.2018476499999995,
    4.887958075,
    5.0851801,
    5.777772,
    6.6481414999999995,
    7.5444369,
    8.417584175,
    8.650917275,
    9.34999065,
    9.52776825,
    10.229619399999999,
    10.4259155,
    11.786099325,
    12.017580575,
    12.687950275,
    13.360171825,
    13.562023475,
    13.689801124999999,
    13.787949175,
    13.904615725,
    14.008319324999999
  ],
  "High Tom": [
    0.8629621,
    1.578702125,
    2.906478575,
    4.654624975,
    5.510179675,
    6.038882849999999,
    7.989806825,
    9.99443445,
    10.889803924999999
  ],
  "Low-Mid Tom": [
    11.33147015
  ],
  "Crash Cymbal 1": [
    14.217578374999999
  ]
}