{
  "Bass Drum 1": [
    0.0,
    0.50625,
    1.0333333333333332,
    1.5364583333333333,
    2.0395833333333333
  ],
  "Crash Cymbal 1": [
    0.0,
    0.49374999999999997,
    1.0197916666666667,
    1.5239583333333333,
    2.0395833333333333
  ],
  "Acoustic Snare": [
    0.32395833333333335,
    0.85625,
    1.3520833333333333,
    1.8666666666666667,
    2.3375,
    2.701041666666667,
    2.8520833333333333,
    3.0072916666666667,
    3.1458333333333335
  ],
  "High Tom": [
    3.3125
  ],
  "Low-Mid Tom": [
    3.466666666666667
  ],
  "High Floor Tom": [
    3.8020833333333335
  ]
}