{
  "High Floor Tom": [
    0.0,
    0.15353262916666668,
    0.47826093333333336,
    0.8179348916666667,
    1.149456675,
    1.5027175916666666,
    1.6399458708333334,
    1.9673915666666668,
    2.293478566666667,
    5.858696433333334,
    7.154892258333334,
    8.4456533,
    8.763588125,
    9.756794779166666,
    11.047555820833333,
    11.358697166666667,
    13.616849641666667,
    14.910328075,
    15.243208554166667,
    16.25000216666667,
    18.881795995833333,
    20.169839645833335,
    20.819296254166666,
    20.9959267125,
    21.320655016666667,
    21.645383320833332,
    21.9782638,
    22.298916016666666,
    22.466035604166667,
    22.7812530375,
    23.116850908333333,
    23.279894408333334
  ],
  "Bass Drum 1": [
    0.0,
    0.19836959166666668,
    0.48097832500000004,
    0.8111414125,
    1.1372284125,
    1.5013588958333335,
    1.9619567833333333,
    2.2894024791666667,
    2.6032612166666667,
    2.650815570833333,
    3.2907613083333334,
    3.92934835,
    4.574728870833334,
    5.2377724375,
    5.870924695833334,
    6.487772604166667,
    7.176631391666667,
    7.812501041666667,
    8.442935908333334,
    8.777175083333333,
    9.112772954166667,
    9.770381737500001,
    10.408968779166667,
    11.047555820833333,
    11.375001516666668,
    11.703805908333333,
    12.335599470833333,
    12.979621295833335,
    13.635871383333333,
    14.273099729166667,
    14.915762858333334,
    15.243208554166667,
    15.569295554166667,
    16.2676652125,
    16.908969645833334,
    17.565219733333333,
    18.222828516666667,
    18.8804373,
    19.519024341666668,
    20.15081790416667,
    20.83152451666667,
    21.008154975,
    21.315220233333335,
    21.6399485375,
    21.967394233333334,
    22.31114427916667,
    22.4551660375,
    22.788046516666668,
    23.137231345833335,
    23.285329191666666
  ],
  "Acoustic Snare": [
    0.0054347833333333335,
    0.1671195875,
    0.48097832500000004,
    0.8301631541666666,
    1.1576088500000001,
    1.508152375,
    1.6453806541666667,
    1.9701089583333333,
    2.3016307416666666,
    2.9551634375,
    3.125000416666667,
    3.30978305,
    3.5910330875,
    3.6195657,
    3.9497287875000002,
    4.0366853208333335,
    4.1222831583333335,
    4.187500558333333,
    4.262228829166666,
    4.411685370833333,
    4.580163654166666,
    4.698370191666667,
    4.763587591666667,
    4.8423919500000006,
    4.902174566666667,
    5.047555020833333,
    5.372283325,
    5.5326094333333335,
    5.691576845833334,
    6.023098629166667,
    6.168479083333334,
    6.341033454166666,
    6.6521748,
    6.822011779166667,
    6.972827016666667,
    7.4714683875,
    7.635870583333333,
    8.1236423875,
    8.2785337125,
    8.764946820833334,
    8.929349016666666,
    9.430707779166667,
    9.5869578,
    10.0760883,
    10.228262233333334,
    10.735055779166666,
    10.877718841666667,
    11.354621079166668,
    11.5230993625,
    12.001360295833333,
    12.157610316666666,
    12.324729904166666,
    12.403534262500001,
    12.487773404166667,
    12.561142979166666,
    12.642664729166667,
    12.801632141666667,
    13.294838729166667,
    13.436143095833334,
    13.953806208333333,
    14.092393183333334,
    14.599186729166668,
    14.7432084875,
    15.2404911625,
    15.408969445833334,
    15.9130456,
    16.066578229166666,
    16.582882645833333,
    16.736415275,
    17.250002300000002,
    17.4089697125,
    17.56657842916667,
    17.649458875,
    17.72282845,
    17.796198025,
    17.883154558333334,
    18.051632841666667,
    18.552991604166667,
    18.7133177125,
    19.187502558333335,
    19.34375257916667,
    19.850546125,
    19.9769048375,
    20.485057079166666,
    20.638589708333335,
    20.830165820833333,
    20.997285408333333,
    21.327448495833334,
    21.653535495833335,
    21.986415975,
    22.3043508,
    22.466035604166667,
    22.7894052125,
    23.12228569166667,
    23.278535712500002
  ],
  "Low-Mid Tom": [
    2.6195655666666666,
    5.216033304166666
  ],
  "Closed Hi Hat": [
    3.9959244458333334,
    7.498642304166667,
    7.8301640875,
    8.0991858625,
    9.129077304166668,
    9.40760995,
    9.8192947875,
    10.097827433333334,
    10.399457908333334,
    10.690218816666667,
    11.698371125,
    11.991849425,
    12.388588608333334,
    12.711958216666668,
    13.0149473875,
    13.6671213875,
    14.2866866875,
    14.5801649875,
    15.593752079166666,
    16.317936958333334,
    16.929350083333333,
    17.915763258333335,
    19.5366873875,
    19.811143945833333,
    20.15489399166667
  ],
  "High Tom": [
    6.506794345833334,
    7.808424954166667,
    9.107338170833334,
    10.4021753,
    11.687501558333334,
    12.968751729166668,
    14.267664945833333,
    15.569295554166667,
    16.911687037500002,
    18.2160350375,
    19.509513470833333
  ]
}