{
  "Acoustic Snare": [
    2.4625,
    2.5854166666666667,
    2.69375,
    2.8,
    2.933333333333333
  ],
  "Low-Mid Tom": [
    3.18125
  ],
  "High Floor Tom": [
    3.45625
  ]
}