{
  "Bass Drum 1": [
    0.0232558,
    0.35465095,
    0.7325577,
    1.084301675,
    2.6279054,
    2.8154052875
  ],
  "High Floor Tom": [
    0.0276162625,
    0.374999775,
    0.7340111875,
    1.066859825,
    2.450579925
  ],
  "Acoustic Snare": [
    0.0363371875,
    0.3720928,
    0.7311042125,
    1.0712202875,
    1.287789925,
    1.3386619875,
    1.37790615,
    1.4302317,
    1.6061036875,
    1.938952325,
    2.1177312875
  ],
  "Closed Hi Hat": [
    1.409882875,
    2.0886615375
  ],
  "Low-Mid Tom": [
    1.7630803375
  ],
  "High Tom": [
    2.2892428125
  ],
  "Crash Cymbal 1": [
    2.6293588875,
    2.7892425125
  ]
}