{
  "Bass Drum 1": [
    0.01625,
    1.23125,
    1.51125,
    2.4250000000000003,
    2.71375,
    3.6125000000000003,
    3.9075,
    4.79125,
    5.0975,
    6.0125,
    6.29,
    7.1975,
    7.5075,
    8.40375,
    8.70125
  ],
  "Closed Hi Hat": [
    0.01625,
    0.17875,
    0.33375,
    0.4825,
    0.625,
    0.9325,
    1.09125,
    1.24,
    1.39625,
    1.5225,
    1.6725,
    1.8125,
    1.82,
    2.12,
    2.265,
    2.42875,
    2.58625,
    2.71875,
    2.875,
    3.02125,
    3.18,
    3.325,
    3.46875,
    3.61875,
    3.78375,
    3.91,
    4.05375,
    4.21,
    4.37375,
    4.66625,
    4.80875,
    4.9675,
    5.10125,
    5.25,
    5.4037500000000005,
    5.56125,
    5.71125,
    5.8812500000000005,
    6.01125,
    6.16375,
    6.3100000000000005,
    6.46,
    6.61125,
    6.7700000000000005,
    6.921250000000001,
    7.085,
    7.21375,
    7.37,
    7.5075,
    7.655,
    7.80375,
    8.120000000000001,
    8.2775,
    8.41125,
    8.57625,
    9.026250000000001,
    9.17875,
    9.338750000000001
  ],
  "Acoustic Snare": [
    0.61625,
    1.8175000000000001,
    3.01625,
    4.21,
    5.3975,
    6.60625,
    7.79875,
    9.01,
    9.56125
  ],
  "Open Hi Hat": [
    0.7887500000000001,
    1.97625,
    4.5175,
    7.965,
    8.71,
    9.0175,
    9.49
  ]
}