{
  "Closed Hi Hat": [
    0.018269172916666666
  ],
  "Acoustic Snare": [
    0.2942298375,
    0.6317287687500001,
    0.9451893145833333,
    1.1038426583333334,
    1.2615344666666666,
    1.4038417083333334,
    1.5480720208333334,
    1.9519168958333333,
    2.25864669375,
    2.5653764916666666,
    2.7653758583333334,
    3.1028747895833333,
    3.4028738395833336,
    3.61441163125,
    3.9019107208333335,
    4.204794377083333,
    4.403832208333333,
    4.698062045833334,
    5.020176410416667,
    5.2134450291666665,
    5.4172905375000004,
    5.513444079166667,
    6.131711352083333,
    6.589402210416667,
    6.759593979166667,
    7.255746254166667,
    7.8057445125000005,
    7.881705810416666,
    7.933628722916667,
    8.005743879166667,
    8.30478139375,
    8.7865106375,
    9.348047320833334,
    9.647084835416667,
    9.955737704166667,
    10.170160102083333,
    10.48554371875,
    10.801888870833334,
    11.006695914583334,
    11.323041066666667,
    11.6249631875,
    11.817270270833333,
    12.117269320833334,
    12.46438360625,
    12.65476761875
  ],
  "Bass Drum 1": [
    1.8634556375,
    2.1538393333333334,
    2.6384531833333336,
    2.97402904375,
    3.5086427354166667,
    3.821141745833333,
    4.302870989583333,
    4.610562322916667,
    5.1230607,
    7.542283808333333,
    7.6990140812500005,
    8.149974191666667,
    9.247086102083333,
    9.541315939583333,
    10.051891245833334,
    10.351890295833334,
    10.902850089583334,
    11.22977213125,
    11.727847477083333,
    12.035538810416666,
    12.552844864583333
  ],
  "Ride Cymbal 1": [
    2.0576857916666667,
    2.4749921625,
    2.8788370375,
    3.29710494375,
    3.7096036375,
    4.11056390625,
    4.50287035625,
    4.928830545833334,
    5.311521641666666,
    5.814404664583334,
    6.440364220833334,
    7.06440070625,
    7.4115149916666665,
    7.578822154166667,
    8.619203475,
    9.43843165,
    9.868237981250001,
    10.288428958333334,
    11.104772527083334,
    11.526886575,
    11.915346883333333,
    12.727844310416668
  ],
  "Open Hi Hat": [
    2.3644155895833334,
    3.191336047916667,
    4.016333435416667,
    4.82017704375,
    6.927862677083334,
    8.461511666666667,
    9.76150755,
    11.441309922916666
  ],
  "High Tom": [
    10.596120291666667,
    12.244191995833333
  ],
  "High Floor Tom": [
    10.686504620833334,
    12.358614710416667
  ]
}