{
  "Ride Cymbal 1": [
    0.0,
    0.375,
    0.734375,
    1.1171875,
    1.5078125,
    1.8796875000000002,
    2.275,
    2.6515625000000003,
    3.00625,
    3.3781250000000003,
    3.7578125,
    4.10625,
    4.4921875,
    4.8609375,
    5.229687500000001,
    5.6078125000000005,
    6.0046875,
    6.346875000000001,
    6.7265625,
    7.1109375,
    7.4859375,
    7.8656250000000005,
    8.25625,
    8.628125,
    9.003125,
    9.3859375,
    9.771875000000001,
    10.1359375,
    10.49375,
    10.859375,
    11.2453125,
    11.6265625,
    11.981250000000001,
    12.356250000000001,
    12.759375,
    13.129687500000001,
    13.515625,
    13.8984375,
    14.254687500000001,
    14.621875000000001,
    15.012500000000001,
    15.3703125,
    15.754687500000001,
    16.16875,
    16.5109375,
    16.884375000000002,
    17.267187500000002,
    17.6234375,
    17.984375,
    18.368750000000002,
    18.7234375,
    19.103125000000002,
    20.53125,
    20.9375,
    21.34375,
    21.75,
    22.1328125,
    22.5375,
    22.931250000000002,
    23.28125,
    23.65625,
    24.043750000000003,
    24.3984375,
    24.790625000000002,
    25.168750000000003,
    25.521875,
    25.896875,
    26.278125000000003,
    26.6125,
    26.989062500000003,
    27.3703125,
    27.7140625,
    28.1390625,
    28.5078125,
    29.212500000000002,
    29.587500000000002,
    29.9671875,
    30.353125000000002,
    30.846875,
    31.171875,
    31.5265625,
    31.868750000000002,
    32.2203125,
    32.609375,
    32.984375,
    33.353125,
    33.74375,
    34.0953125,
    34.4859375,
    34.8765625,
    35.260937500000004,
    35.6328125,
    36.026562500000004,
    36.4078125,
    36.759375,
    37.15,
    37.5296875,
    37.8734375,
    38.246875,
    38.60625,
    38.971875000000004,
    39.3640625,
    39.746875,
    40.095312500000006,
    40.475,
    40.8640625,
    41.246875,
    41.640625,
    42.017187500000006,
    42.3640625,
    42.7421875,
    43.1171875,
    43.487500000000004,
    43.8796875,
    44.251562500000006,
    44.60625,
    44.996875,
    45.360937500000006,
    45.7234375,
    46.120312500000004,
    46.490625,
    46.8640625,
    47.245312500000004,
    47.609375,
    47.98125,
    48.345312500000006,
    48.73125,
    49.1328125,
    49.5140625,
    49.893750000000004,
    50.2640625,
    50.615625,
    51.0078125
  ],
  "Acoustic Snare": [
    0.22031250000000002,
    0.7265625,
    1.3609375000000001,
    1.878125,
    2.5250000000000004,
    3.0046875,
    3.625,
    4.1109375,
    4.734375,
    5.2359375,
    5.85625,
    6.346875000000001,
    6.956250000000001,
    7.46875,
    8.1,
    8.6234375,
    9.7734375,
    10.356250000000001,
    10.8515625,
    11.4953125,
    11.981250000000001,
    12.6109375,
    13.125,
    13.7515625,
    14.24375,
    14.857812500000001,
    15.381250000000001,
    16.00625,
    16.493750000000002,
    17.1234375,
    17.6125,
    18.2171875,
    18.7140625,
    19.301562500000003,
    19.44375,
    19.665625000000002,
    19.806250000000002,
    20.028125000000003,
    20.4015625,
    20.94375,
    21.590625000000003,
    22.125,
    22.76875,
    23.262500000000003,
    23.890625,
    24.3984375,
    25.021875,
    25.501562500000002,
    26.128125,
    26.614062500000003,
    27.2265625,
    27.725,
    28.356250000000003,
    28.853125000000002,
    29.067187500000003,
    29.9609375,
    31.171875,
    32.175000000000004,
    33.346875000000004,
    34.484375,
    35.625,
    36.74375,
    37.8578125,
    38.96875,
    40.095312500000006,
    41.235937500000006,
    42.3515625,
    43.4921875,
    44.595312500000006,
    45.728125000000006,
    46.846875000000004,
    48.346875000000004,
    48.995312500000004,
    50.6171875,
    51.126562500000006,
    51.2546875,
    51.384375000000006,
    51.509375000000006,
    51.628125000000004
  ],
  "Bass Drum 1": [
    0.5875,
    1.1171875,
    1.7484375,
    2.275,
    2.88125,
    3.371875,
    3.9765625,
    4.5015625,
    5.11875,
    5.6078125000000005,
    6.214062500000001,
    6.6109375,
    6.729687500000001,
    7.339062500000001,
    7.8640625,
    8.4859375,
    8.8546875,
    8.971875,
    9.207812500000001,
    9.606250000000001,
    10.1125,
    10.7296875,
    11.128125,
    11.231250000000001,
    11.859375,
    11.959375000000001,
    12.2375,
    12.3765625,
    12.9953125,
    13.3703125,
    13.5109375,
    14.128125,
    14.490625000000001,
    14.645312500000001,
    15.231250000000001,
    15.615625000000001,
    15.759375,
    16.375,
    16.751562500000002,
    16.8890625,
    17.470312500000002,
    17.84375,
    17.9953125,
    18.5734375,
    18.971875,
    20.178125,
    20.8046875,
    21.209375,
    21.340625000000003,
    22.00625,
    22.395312500000003,
    22.532812500000002,
    23.1359375,
    23.5265625,
    23.653125000000003,
    24.2484375,
    24.6484375,
    24.767187500000002,
    25.379687500000003,
    25.7875,
    25.895312500000003,
    26.478125000000002,
    26.859375,
    26.978125000000002,
    27.55,
    27.962500000000002,
    28.1203125,
    28.704687500000002,
    29.196875000000002,
    29.439062500000002,
    29.828125,
    29.925,
    30.2265625,
    30.360937500000002,
    31.1046875,
    31.5578125,
    31.743750000000002,
    32.096875000000004,
    32.4734375,
    32.590625,
    32.8359375,
    33.221875000000004,
    33.745312500000004,
    33.946875,
    34.3484375,
    34.8765625,
    35.1109375,
    35.496875,
    35.8828125,
    35.9921875,
    36.271875,
    36.6453125,
    37.026562500000004,
    37.121875,
    37.3578125,
    37.740625,
    38.2625,
    38.4765625,
    38.84375,
    39.376562500000006,
    39.965625,
    40.459375,
    40.709375,
    41.0984375,
    41.503125000000004,
    41.6,
    41.884375000000006,
    42.253125000000004,
    42.75625,
    43.3640625,
    43.7421875,
    43.8875,
    44.089062500000004,
    44.465625,
    45.003125000000004,
    45.603125000000006,
    45.721875000000004,
    45.970312500000006,
    46.1078125,
    46.325,
    46.721875000000004,
    47.2484375,
    47.479687500000004,
    47.853125000000006,
    48.228125000000006,
    49.3953125,
    49.521875,
    49.73125,
    50.1171875,
    50.5078125,
    51.745312500000004
  ],
  "Crash Cymbal 1": [
    20.168750000000003,
    51.760937500000004
  ],
  "High Floor Tom": [
    28.840625000000003
  ]
}