{
  "Ride Cymbal 1": [
    0.00357143125,
    0.271428775,
    0.5726194770833334,
    0.8714292250000001,
    1.1690484958333334,
    1.4452391791666668,
    1.7154774770833334,
    2.0190491333333336,
    2.3071445875000003,
    2.5869067020833336,
    2.8642878625000003,
    3.16071665625,
    3.45714545,
    3.741669472916667,
    4.003574431250001,
    4.2928603625,
    4.5892891562500004,
    4.886908427083334,
    5.147622908333334,
    5.441670747916667,
    5.74286145,
    6.0297664270833335,
    6.316671404166667,
    6.603576381250001,
    6.882148018750001,
    7.166672041666667,
    7.433338908333334,
    7.710720068750001,
    9.101197302083333,
    9.37500703125,
    9.671435825000001,
    9.977388435416668,
    10.265483889583335,
    10.547626958333334,
    10.811912870833334,
    11.111913095833334,
    11.413103797916667,
    11.722627839583334,
    11.98929470625,
    12.300009225,
    12.585723725000001,
    12.865485839583334,
    13.134533660416668,
    13.434533885416668,
    13.714296000000001,
    14.011915270833335,
    14.291677385416667,
    14.590487133333335,
    14.888106404166667,
    15.177392335416668,
    15.441678247916668,
    15.895250016666667,
    16.344059877083335,
    16.7785840125,
    17.190489083333333,
    17.479775014583335,
    17.897632470833333,
    18.316680404166668,
    18.590490133333333,
    18.855966522916667,
    19.16072865625,
    19.442871725,
    19.720252885416667,
    19.982157843750002,
    20.292872362500002,
    20.582158293750002,
    20.870253747916667,
    21.152396816666666,
    21.44882561041667,
    21.7357305875,
    21.996445068750003,
    22.2643024125,
    22.559540729166667,
    22.847636183333336,
    23.428589000000002,
    23.728589225,
    24.0214465875,
    24.286922977083336,
    24.56311366041667,
    24.85597102291667,
    25.0285902
  ],
  "Bass Drum 1": [
    0.013095247916666667,
    0.44642890625000003,
    1.4309534541666669,
    1.5630964104166667,
    2.0095253166666667,
    2.2964302937500003,
    2.738097291666667,
    2.8214306875000004,
    3.8761933833333337,
    4.295241316666667,
    4.5892891562500004,
    5.020241860416667,
    5.098813347916667,
    6.038099766666667,
    6.582147793750001,
    6.882148018750001,
    7.302386429166667,
    7.871434475,
    9.122625889583334,
    10.670246097916667,
    11.107151187500001,
    11.416675229166668,
    13.00358118125,
    13.415486252083333,
    13.715486477083335,
    14.155962997916667,
    15.309535291666668,
    15.736916564583334,
    16.208345489583333,
    16.619060083333334,
    17.06786994375,
    18.31072801875,
    19.85596727291667,
    20.28930093125,
    20.43811056666667,
    22.126207070833335,
    22.561921683333335,
    22.700017025,
    24.028589450000002,
    24.427399272916666,
    24.847637683333335,
    24.99644731875
  ],
  "Acoustic Snare": [
    0.57500043125,
    1.7059536604166667,
    2.8619069083333337,
    3.6130979479166667,
    4.009526816666667,
    5.138099091666667,
    6.319052358333334,
    7.4226246145833334,
    7.977386935416667,
    8.132148956250001,
    9.673816779166668,
    10.81786525625,
    11.98929470625,
    12.729771452083334,
    13.13929556875,
    14.291677385416667,
    15.027392222916667,
    15.447630633333334,
    15.879773814583334,
    16.341678922916667,
    16.790488783333334,
    17.188108129166668,
    17.619060833333336,
    18.028584950000003,
    18.1785850625,
    18.853585568750002,
    19.986919752083335,
    21.144063477083336,
    22.2643024125,
    23.429779477083336,
    24.559542229166667
  ],
  "High Tom": [
    8.258339527083335,
    8.38929200625
  ],
  "Open Hi Hat": [
    8.271434775000001
  ],
  "Low-Mid Tom": [
    8.530958779166667
  ],
  "High Floor Tom": [
    8.815482802083334,
    8.954768620833335
  ]
}