{
  "Acoustic Snare": [
    0.036458333333333336,
    0.15208333333333332,
    0.765625,
    0.8552083333333333,
    3.497916666666667,
    4.48125,
    5.457291666666666,
    6.472916666666666,
    7.727083333333333,
    8.502083333333333,
    9.008333333333333,
    9.136458333333334,
    9.50625,
    9.634375,
    9.754166666666666,
    9.878125,
    10.003125,
    10.130208333333334,
    10.248958333333333,
    10.365625
  ],
  "Closed Hi Hat": [
    0.259375,
    2.5072916666666667,
    3.475,
    4.459375,
    5.440625,
    6.475,
    7.48125,
    9.6875
  ],
  "High Tom": [
    0.27291666666666664,
    0.3958333333333333,
    0.990625,
    1.121875,
    4.9625,
    5.215625,
    6.990625,
    9.263541666666667,
    9.388541666666667
  ],
  "Bass Drum 1": [
    0.5197916666666667,
    0.6489583333333333,
    1.9666666666666666,
    3.725,
    4.228125,
    4.716666666666667,
    4.965625,
    5.216666666666667,
    5.710416666666666,
    6.204166666666667,
    6.727083333333333,
    6.973958333333333,
    7.21875,
    7.983333333333333,
    8.234375,
    8.747916666666667,
    10.990625
  ],
  "Low-Mid Tom": [
    1.23125,
    1.359375,
    7.241666666666666,
    7.4875,
    10.485416666666666,
    10.617708333333333
  ],
  "High Floor Tom": [
    1.4833333333333334,
    1.609375,
    1.73125,
    1.8520833333333333,
    2.9875,
    3.502083333333333,
    3.7395833333333335,
    3.9833333333333334,
    4.220833333333333,
    4.486458333333333,
    4.715625,
    4.973958333333333,
    5.217708333333333,
    5.470833333333333,
    5.707291666666666,
    5.979166666666667,
    6.228125,
    6.48125,
    6.741666666666666,
    6.989583333333333,
    7.246875,
    7.502083333333333,
    7.740625,
    7.989583333333333,
    8.247916666666667,
    8.496875,
    8.752083333333333,
    10.733333333333333,
    10.859375
  ],
  "Crash Cymbal 1": [
    1.9822916666666666,
    10.9875
  ]
}