{
  "Bass Drum 1": [
    0.0,
    1.515625,
    3.0,
    4.4953125,
    6.0140625000000005,
    7.5046875,
    8.996875000000001,
    10.5078125,
    11.975000000000001,
    13.475000000000001,
    14.978125,
    16.5078125,
    18.003125,
    19.5,
    20.9640625,
    22.496875000000003,
    23.989062500000003,
    25.4875,
    26.978125000000002,
    28.4984375,
    29.9875,
    31.470312500000002,
    33.0140625,
    34.5140625,
    35.9734375,
    37.503125000000004,
    38.970312500000006,
    40.4890625,
    41.990625,
    43.50625,
    45.0140625,
    46.515625
  ],
  "Closed Hi Hat": [
    0.375,
    1.1453125,
    1.31875,
    1.69375,
    1.8703125,
    3.0,
    3.3843750000000004,
    4.1234375000000005,
    4.3109375000000005,
    4.675,
    4.846875000000001,
    5.612500000000001,
    5.987500000000001,
    6.3828125,
    7.134375,
    7.315625000000001,
    7.6875,
    7.8671875,
    8.6125,
    8.796875,
    9.371875000000001,
    10.137500000000001,
    10.3203125,
    10.684375000000001,
    10.859375,
    11.967187500000001,
    12.353125,
    13.106250000000001,
    13.284375,
    13.654687500000001,
    13.834375000000001,
    14.607812500000001,
    14.784375,
    15.3609375,
    16.10625,
    16.2921875,
    16.684375,
    16.860937500000002,
    17.996875,
    18.3484375,
    19.1203125,
    19.301562500000003,
    19.845312500000002,
    20.01875,
    20.596875,
    21.3546875,
    21.543750000000003,
    22.1359375,
    22.325000000000003,
    22.689062500000002,
    22.865625,
    23.9765625,
    24.387500000000003,
    24.567187500000003,
    25.128125,
    25.309375000000003,
    25.884375000000002,
    26.0609375,
    26.618750000000002,
    26.9796875,
    27.360937500000002,
    27.5421875,
    28.129687500000003,
    28.3125,
    28.676562500000003,
    28.85,
    29.984375,
    30.3546875,
    30.5375,
    31.106250000000003,
    31.2875,
    31.8734375,
    32.0625,
    32.635937500000004,
    33.0046875,
    33.36875,
    33.546875,
    34.1265625,
    34.3046875,
    34.6765625,
    34.8578125,
    35.9765625,
    36.35,
    36.528125,
    37.1171875,
    37.300000000000004,
    37.671875,
    37.8515625,
    38.603125000000006,
    38.964062500000004,
    39.359375,
    39.5390625,
    40.10625,
    40.292187500000004,
    40.6640625,
    40.840625,
    41.9734375,
    42.362500000000004,
    42.548437500000006,
    43.1140625,
    43.300000000000004,
    43.678125,
    43.859375,
    44.625,
    44.807812500000004,
    45.376562500000006,
    45.5609375,
    46.1375,
    46.31875,
    46.706250000000004,
    46.8828125,
    47.618750000000006
  ],
  "Acoustic Snare": [
    0.7859375000000001,
    1.8531250000000001,
    2.246875,
    3.7593750000000004,
    5.237500000000001,
    6.7578125,
    8.240625,
    8.5546875,
    9.1953125,
    9.746875000000001,
    9.9640625,
    10.871875000000001,
    11.223437500000001,
    12.732812500000001,
    13.646875000000001,
    14.2203125,
    14.528125000000001,
    15.734375,
    17.240625,
    18.7484375,
    19.7796875,
    19.8046875,
    19.828125,
    20.235937500000002,
    21.340625000000003,
    21.753125,
    21.856250000000003,
    22.150000000000002,
    22.8828125,
    23.251562500000002,
    24.3671875,
    24.7796875,
    26.271875,
    27.7578125,
    27.878125,
    29.234375,
    30.739062500000003,
    32.2734375,
    32.3765625,
    33.7625,
    35.225,
    36.737500000000004,
    37.66875,
    37.8609375,
    38.2265625,
    39.735937500000006,
    39.8484375,
    41.229687500000004,
    42.746875,
    44.229687500000004,
    45.4265625,
    45.7578125,
    46.609375,
    47.234375
  ],
  "Open Hi Hat": [
    2.6203125000000003,
    2.7953125,
    5.800000000000001,
    11.600000000000001,
    17.6203125,
    23.614062500000003,
    29.6015625,
    35.60625,
    41.6078125
  ]
}