{
  "Open Hi Hat": [
    0.0,
    0.8150000000000001,
    0.9570000000000001,
    1.897,
    2.751,
    2.888,
    3.692,
    3.8280000000000003,
    4.657,
    4.792,
    5.594,
    5.726,
    6.58,
    6.708,
    7.203,
    7.521,
    7.65,
    8.629,
    9.59,
    10.421,
    10.535,
    11.358,
    11.482000000000001,
    12.337,
    12.449,
    13.305,
    13.442,
    14.248000000000001,
    14.39,
    15.171000000000001,
    15.326,
    15.836,
    16.32,
    17.117,
    17.242,
    18.081,
    18.21,
    19.181,
    20.158,
    20.988,
    21.117,
    21.903,
    22.039,
    23.827,
    23.962,
    24.824,
    25.771,
    25.900000000000002,
    26.729,
    26.861,
    27.666,
    27.814,
    28.606,
    29.744,
    30.547,
    30.696,
    31.526,
    31.666,
    32.642,
    33.624,
    34.397,
    34.551,
    35.368,
    35.502,
    36.318,
    36.468,
    37.438,
    38.237,
    38.414,
    39.233000000000004,
    39.361000000000004,
    40.143,
    40.272,
    41.106,
    41.25,
    42.223,
    43.082,
    43.215,
    43.677,
    44.148,
    44.959,
    45.093,
    46.058,
    46.892,
    47.021,
    47.951,
    48.799,
    48.931000000000004,
    49.898,
    50.374,
    50.724000000000004,
    50.858000000000004,
    51.834,
    54.561,
    55.543,
    55.663000000000004,
    70.895,
    71.491,
    74.254,
    86.25
  ],
  "Closed Hi Hat": [
    0.47200000000000003,
    0.5,
    1.424,
    1.462,
    1.78,
    2.369,
    2.4010000000000002,
    3.2960000000000003,
    3.36,
    4.304,
    4.337,
    5.252,
    5.265,
    6.248,
    6.261,
    7.198,
    8.120000000000001,
    8.139,
    8.492,
    9.084,
    9.119,
    9.47,
    10.05,
    10.085,
    11.006,
    11.028,
    11.981,
    12.002,
    12.97,
    12.982000000000001,
    13.902000000000001,
    13.921000000000001,
    14.834,
    14.852,
    15.834,
    16.164,
    16.774,
    16.808,
    17.744,
    17.761,
    18.69,
    18.718,
    19.049,
    19.643,
    19.682000000000002,
    20.015,
    20.624,
    20.644000000000002,
    21.562,
    21.6,
    22.531,
    22.553,
    22.88,
    23.02,
    23.481,
    23.5,
    24.469,
    24.486,
    25.437,
    25.469,
    26.392,
    26.42,
    27.338,
    27.364,
    28.259,
    28.28,
    29.244,
    29.264,
    29.592000000000002,
    30.194,
    30.232,
    31.172,
    31.189,
    32.14,
    32.158,
    32.514,
    33.104,
    33.126,
    33.479,
    34.037,
    34.065,
    35.008,
    35.038000000000004,
    35.987,
    36.006,
    36.93,
    36.966,
    37.265,
    37.895,
    37.909,
    38.879,
    38.915,
    39.800000000000004,
    39.816,
    40.738,
    40.754,
    41.726,
    41.736000000000004,
    42.078,
    42.738,
    42.752,
    43.677,
    44.02,
    44.608000000000004,
    45.554,
    45.574,
    45.931000000000004,
    46.552,
    46.562,
    47.481,
    47.495,
    47.831,
    48.442,
    48.454,
    49.395,
    49.409,
    49.772,
    50.382,
    51.327,
    51.347,
    51.687,
    52.276,
    53.197,
    54.216,
    55.175000000000004,
    55.189,
    56.125,
    56.158,
    56.496,
    56.627,
    57.089,
    57.459,
    57.61,
    58.098,
    58.411,
    58.541000000000004,
    59.042,
    59.392,
    59.512,
    59.979,
    60.358000000000004,
    60.465,
    60.934000000000005,
    61.31,
    61.422000000000004,
    61.897,
    62.278,
    62.4,
    63.345,
    63.867000000000004,
    64.181,
    64.303,
    64.798,
    65.173,
    65.278,
    65.741,
    66.098,
    66.21900000000001,
    66.686,
    67.039,
    67.174,
    67.662,
    68.03,
    68.164,
    68.635,
    69.009,
    69.119,
    69.609,
    69.953,
    70.09400000000001,
    70.434,
    70.555,
    70.958,
    71.357,
    72.452,
    72.833,
    72.95,
    73.421,
    73.791,
    73.92,
    74.738,
    74.865,
    75.34100000000001,
    75.699,
    75.82300000000001,
    76.295,
    76.672,
    76.801,
    77.252,
    77.609,
    77.742,
    79.18,
    79.533,
    79.674,
    80.156,
    80.503,
    81.111,
    81.46600000000001,
    81.608,
    82.055,
    82.41,
    82.548,
    82.998,
    83.375,
    83.503,
    83.994,
    84.348,
    84.476,
    84.932,
    85.273,
    85.435,
    88.798,
    89.729,
    90.69200000000001,
    91.653,
    92.624,
    93.578,
    94.048,
    94.555,
    95.509,
    96.493,
    97.409,
    97.86200000000001,
    98.374,
    99.319,
    99.783,
    100.255,
    101.251,
    101.717,
    102.206,
    103.162,
    103.652,
    104.142,
    105.11500000000001,
    105.583,
    106.069,
    107.013,
    107.502,
    107.983,
    108.96600000000001,
    109.913,
    110.391,
    110.86800000000001,
    111.83200000000001,
    112.784,
    113.71600000000001,
    114.148,
    114.66
  ],
  "Acoustic Snare": [
    13.307,
    14.245000000000001,
    14.707,
    16.509,
    16.641000000000002,
    19.525000000000002,
    20.155,
    20.990000000000002,
    22.415,
    22.447,
    23.348,
    24.833000000000002,
    27.223,
    28.142,
    28.274,
    29.117,
    29.928,
    30.068,
    33.834,
    33.931,
    36.777,
    37.087,
    38.778,
    39.216,
    39.717,
    41.114000000000004,
    42.054,
    43.071,
    44.966,
    45.43,
    45.566,
    46.465,
    46.89,
    48.796,
    49.264,
    49.399,
    50.266,
    50.727000000000004,
    51.184000000000005,
    51.998,
    52.156,
    52.316,
    52.458,
    52.615,
    54.556000000000004,
    55.055,
    62.735,
    62.848,
    77.607,
    80.512,
    81.937,
    82.071,
    82.426,
    82.877,
    83.023,
    83.899,
    84.345,
    84.804,
    84.935,
    85.60000000000001,
    85.754,
    85.891,
    86.239,
    87.843,
    89.14,
    90.093,
    91.086,
    92.977,
    93.48100000000001,
    94.083,
    94.9,
    95.368,
    95.512,
    96.001,
    96.83,
    97.288,
    97.424,
    97.904,
    98.007,
    98.744,
    99.807,
    99.912,
    100.29,
    100.637,
    101.593,
    102.09700000000001,
    102.14,
    102.574,
    103.074,
    103.10900000000001,
    103.136,
    103.529,
    104.524,
    104.82300000000001,
    104.983,
    105.299,
    105.768,
    105.928,
    106.412,
    107.35900000000001,
    107.84400000000001,
    108.828,
    108.964,
    109.299,
    110.72200000000001,
    111.223,
    111.738,
    112.187,
    112.661,
    112.781,
    113.129,
    113.44800000000001,
    113.877,
    113.97200000000001,
    114.35300000000001,
    114.509,
    115.949,
    116.053,
    116.08500000000001,
    116.132
  ],