{
  "Bass Drum 1": [
    0.0146484375,
    0.5751953125,
    0.9228515625
  ],
  "Acoustic Snare": [
    0.232421875,
    0.658203125,
    1.12109375
  ],
  "Closed Hi Hat": [
    0.2412109375
  ],
  "Open Hi Hat": [
    0.46875,
    0.6787109375,
    0.908203125,
    1.1328125
  ],
  "High Tom": [
    1.4951171875,
    1.6064453125
  ]
}