{
  "Crash Cymbal 1": [
    0.0,
    0.4895833333333333,
    1.0052083333333333,
    1.5260416666666667,
    2.0322916666666666
  ],
  "Bass Drum 1": [
    0.0,
    0.4947916666666667,
    1.01875,
    1.5145833333333334,
    2.040625
  ],
  "Acoustic Snare": [
    0.3208333333333333,
    0.8385416666666666,
    1.35,
    2.5166666666666666,
    2.685416666666667,
    2.8114583333333334,
    2.9739583333333335
  ],
  "High Tom": [
    3.121875,
    3.2895833333333333
  ],
  "Low-Mid Tom": [
    3.4541666666666666,
    3.615625
  ],
  "High Floor Tom": [
    3.765625
  ]
}