{
  "Closed Hi Hat": [
    0.85740655,
    1.3157394249999999
  ],
  "High Tom": [
    1.537961425,
    1.606479875,
    1.6888872,
    1.8009241249999999,
    1.9064795749999999,
    2.012035025
  ],
  "Low-Mid Tom": [
    2.136108975,
    2.2453681249999997,
    2.3768494749999998,
    2.499071575
  ]
}