{
  "Acoustic Snare": [
    0.0022321416666666667,
    0.1339285,
    0.38281229583333337,
    0.5122765125000001
  ],
  "High Tom": [
    0.2566962916666667,
    0.6517853666666666
  ],
  "High Floor Tom": [
    0.7823656541666667,
    0.9062495166666666
  ]
}