{
  "Bass Drum 1": [
    0.009765625,
    0.5791015625,
    0.91796875
  ],
  "Closed Hi Hat": [
    0.025390625,
    0.248046875,
    0.47265625,
    0.6796875,
    0.9072265625,
    1.1318359375,
    1.36328125
  ],
  "Acoustic Snare": [
    0.2431640625,
    0.6708984375,
    1.1298828125,
    1.3271484375,
    1.58984375,
    1.736328125
  ],
  "High Floor Tom": [
    1.498046875
  ]
}