{
  "Bass Drum 1": [
    0.025925899999999998,
    0.254629375,
    0.68333265,
    0.9175916749999999,
    1.13518405,
    1.545368825,
    1.787961175,
    2.444442,
    2.686108425
  ],
  "Low-Mid Tom": [
    0.041666625,
    0.2555553,
    0.69444375,
    1.1296285,
    1.56851695,
    2.004627625,
    2.46110865,
    2.9129600499999997
  ],
  "Closed Hi Hat": [
    0.4740736,
    1.30185055,
    2.21296075,
    3.1166635499999997
  ],
  "Acoustic Snare": [
    0.478703225,
    0.8999990999999999,
    1.336109775,
    2.226849625,
    2.6999972999999997,
    3.13147835,
    3.36110775
  ],
  "High Floor Tom": [
    3.13147835,
    3.34999665
  ]
}