{
  "Acoustic Snare": [
    1.8437490166666668,
    1.9363828958333333,
    1.9854900125000001,
    2.0624989,
    2.1261149375,
    2.142856,
    2.2734362875,
    2.6428557333333336,
    2.777900304166667,
    2.9107127333333334,
    3.0279001708333335
  ],
  "Closed Hi Hat": [
    2.39732015,
    2.5189718708333335
  ]
}