{
  "Crash Cymbal 1": [
    0.0,
    15.331,
    30.556,
    92.035
  ],
  "Ride Cymbal 1": [
    0.007,
    0.482,
    0.861,
    0.9490000000000001,
    1.425,
    1.804,
    1.8980000000000001,
    2.407,
    2.769,
    2.872,
    3.369,
    3.726,
    3.829,
    4.324,
    4.688,
    4.797,
    5.28,
    5.622,
    5.721,
    6.238,
    6.635,
    6.721,
    7.203,
    7.588,
    7.69,
    8.169,
    8.529,
    8.620000000000001,
    9.115,
    9.472,
    9.567,
    10.067,
    10.414,
    10.523,
    11.002,
    11.387,
    11.49,
    12.006,
    12.376,
    12.477,
    12.958,
    13.334,
    13.432,
    13.902000000000001,
    14.268,
    14.381,
    14.853,
    15.34,
    15.846,
    16.211000000000002,
    16.319,
    16.803,
    17.141000000000002,
    17.733,
    18.118000000000002,
    18.224,
    18.737000000000002,
    19.078,
    19.181,
    19.653,
    20.009,
    20.117,
    20.623,
    20.968,
    21.09,
    21.583000000000002,
    21.938,
    22.062,
    23.015,
    23.553,
    23.861,
    23.983,
    24.448,
    24.801000000000002,
    24.911,
    25.448,
    25.791,
    25.887,
    26.422,
    26.781,
    26.879,
    27.399,
    27.741,
    27.846,
    28.316,
    28.663,
    28.783,
    29.714000000000002,
    30.238,
    31.183,
    31.537,
    31.655,
    32.144,
    32.508,
    32.61,
    33.1,
    33.447,
    33.566,
    34.057,
    34.417,
    34.532000000000004,
    35.02,
    35.347,
    35.477000000000004,
    35.97,
    36.299,
    36.434,
    36.929,
    37.302,
    37.422000000000004,
    38.369,
    38.887,
    39.234,
    39.333,
    39.832,
    40.208,
    40.307,
    40.808,
    41.182,
    41.264,
    41.745,
    42.133,
    42.225,
    42.718,
    43.073,
    43.175000000000004,
    43.667,
    44.022,
    44.138,
    44.618,
    44.966,
    45.073,
    45.586,
    45.959,
    46.064,
    46.528,
    46.911,
    46.99,
    47.474000000000004,
    47.868,
    47.966,
    48.43,
    48.824,
    48.915,
    49.413000000000004,
    49.796,
    49.896,
    50.386,
    50.735,
    50.834,
    51.323,
    51.678000000000004,
    51.781,
    52.29,
    52.679,
    52.777,
    53.256,
    53.61,
    53.714,
    54.227000000000004,
    54.577,
    54.679,
    55.162,
    55.516,
    55.623000000000005,
    56.113,
    56.606,
    57.097,
    57.466,
    58.056000000000004,
    58.417,
    58.511,
    58.998000000000005,
    59.365,
    59.462,
    59.955,
    60.305,
    60.419000000000004,
    60.916000000000004,
    61.273,
    61.373000000000005,
    61.914,
    62.278,
    62.387,
    62.887,
    63.218,
    63.318,
    63.844,
    64.205,
    64.31400000000001,
    64.802,
    65.163,
    65.278,
    65.739,
    66.103,
    66.199,
    66.67,
    67.06,
    67.167,
    67.647,
    68.156,
    69.099,
    69.627,
    69.956,
    70.056,
    70.524,
    70.885,
    70.988,
    71.504,
    71.868,
    71.97200000000001,
    72.46900000000001,
    72.84700000000001,
    72.949,
    73.44500000000001,
    73.819,
    73.919,
    74.386,
    74.763,
    74.867,
    75.31400000000001,
    75.688,
    75.807,
    76.293,
    76.679,
    76.786,
    77.276,
    77.63,
    77.735,
    78.191,
    78.561,
    78.67,
    79.168,
    79.535,
    79.647,
    80.124,
    80.493,
    80.605,
    81.08800000000001,
    81.444,
    81.551,
    82.041,
    82.426,
    82.534,
    83.019,
    83.413,
    83.516,
    83.987,
    84.357,
    84.461,
    84.962,
    85.308,
    85.421,
    85.883,
    86.253,
    86.36,
    86.855,
    87.214,
    87.799,
    88.158,
    88.262,
    88.762,
    89.129,
    89.23100000000001,
    89.718,
    90.087,
    90.19,
    90.662,
    92.653,
    93.004,
    93.617,
    93.96300000000001,
    94.06700000000001,
    94.574,
    94.915,
    95.022,
    95.506,
    95.878,
    95.98,
    96.45100000000001,
    96.828,
    96.943,
    97.46600000000001,
    97.806,
    97.928,
    98.398,
    98.775,
    98.892,
    99.34400000000001,
    99.833,
    100.302,
    100.644,
    100.786,
    101.272,
    101.628,
    101.74000000000001,
    102.202,
    102.581,
    102.69,
    103.199,
    103.547,
    103.664,
    104.152,
    104.494,
    104.613,
    105.092,
    105.458,
    105.572,
    106.062,
    106.411,
    106.551,
    106.995,
    107.34400000000001,
    107.94800000000001,
    108.342,
    108.45400000000001,
    108.977,
    109.324,
    109.432,
    109.924,
    110.272,
    110.392,
    110.872,
    111.336,
    111.845,
    112.173,
    112.276,
    112.784,
    113.152,
    113.272,
    113.745,
    114.19800000000001
  ],
  "Bass Drum 1": [
    0.016,
    15.214,
    15.312000000000001,
    17.127,
    22.41,
    22.924,
    29.559,
    30.047,
    30.538,
    32.606,
    33.442,
    35.357,
    38.257,
    53.726,
    59.463,
    61.379,
    68.504,
    68.989,
    76.779,
    86.363,
    88.266,
    90.181,
    91.696,
    99.20700000000001,
    107.322,
    110.73,
    111.212,
    113.60600000000001,
    114.095,
    114.49900000000001
  ],