{
  "Bass Drum 1": [
    0.0,
    0.541015625,
    0.9052734375
  ],
  "Ride Cymbal 1": [
    0.0,
    0.220703125,
    0.443359375,
    0.671875,
    0.9091796875,
    1.1357421875,
    1.3544921875
  ],
  "Acoustic Snare": [
    0.2138671875,
    0.6533203125,
    1.123046875,
    1.5947265625
  ],
  "High Floor Tom": [
    1.490234375
  ]
}