{
  "Low-Mid Tom": [
    0.021296275,
    0.226851625,
    0.666666,
    1.115739625,
    1.33518385,
    1.8027759749999999,
    2.01296095,
    2.4629605,
    2.899071175,
    3.130552425
  ],
  "Bass Drum 1": [
    0.025925899999999998,
    0.2333331,
    0.649073425,
    1.1027766749999999,
    1.550924375,
    1.793516725,
    2.012035025,
    2.4490716249999998,
    2.697219525,
    2.9111081999999997,
    3.3564781249999998
  ],
  "Closed Hi Hat": [
    0.40740699999999996,
    1.3129616499999999,
    2.2111088999999997,
    3.1074043
  ],
  "Acoustic Snare": [
    0.445369925,
    0.887962075,
    1.326850525,
    1.58333175,
    2.2407385,
    2.67592325,
    3.121293175
  ],
  "High Floor Tom": [
    3.347218875
  ]
}