{
  "Bass Drum 1": [
    0.0,
    0.20870524583333333,
    0.35267838333333335
  ],
  "Closed Hi Hat": [
    0.024553558333333333,
    0.21093738750000002,
    0.6149550291666667,
    0.8571424000000001
  ],
  "Acoustic Snare": [
    0.11160708333333334,
    0.47656224583333334,
    0.7287942541666667,
    0.9921869708333334,
    1.1361601083333335,
    1.2790171750000001,
    1.4107135333333334,
    1.5290170416666666,
    1.6696419666666666,
    1.7991061833333335
  ]
}