{
  "High Floor Tom": [
    0.032
  ],
  "Acoustic Snare": [
    0.139,
    0.244,
    0.588,
    0.706,
    0.929,
    1.058,
    1.168,
    1.3940000000000001,
    1.5270000000000001
  ],
  "Bass Drum 1": [
    0.31,
    0.791,
    1.272
  ],
  "High Tom": [
    0.484
  ]
}