{
  "Bass Drum 1": [
    0.0,
    0.578125,
    0.9306640625,
    1.5009765625
  ],
  "Ride Cymbal 1": [
    0.013671875,
    0.240234375,
    0.48046875,
    0.697265625,
    0.9306640625,
    1.14453125,
    1.38671875
  ],
  "Acoustic Snare": [
    0.220703125,
    0.6982421875,
    1.1494140625,
    1.23828125,
    1.626953125
  ],
  "High Floor Tom": [
    1.603515625
  ]
}