{
  "Bass Drum 1": [
    0.182407225,
    0.61296235,
    0.8490732249999999,
    1.0657396749999999,
    1.530554025,
    1.7648130499999999,
    2.208331125,
    2.42407165,
    2.6583306749999998,
    2.8712934249999997,
    3.5629594,
    3.7842554749999997,
    4.195366175,
    4.4259215,
    4.6601805249999995,
    5.084254175,
    5.30555025,
    5.528698175,
    5.94629035,
    6.1861049249999995,
    6.393512125,
    6.641660025,
    6.869437575,
    7.093511425,
    7.704621925,
    7.963880925,
    8.200917725,
    8.598139549999999,
    8.84628745,
    9.304620325,
    9.7592495,
    9.980545574999999,
    10.399063674999999,
    10.63147085,
    10.85369285,
    11.2851739,
    11.708321625,
    12.17221005,
    12.424987575,
    13.044431399999999,
    13.293505224999999,
    13.4925791,
    13.925912,
    14.173133974999999,
    14.406467075,
    14.8370222,
    15.067577524999999,
    15.295355075,
    15.700910225,
    15.956465524999999,
    16.430539125,
    16.8777609,
    17.078686625,
    17.534241725,
    17.77590815,
    18.000907925,
    18.82775895,
    19.297202925,
    19.5407212,
    20.199979799999998,
    20.437942525,
    20.658312674999998,
    21.117571475,
    21.33516385,
    21.997200225,
    22.204607425,
    22.430533125,
    22.856458625,
    23.099050975,
    23.548124599999998,
    24.030531525,
    24.262012775,
    24.649049424999998,
    24.8851603,
    25.54256705,
    26.3962699,
    26.647195574999998,
    28.46849005
  ],
  "Ride Cymbal 1": [
    0.18148129999999998,
    0.634258625,
    0.863888025,
    1.076850775,
    1.5240725499999999,
    2.6555529,
    2.8666638,
    3.337959625,
    3.5666631,
    3.7898110249999997,
    4.209255049999999,
    4.4296252,
    4.647217575,
    5.0962912,
    5.332402075,
    5.543512975,
    5.962031075,
    6.200919724999999,
    7.2759186499999995,
    7.732399675,
    8.1629548,
    8.624991375,
    9.773138375,
    9.9962863,
    10.660174525,
    10.87591505,
    11.31295165,
    11.75739565,
    11.976839875,
    12.182395224999999,
    12.4185061,
    12.623135525,
    12.86480195,
    13.080542475,
    13.299060775,
    14.39072635,
    14.85368885,
    15.266651399999999,
    15.513873375,
    15.730539825,
    16.882390524999998,
    17.10553845,
    17.330538224999998,
    17.5407232,
    17.77961185,
    17.993500524999998,
    18.4592408,
    18.674981325,
    18.8925737,
    19.100906825,
    19.32035105,
    19.547202674999998,
    19.762017274999998,
    19.9888689,
    20.206461275,
    20.449053624999998,
    20.66479415,
    21.51294145,
    21.99442245,
    22.413866475,
    22.666643999999998,
    22.8740512,
    24.039790775,
    24.259235,
    24.4518274,
    24.64997535,
    25.0888638,
    25.562011475,
    25.9814555,
    26.193492324999998,
    26.3999736,
    26.636084475
  ],
  "Acoustic Snare": [
    0.397221825,
    0.7453696249999999,
    1.304628325,
    1.7555538,
    2.2333311,
    2.50184935,
    3.0925895,
    3.4379595249999997,
    4.0074034,
    4.867587725,
    5.2111059,
    5.762031275,
    6.097216125,
    6.309252949999999,
    6.412030625,
    6.518511999999999,
    6.624993375,
    6.731474749999999,
    6.841659825,
    6.936104175,
    7.502770275,
    7.9518439,
    8.396287899999999,
    8.863880025,
    9.323138825,
    9.628694075,
    10.21295275,
    10.53887835,
    11.088877799999999,
    11.52035885,
    11.97221025,
    12.860172324999999,
    13.202764575,
    13.395356975,
    13.510171674999999,
    13.630541925,
    13.730541825,
    13.8407269,
    13.950911975,
    14.053689649999999,
    14.6333187,
    15.037022,
    15.502762275,
    15.962021075,
    16.428687274999998,
    16.739798075,
    17.317575275,
    17.6333157,
    18.222203999999998,
    18.571277724999998,
    19.09812905,
    19.49442495,
    19.749054325,
    19.9888689,
    20.335164849999998,
    20.549053524999998,
    20.76479405,
    20.892571699999998,
    21.779607849999998,
    22.200903725,
    22.651829199999998,
    22.899051175,
    23.10553245,
    23.56108755,
    24.454605174999998,
    25.32034505,
    25.770344599999998,
    26.186084925,
    26.523121624999998,
    26.7555288,
    26.851824999999998,
    26.936084174999998,
    26.981454499999998,
    27.01293595,
    27.0666396,
    27.163861725,
    27.208306125,
    27.241639425,
    27.27589865,
    27.414787399999998,
    27.523120625,
    27.874972125,
    27.989786825
  ],
  "Closed Hi Hat": [
    0.397221825,
    1.2777764999999999,
    2.19814595,
    3.095367275,
    3.9898108249999997,
    4.8592544,
    5.750920175,
    6.626845224999999,
    7.502770275,
    8.363880524999999,
    9.286101825,
    10.197212024999999,
    11.0629519,
    11.9592473,
    12.841653825,
    13.717578875,
    14.630540925,
    15.4999845,
    16.391650275,
    17.29442715,
    18.2036855,
    19.089795725,
    19.97960965,
    20.8851643,
    21.767570825,
    22.631458849999998,
    23.521272775,
    24.445345924999998,
    25.302752475,
    26.1962701
  ],
  "Crash Cymbal 1": [
    1.7592575,
    2.22777555,
    7.062029975,
    8.8555467,
    9.3259166,
    14.16850435,
    15.967576625,
    16.417576175,
    21.3296083,
    23.0962732,
    23.560161625,
    24.886086225,
    28.43886045
  ],
  "High Tom": [
    20.999053075,
    27.3036764,
    27.649046424999998,
    28.0962682
  ],
  "High Floor Tom": [
    21.095349275,
    28.215712525
  ],
  "Low-Mid Tom": [
    27.76108335
  ]
}