{
  "Closed Hi Hat": [
    0.0234374875
  ],
  "Acoustic Snare": [
    0.1506695625,
    0.3772319416666667,
    0.5167407958333333,
    0.810267425,
    0.9207584375000001,
    1.1774547291666666,
    1.4620527916666668,
    1.5982134333333333,
    1.7410705,
    1.868302575
  ],
  "Bass Drum 1": [
    0.22767845,
    0.6785710666666667
  ],
  "High Tom": [
    1.3415171416666667
  ]
}