{
  "Closed Hi Hat": [
    0.018000000000000002,
    0.47600000000000003,
    0.928,
    1.379
  ],
  "Acoustic Snare": [
    0.043000000000000003,
    0.182,
    0.331,
    0.485,
    0.639,
    0.791,
    0.9480000000000001,
    1.092,
    1.241,
    1.4020000000000001,
    1.731
  ],
  "High Floor Tom": [
    0.057,
    0.194,
    0.341,
    0.491,
    0.646,
    0.804,
    0.9520000000000001,
    1.11,
    1.25,
    1.401,
    1.715
  ]
}