{
  "Bass Drum 1": [
    0.0,
    0.576171875,
    0.9248046875,
    1.494140625
  ],
  "Ride Cymbal 1": [
    0.0,
    0.2294921875,
    0.455078125,
    0.6875,
    0.916015625,
    1.1552734375,
    1.3857421875
  ],
  "Acoustic Snare": [
    0.2197265625,
    0.66796875,
    1.146484375,
    1.24609375,
    1.60546875
  ],
  "High Floor Tom": [
    1.6142578125
  ]
}