{
  "Acoustic Snare": [
    0.007812495833333334,
    0.22879452083333335,
    0.31249983333333337,
    0.3805801541666667,
    0.462053325,
    0.5312497166666666,
    0.65624965,
    0.7723210166666666,
    0.9062495166666666,
    1.1696422333333334,
    1.2667403958333334,
    1.5446420333333333,
    1.6607134000000001,
    1.7979901125
  ],
  "Ride Cymbal 1": [
    0.0100446375
  ],
  "Low-Mid Tom": [
    1.0390619458333334
  ],
  "High Floor Tom": [
    1.4140617458333333
  ]
}