{
  "Acoustic Snare": [
    0.014,
    0.184,
    0.47900000000000004,
    0.646,
    0.929,
    1.115,
    1.423
  ],
  "High Floor Tom": [
    0.014,
    0.182,
    0.483,
    0.642,
    0.9460000000000001,
    1.095,
    1.41
  ],
  "Bass Drum 1": [
    0.31,
    0.782,
    1.248
  ]
}