{
  "Bass Drum 1": [
    0.0498046875,
    0.1630859375,
    0.4599609375,
    0.5703125,
    0.9208984375,
    1.033203125,
    1.3720703125,
    1.4736328125
  ],
  "Acoustic Snare": [
    0.234375,
    0.3232421875,
    0.689453125,
    0.787109375,
    1.609375
  ],
  "Ride Cymbal 1": [
    0.2490234375,
    0.36328125,
    0.681640625,
    0.81640625,
    1.6123046875
  ],
  "High Floor Tom": [
    1.1494140625,
    1.28125
  ],
  "High Tom": [
    1.15234375,
    1.271484375
  ]
}