{
  "Closed Hi Hat": [
    0.016891875,
    2.7880039687500004
  ],
  "Acoustic Snare": [
    0.21537140625,
    0.3091213125,
    0.5827696875,
    0.6782087812500001,
    0.7643573437500001,
    0.85388428125,
    0.9442558125000001
  ],
  "High Tom": [
    0.39864825000000004,
    0.48733059375000004,
    1.04138409375,
    1.2322622812500001
  ],
  "Low-Mid Tom": [
    1.1334448125
  ],
  "High Floor Tom": [
    1.3091203125000002,
    1.4104715625000002,
    1.4366539687500002
  ],
  "Bass Drum 1": [
    1.47550528125
  ],
  "Crash Cymbal 1": [
    1.49577553125
  ]
}