{
  "Closed Hi Hat": [
    1.5345973958333334
  ],
  "Acoustic Snare": [
    1.8325883083333334,
    1.9140614791666668,
    1.9832578708333335,
    2.041293554166667,
    2.0814721041666666,
    2.2533470125,
    2.3113826958333332,
    2.3582576708333334,
    2.516739729166667,
    2.5837039791666667,
    2.6462039458333333,
    2.8113824291666667,
    3.052453729166667,
    3.1919625833333334,
    3.7142837333333336,
    3.842631879166667,
    3.973212166666667
  ],
  "High Tom": [
    2.1339274333333336,
    2.4017844333333334,
    3.3191946583333336,
    3.4441945916666667
  ],
  "Low-Mid Tom": [
    2.6685253625,
    3.582587375
  ],
  "High Floor Tom": [
    4.092631745833334
  ]
}