{
  "Acoustic Snare": [
    0.01,
    0.32,
    0.622,
    0.935,
    1.2670000000000001,
    1.413
  ],
  "High Floor Tom": [
    0.019,
    0.325,
    0.635,
    0.9410000000000001
  ],
  "Closed Hi Hat": [
    0.452
  ]
}