{
  "Bass Drum 1": [
    0.0927734375,
    0.44921875,
    0.5556640625,
    0.9013671875,
    1.0166015625,
    1.376953125,
    1.498046875
  ],
  "Ride Cymbal 1": [
    0.1982421875,
    0.33203125,
    1.134765625,
    1.25
  ],
  "Acoustic Snare": [
    0.21484375,
    0.3232421875,
    1.1337890625,
    1.2646484375
  ],
  "High Floor Tom": [
    0.6748046875,
    0.8056640625,
    1.6259765625
  ],
  "High Tom": [
    0.6748046875,
    0.79296875,
    1.6259765625
  ]
}