{
  "Acoustic Snare": [
    0.19087818750000002,
    0.28631728125,
    0.38091178125,
    0.47635087500000006,
    0.76942490625,
    0.8690869687500001,
    0.9653706562500001,
    1.0557421875000002,
    1.1570934375000002
  ],
  "Bass Drum 1": [
    0.5624994375000001,
    1.5456065625000002
  ],
  "High Tom": [
    0.58361428125,
    0.6706074375000001,
    1.2516879375
  ],
  "High Floor Tom": [
    1.3564175625000001,
    1.4611471875000002
  ],
  "Crash Cymbal 1": [
    1.5684105937500001
  ]
}