{
  "Acoustic Snare": [
    0.011160708333333333,
    0.15513384583333334,
    0.41517835000000003,
    0.5401782833333334,
    1.3236600083333334,
    1.7087044458333334,
    1.9832578708333335,
    2.1160703,
    2.2533470125,
    2.404016575,
    2.6595967958333335,
    2.7946413666666667,
    2.918525229166667,
    3.0613822958333334,
    3.176337591666667,
    3.3102660916666666,
    3.3917392625000002,
    3.4631677958333333,
    3.5937480833333333
  ],
  "High Tom": [
    0.28571413333333334,
    0.6696425,
    0.7935263625,
    1.4408474458333334,
    1.5792402291666667
  ],
  "Low-Mid Tom": [
    0.9397316416666667,
    1.1953118625,
    1.8560257958333335,
    3.7310247958333336,
    3.863837225
  ],
  "High Floor Tom": [
    2.5290165083333336,
    3.9877210875,
    4.120533516666667
  ]
}