{
  "Ride Cymbal 1": [
    0.034,
    0.487,
    0.9480000000000001,
    1.419
  ],
  "High Tom": [
    0.17,
    1.117
  ],
  "Bass Drum 1": [
    0.313,
    0.786,
    1.2650000000000001,
    1.772
  ],
  "Closed Hi Hat": [
    0.448,
    0.936,
    1.425
  ],
  "High Floor Tom": [
    0.635,
    1.591
  ]
}