{
  "Bass Drum 1": [
    0.0,
    0.0986328125,
    0.4580078125,
    0.544921875,
    0.9169921875,
    1.01171875,
    1.3759765625,
    1.4775390625
  ],
  "High Floor Tom": [
    0.2119140625,
    0.3369140625,
    1.138671875,
    1.265625
  ],
  "High Tom": [
    0.2216796875,
    0.3310546875,
    1.140625,
    1.26953125
  ],
  "Ride Cymbal 1": [
    0.6708984375,
    0.79296875,
    1.6162109375
  ],
  "Acoustic Snare": [
    0.6787109375,
    0.796875,
    1.2021484375,
    1.611328125
  ]
}