{
  "Acoustic Snare": [
    0.12246609375,
    0.16976334375000002,
    0.25506731250000003,
    0.33952668750000004,
    0.66638446875,
    0.7829384062500001,
    0.8690869687500001,
    0.9577693125000001,
    1.0447624687500001,
    1.135134,
    2.5912136250000004,
    2.6579365312500003,
    2.7204364687500004,
    2.8082742187500003,
    3.111483375,
    3.2018549062500004,
    3.2922264375,
    3.37584121875,
    3.5084424375000003,
    3.7060773750000005,
    3.8243205000000002,
    3.9248271562500006,
    4.026178406250001,
    4.1427323437500005,
    4.3454348437500006,
    4.45185365625,
    4.543914375000001,
    4.63090753125,
    4.73648175,
    4.96367746875,
    5.08529896875,
    5.1680691562500005,
    5.2651974375,
    5.59036603125,
    5.7753320625,
    5.874994125000001,
    5.9780345625,
    6.067561500000001,
    6.163845187500001,
    6.6849595312500005,
    6.772797281250001,
    6.866547187500001,
    7.17482390625,
    7.277019750000001,
    7.360634531250001,
    7.4028642187500004,
    7.437492562500001,
    7.49408034375,
    7.604722125,
    7.700161218750001,
    7.7956003125
  ],
  "High Tom": [
    0.5802359062500001,
    1.2322622812500001,
    2.99746321875,
    3.6047261250000004,
    4.2407052187500005,
    4.85810325,
    6.2651964375,
    6.360635531250001,
    7.070938875
  ],
  "High Floor Tom": [
    1.3260121875000002,
    7.901174531250001,
    8.009282531250001
  ],
  "Bass Drum 1": [
    1.5118228125000002,
    6.503371875000001,
    6.587831250000001,
    8.08698515625
  ],
  "Crash Cymbal 1": [
    1.5388498125,
    8.09880946875
  ],
  "Closed Hi Hat": [
    2.37161925,
    7.6613099062500005
  ],
  "Low-Mid Tom": [
    5.471278312500001,
    5.679892968750001
  ]
}