{
  "Acoustic Snare": [
    0.5468747083333334,
    0.7868299375000001,
    0.8415174083333333,
    0.8850441708333333,
    0.9352673583333334,
    1.00446375,
    1.0892851333333333,
    1.2031243583333333,
    1.2600439708333333,
    1.3348207166666668,
    1.4441956583333333,
    1.5145081208333333,
    1.5792402291666667,
    1.607142,
    1.7366062166666667,
    1.8694186458333333
  ],
  "Crash Cymbal 1": [
    0.5513389916666667
  ]
}