{
  "Ride Cymbal 1": [
    0.021,
    0.495,
    0.785,
    0.935,
    1.432,
    1.7590000000000001
  ],
  "Closed Hi Hat": [
    0.023,
    0.47000000000000003,
    0.935,
    1.407
  ],
  "High Tom": [
    0.159,
    1.104
  ],
  "Bass Drum 1": [
    0.3,
    0.774,
    1.25,
    1.735
  ],
  "High Floor Tom": [
    0.623,
    1.581
  ]
}