{
  "Bass Drum 1": [
    0.0,
    0.09375,
    0.455078125,
    0.560546875,
    0.9130859375,
    1.029296875,
    1.388671875,
    1.4921875
  ],
  "High Floor Tom": [
    0.205078125,
    0.3408203125,
    1.1396484375,
    1.2685546875
  ],
  "High Tom": [
    0.205078125,
    0.3251953125,
    1.1455078125,
    1.2646484375
  ],
  "Acoustic Snare": [
    0.6640625,
    0.7861328125,
    1.6240234375
  ],
  "Ride Cymbal 1": [
    0.669921875,
    0.7841796875
  ],
  "Crash Cymbal 1": [
    1.6279296875
  ]
}