{
  "Closed Hi Hat": [
    0.405405,
    1.22719471875
  ],
  "Acoustic Snare": [
    1.63259971875,
    1.6950996562500003,
    1.76773471875,
    1.8369914062500001,
    1.9138494375000001,
    1.9788831562500002,
    2.0557411875000002,
    2.19340996875,
    2.3564165625,
    2.4408759375000004,
    2.53124746875,
    2.6123284687500004,
    2.7010108125000003
  ],
  "High Tom": [
    2.2685788125000004,
    2.80405125,
    2.90286871875,
    2.9966186250000004,
    3.0895239375,
    3.1841184375000005,
    3.2635102500000004
  ],
  "Low-Mid Tom": [
    3.3521925937500003,
    3.4104695625000003,
    3.47972625,
    3.54475996875,
    3.6072599062500004,
    3.7094557500000005,
    3.7728002812500003,
    3.8369894062500003,
    3.9054015000000004,
    3.9831041250000006,
    4.0422256875,
    4.125840468750001
  ],
  "High Floor Tom": [
    4.226347125,
    4.2888470625,
    4.3496578125,
    4.4172253125,
    4.475502281250001,
    4.567563000000001,
    4.63090753125,
    4.69847503125,
    4.775333062500001,
    4.82178571875
  ],
  "Bass Drum 1": [
    4.831920843750001
  ]
}