{
  "Acoustic Snare": [
    0.5401782833333334,
    0.7589281666666667,
    0.8281245583333333,
    0.8794638166666667,
    0.9084816583333334,
    0.9877226875,
    1.0468744416666667,
    1.0680797875,
    1.2098207833333334,
    1.4821420666666667,
    1.7466508541666668,
    2.0167399958333334
  ],
  "Ride Cymbal 1": [
    0.5435264958333333
  ]
}