{
  "Closed Hi Hat": [
    0.0,
    0.911
  ],
  "Ride Cymbal 1": [
    0.006,
    0.459,
    0.781,
    0.9530000000000001
  ],
  "High Tom": [
    0.14400000000000002
  ],
  "Bass Drum 1": [
    0.294,
    0.759,
    1.248
  ],
  "Acoustic Snare": [
    0.588,
    1.112,
    1.562
  ],
  "High Floor Tom": [
    1.424
  ]
}