{
  "Bass Drum 1": [
    0.0,
    0.57421875,
    1.8349609375
  ],
  "Ride Cymbal 1": [
    0.0009765625,
    0.2421875,
    0.4638671875,
    0.6962890625,
    1.8447265625
  ],
  "Acoustic Snare": [
    0.234375,
    0.6943359375
  ],
  "High Tom": [
    0.9443359375,
    1.0576171875,
    1.1640625,
    1.28125
  ],
  "High Floor Tom": [
    1.38671875,
    1.5068359375,
    1.61328125,
    1.728515625
  ]
}