{
  "Closed Hi Hat": [
    0.75084384375,
    4.3935766875,
    5.574318750000001
  ],
  "Acoustic Snare": [
    0.787161375,
    0.8935801875000001,
    1.37584321875,
    1.48057284375,
    2.1241532812500004,
    2.3192544375,
    2.3606395312500004,
    2.39611246875,
    2.4248286562500003,
    2.5143555937500004,
    2.60219334375,
    2.699321625,
    2.9130038437500003,
    3.010132125,
    3.1182401250000003,
    3.21536840625,
    3.7863137812500005,
    3.8893542187500003,
    4.0050635625,
    4.08529996875,
    4.179894468750001,
    4.28124571875,
    4.382596968750001,
    4.536313031250001
  ],
  "High Tom": [
    0.9814179375000001,
    1.077701625,
    1.6959442500000002,
    2.8184093437500004,
    3.3150304687500003
  ],
  "Bass Drum 1": [
    1.179052875,
    1.2939176250000002,
    3.5354694375,
    3.6030369375,
    4.7998262812500005
  ],
  "Low-Mid Tom": [
    1.7989846875000002,
    3.4104695625000003
  ],
  "High Floor Tom": [
    2.0185790625,
    2.23057209375,
    3.6900300937500004
  ],
  "Crash Cymbal 1": [
    4.80320465625
  ]
}