{
  "Bass Drum 1": [
    0.0
  ],
  "Acoustic Snare": [
    0.0,
    0.4956392375,
    0.84302275,
    1.2441853,
    1.514533975,
    1.648254825,
    1.7674408,
    1.8677314375,
    1.9651151
  ],
  "High Tom": [
    0.3328486375,
    1.4084293875,
    2.0770336375,
    2.18023125
  ],
  "Closed Hi Hat": [
    0.6148252125
  ],
  "Low-Mid Tom": [
    2.2906963,
    2.409882275
  ],
  "High Floor Tom": [
    2.51744035,
    2.636626325
  ]
}