{
  "Bass Drum 1": [
    0.00625,
    0.2708333333333333,
    1.0375,
    1.2666666666666666,
    1.7885416666666667
  ],
  "Closed Hi Hat": [
    0.007291666666666667,
    0.51875,
    1.0208333333333333,
    1.2729166666666667,
    1.540625,
    1.778125
  ],
  "Acoustic Snare": [
    1.5270833333333333,
    1.5875
  ]
}