{
  "Bass Drum 1": [
    0.06442287291666667,
    0.3480758208333333,
    0.86249726875,
    1.1538425,
    1.6615332,
    1.9432630770833335,
    2.445184564583333,
    2.74326054375,
    3.265374275
  ],
  "Acoustic Snare": [
    0.1384611,
    0.42980633125,
    0.7519206958333333,
    0.9682661645833334,
    1.2451883645833333,
    1.5596104458333333,
    1.7692251666666667,
    2.0403781541666666,
    2.349031022916667,
    2.54710731875,
    2.8211449125,
    3.1480669541666666,
    3.3586432104166666,
    3.5826809625
  ],
  "Ride Cymbal 1": [
    0.24134538958333335,
    0.6249980208333333,
    1.05865049375,
    1.4557646208333332,
    1.8538402833333334,
    2.2346083083333332,
    2.6519146791666666,
    3.0509518770833335,
    3.4557582875
  ],
  "High Tom": [
    0.5384598333333334,
    1.349995725,
    2.13172401875,
    2.9413368395833333
  ]
}