{
  "Acoustic Snare": [
    1.98125,
    2.61875,
    2.714583333333333,
    2.8270833333333334,
    2.9604166666666667
  ],
  "High Tom": [
    2.475
  ],
  "High Floor Tom": [
    3.2041666666666666,
    3.4770833333333333
  ],
  "Bass Drum 1": [
    3.74375
  ]
}