{
  "Closed Hi Hat": [
    0.0,
    0.48125,
    0.9354166666666667,
    1.4708333333333332,
    1.7645833333333334,
    2.2645833333333334,
    4.525,
    7.158333333333333,
    7.485416666666667,
    10.975,
    11.45,
    13.916666666666666,
    16.477083333333333,
    18.416666666666668,
    19.49375,
    19.683333333333334,
    19.972916666666666,
    20.422916666666666,
    22.504166666666666,
    22.97083333333333,
    24.191666666666666,
    24.922916666666666,
    25.477083333333333,
    25.697916666666668,
    25.945833333333333,
    26.389583333333334,
    28.916666666666668,
    30.389583333333334,
    30.9,
    31.45625,
    31.93958333333333,
    32.40833333333333,
    34.4875,
    35.00416666666666,
    35.50208333333333,
    36.45,
    37.485416666666666,
    37.97083333333333,
    38.4125,
    40.41875,
    40.954166666666666,
    41.454166666666666,
    41.7875,
    41.9375,
    42.47291666666666,
    43.47083333333333,
    45.0375,
    46.475,
    48.16041666666666,
    48.875,
    49.454166666666666,
    49.9375,
    50.37083333333333,
    52.106249999999996,
    54.927083333333336,
    55.452083333333334,
    55.918749999999996,
    58.489583333333336,
    58.639583333333334,
    60.46041666666667,
    61.45625,
    61.90625,
    62.385416666666664,
    64.525,
    64.9625,
    65.44583333333333,
    67.44791666666667,
    67.9625,
    68.41875,
    68.84791666666666,
    70.44375,
    70.96041666666666,
    71.42916666666666
  ],
  "Acoustic Snare": [
    1.4333333333333333,
    1.4875,
    4.539583333333333,
    7.470833333333333,
    7.789583333333333,
    10.4875,
    11.141666666666666,
    11.285416666666666,
    11.45,
    13.475,
    16.45625,
    19.485416666666666,
    20.097916666666666,
    20.275,
    20.44375,
    22.504166666666666,
    25.483333333333334,
    26.26875,
    28.460416666666667,
    31.460416666666667,
    32.30416666666667,
    32.46666666666667,
    34.47083333333333,
    35.79375,
    37.50416666666666,
    38.18125,
    38.329166666666666,
    38.48125,
    40.44375,
    41.27708333333333,
    43.47083333333333,
    44.31458333333333,
    44.49166666666667,
    46.48125,
    49.458333333333336,
    50.09375,
    50.26875,
    50.43333333333333,
    52.514583333333334,
    55.46875,
    56.28541666666666,
    56.47083333333333,
    58.47291666666666,
    61.46875,
    62.12083333333333,
    62.27708333333333,
    62.44583333333333,
    64.4875,
    67.46666666666667,
    68.78541666666666,
    70.45208333333333,
    71.7875,
    72.78958333333333,
    73.45625,
    73.49166666666666
  ],
  "High Tom": [
    1.7583333333333333,
    11.766666666666666,
    13.91875,
    14.00625,
    20.75625,
    26.75,
    32.78958333333333,
    38.791666666666664,
    50.75833333333333,
    62.764583333333334,
    73.95208333333333,
    74.0
  ],
  "Low-Mid Tom": [
    2.2729166666666667,
    2.45,
    11.614583333333334,
    14.125,
    14.270833333333334,
    38.65416666666667,
    50.60208333333333,
    62.6125,
    74.13333333333333,
    74.28125
  ],
  "High Floor Tom": [
    2.7729166666666667,
    14.458333333333334,
    14.775,
    26.45,
    74.47916666666667,
    74.78541666666666
  ],
  "Bass Drum 1": [
    2.9520833333333334,
    3.8270833333333334,
    6.03125,
    8.302083333333334,
    8.435416666666667,
    8.772916666666667,
    8.929166666666667,
    9.79375,
    10.3125,
    11.947916666666666,
    12.245833333333334,
    12.747916666666667,
    12.935416666666667,
    13.291666666666666,
    14.945833333333333,
    17.391666666666666,
    17.53333333333333,
    17.9375,
    20.935416666666665,
    21.264583333333334,
    21.779166666666665,
    23.979166666666668,
    26.95,
    29.441666666666666,
    29.933333333333334,
    32.96666666666667,
    33.27916666666667,
    33.7875,
    33.952083333333334,
    36.01875,
    38.958333333333336,
    39.24791666666667,
    39.80833333333333,
    41.97291666666666,
    44.96458333333333,
    47.96875,
    50.94375,
    51.24791666666667,
    54.00208333333333,
    56.76875,
    56.94166666666666,
    59.479166666666664,
    59.97291666666666,
    62.93958333333333,
    63.266666666666666,
    65.95416666666667,
    68.94166666666666,
    71.95625,
    73.30833333333334,
    74.975
  ],
  "Crash Cymbal 1": [
    2.966666666666667,
    8.93125,
    11.927083333333334,
    14.952083333333333,
    20.927083333333332,
    26.95,
    32.96041666666667,
    38.95,
    50.9375,
    56.96666666666667,
    62.947916666666664,
    74.98333333333333
  ],