{
  "Acoustic Snare": [
    0.5301336458333333,
    0.7522317416666667,
    0.8381691958333334,
    0.9062495166666666,
    0.9877226875,
    1.0624994333333333,
    1.0814726375000001,
    1.2176332791666666,
    1.3426332125,
    1.4698652875,
    1.5825884416666667,
    1.7198651541666667,
    1.854909725
  ],
  "Ride Cymbal 1": [
    0.5279015041666667
  ]
}