{
  "Acoustic Snare": [
    0.0,
    0.152,
    0.454,
    0.63,
    0.935,
    1.107,
    1.413,
    1.585
  ],
  "Ride Cymbal 1": [
    0.0,
    0.456,
    0.9390000000000001,
    1.423
  ],
  "Closed Hi Hat": [
    0.002,
    0.454,
    0.9530000000000001,
    1.409
  ],
  "Bass Drum 1": [
    0.3,
    0.786,
    1.2690000000000001,
    1.75
  ]
}