{
  "Ride Cymbal 1": [
    0.0,
    0.2421875,
    0.44921875,
    0.6865234375,
    0.908203125,
    1.146484375,
    1.3759765625,
    1.61328125
  ],
  "Acoustic Snare": [
    0.228515625,
    0.671875,
    1.140625,
    1.611328125
  ],
  "Bass Drum 1": [
    0.5576171875,
    0.9287109375,
    1.478515625
  ]
}