{
  "High Floor Tom": [
    0.05743237500000001
  ],
  "Acoustic Snare": [
    0.14695931250000002,
    0.25168893750000004,
    0.34966181250000006,
    0.43412118750000006,
    0.5447629687500001
  ]
}