{
  "Acoustic Snare": [
    0.02901784166666667,
    0.1506695625,
    0.2042409625,
    0.2555802208333333,
    0.4017855,
    0.47321403333333334,
    0.54910685,
    0.6808032083333334,
    0.7979906458333333,
    0.9185262958333333,
    1.0513387250000001,
    1.1629458083333333,
    1.3024546625,
    1.5535706,
    1.8113829625,
    1.9241061166666666,
    2.055802475,
    2.1841506208333334,
    2.3113826958333332,
    2.425221920833333,
    2.4977665250000003,
    2.5792396958333335,
    2.6551325125000003,
    2.7165164083333333,
    2.7834806583333336,
    2.8616056166666666,
    2.9787930541666667,
    3.0479894458333336,
    3.2555786208333335,
    3.3191946583333336,
    3.3828106958333333,
    3.4174088916666667,
    3.5379445416666666,
    3.6874980333333336,
    3.7845961958333336,
    3.87053365,
    3.9743282375
  ],
  "High Tom": [
    0.2845980625,
    1.6774544625,
    3.1450876083333332
  ],
  "Low-Mid Tom": [
    1.4285706666666667
  ],
  "High Floor Tom": [
    4.059149620833334,
    4.152899570833333
  ]
}