{
  "Closed Hi Hat": [
    0.0,
    0.427,
    0.9510000000000001,
    1.436
  ],
  "Ride Cymbal 1": [
    0.022,
    0.454,
    0.791,
    0.967,
    1.459,
    1.798
  ],
  "Acoustic Snare": [
    0.026000000000000002,
    0.184,
    0.794,
    1.119,
    1.473,
    1.7870000000000001
  ],
  "Bass Drum 1": [
    0.243,
    0.439
  ]
}