{
  "Bass Drum 1": [
    0.0,
    0.5498046875
  ],
  "Ride Cymbal 1": [
    0.0048828125,
    0.2412109375,
    0.458984375,
    0.68359375
  ],
  "Acoustic Snare": [
    0.23828125,
    0.68359375
  ],
  "High Tom": [
    0.935546875,
    1.052734375,
    1.28515625,
    1.412109375
  ],
  "High Floor Tom": [
    1.521484375,
    1.634765625
  ]
}