{
  "Closed Hi Hat": [
    0.36486450000000004
  ],
  "Acoustic Snare": [
    0.7972965000000001,
    0.90455990625,
    1.11486375
  ],
  "Bass Drum 1": [
    1.030404375
  ],
  "High Tom": [
    1.23648525
  ]
}