{
  "Acoustic Snare": [
    0.005580354166666667,
    0.1171874375,
    0.18638382916666668,
    0.3749998,
    0.4374997666666667,
    0.5234372208333333,
    0.6272318083333334,
    0.6908478458333334,
    0.8883923833333334,
    0.9486602083333333,
    1.1272315416666667,
    1.1874993666666667,
    1.2332582708333333,
    1.2946421666666668,
    1.4107135333333334,
    1.4999992,
    1.5915170083333334,
    1.6752223208333334,
    1.7723204833333335,
    1.8660704333333333,
    1.948659675,
    2.0379453416666666,
    2.1395077875,
    2.5457575708333335,
    2.6897307083333333,
    2.8091502875,
    2.946427,
    3.079239429166667,
    3.20089115,
    3.4665160083333335,
    3.594864154166667,
    3.718748016666667,
    3.8549086583333336
  ],
  "High Tom": [
    0.2712052125,
    2.4140612125
  ],
  "Low-Mid Tom": [
    0.7790174416666666,
    1.0435262291666667,
    3.33481965
  ],
  "Closed Hi Hat": [
    2.4285701333333334
  ],
  "High Floor Tom": [
    3.9854889458333336,
    4.1160692333333335
  ]
}