{
  "Acoustic Snare": [
    0.23648625,
    1.300674375,
    1.3378365,
    3.2263481250000003,
    3.246618375,
    3.8496583125000003,
    4.064185125000001,
    4.076009437500001,
    5.03631253125,
    5.1368191875,
    5.2229677500000005,
    5.91637921875,
    6.023642625000001,
    6.115703343750001,
    6.21029784375
  ],
  "High Tom": [
    0.8226343125000001,
    0.8471275312500001,
    1.6520253750000002,
    1.6883429062500002,
    3.6325977187500005,
    3.66131390625,
    5.33192034375,
    5.513508000000001
  ],
  "Closed Hi Hat": [
    2.834456625,
    3.4265168437500004,
    3.8648610000000003,
    4.26435384375,
    4.82178571875,
    5.985635906250001
  ],
  "High Floor Tom": [
    4.64442103125,
    5.4197580937500005,
    5.831919843750001
  ],
  "Bass Drum 1": [
    5.6199268125
  ]
}