{
  "Ride Cymbal 1": [
    0.007
  ],
  "Acoustic Snare": [
    0.333,
    0.404,
    0.482
  ],
  "High Tom": [
    0.8160000000000001
  ],
  "Closed Hi Hat": [
    0.9560000000000001
  ],
  "High Floor Tom": [
    1.295,
    1.464
  ]
}