{
  "High Floor Tom": [
    0.0086805625,
    0.40538226875000005,
    0.833334
  ],
  "Bass Drum 1": [
    0.24131963750000002,
    0.7144102937500001
  ],
  "Acoustic Snare": [
    0.40364615625,
    0.4878476125,
    0.96614660625,
    1.1024314375000002,
    1.2473968312500001,
    1.3836816625000001,
    1.5182303812500002
  ]
}