{
  "Closed Hi Hat": [
    0.12499987500000001,
    0.54729675,
    0.9603030937500001,
    1.3217892187500002,
    1.3969580625000002,
    1.523647125,
    1.7212820625,
    1.7972955000000002,
    2.2077680625,
    2.6157068437500004,
    3.0109767187500003,
    3.212834625,
    3.61232746875,
    3.8293880625000005,
    4.03462434375,
    4.433272593750001,
    4.64273184375,
    4.85219109375,
    5.053204406250001,
    5.267731218750001,
    5.469589125000001,
    5.684960531250001,
    5.888507625000001,
    6.648642000000001,
    6.89272959375,
    7.0945875,
    7.289688656250001,
    7.486479000000001,
    7.69678284375,
    7.895262375000001,
    8.1081,
    8.30151196875,
    8.5016806875,
    8.702694000000001,
    8.902018125000001,
    9.10049765625,
    9.29137584375,
    9.499990500000001,
    9.703537593750001,
    9.896949562500001,
    10.1233006875,
    10.318401843750001,
    10.545597562500001,
    10.731408187500001,
    10.936644468750002,
    11.13427940625,
    11.348806218750001,
    11.554042500000001,
    11.75252203125,
    11.95269075,
    12.149481093750001,
    13.345425843750002,
    13.74238490625,
    14.131742625000001,
    14.538836812500001,
    14.949309375000002,
    15.36231571875,
    15.770254500000002,
    16.187483812500002,
    16.570929375000002,
    16.961976281250003,
    17.361469125000003,
    17.769407906250002,
    18.162144,
    18.557413875,
    18.960285093750002,
    19.3800481875,
    19.7888315625,
    20.217885187500002,
    20.617378031250002,
    21.02278303125,
    21.42143128125,
    21.808255218750002,
    22.214504812500003,
    22.634267906250003,
    23.03122696875,
    23.441699531250002,
    23.847949125000003,
    24.26602303125,
    24.646934812500003,
    25.0996370625,
    25.489839375000003
  ],
  "Acoustic Snare": [
    0.34037128125000005,
    0.7483100625000001,
    1.17820828125,
    1.59712678125,
    2.0101331250000003,
    2.4121597500000003,
    2.8082742187500003,
    3.2103008437500002,
    3.61232746875,
    4.0320905625000005,
    4.4341171875,
    4.85388028125,
    5.266886625000001,
    5.686649718750001,
    5.9780345625,
    6.072629062500001,
    6.157933031250001,
    6.34543284375,
    6.453540843750001,
    6.884283656250001,
    7.295600812500001,
    7.689181500000001,
    8.10556621875,
    8.513505,
    8.89103840625,
    8.93495728125,
    9.289686656250002,
    9.699314625000001,
    10.124989875,
    10.539685406250001,
    10.933266093750001,
    11.342894062500001,
    11.746609875,
    12.146947312500002,
    12.342893062500002,
    12.40454840625,
    12.461136187500001,
    12.5455955625,
    12.952689750000001,
    13.36062853125,
    13.762655156250002,
    14.1773506875,
    14.572620562500001,
    14.98224853125,
    15.385119750000001,
    15.796436906250001,
    16.2043756875,
    16.604713125,
    16.983091125,
    17.39863125,
    17.7989686875,
    18.184948031250002,
    18.5827516875,
    19.0050485625,
    19.397784656250003,
    19.827682875,
    20.233087875000002,
    20.633425312500002,
    21.038830312500004,
    21.4408569375,
    21.847106531250002,
    22.24068721875,
    22.63595709375,
    23.0624769375,
    23.47379409375,
    23.871597750000003,
    24.287137875000003,
    24.692542875,
    25.135954593750004,
    25.508420437500003
  ],
  "Bass Drum 1": [
    3.2018549062500004,
    3.6190842187500003,
    4.0489824375,
    4.44002934375,
    4.84036678125,
    5.25928528125,
    5.35556896875,
    5.6773591875000005,
    6.077696625000001,
    6.188338406250001,
    6.459453000000001,
    6.890195812500001,
    7.295600812500001,
    7.692559875000001,
    8.10387703125,
    8.328538968750001,
    8.686646718750001,
    9.096274687500001,
    9.18495703125,
    9.50421346875,
    9.70184840625,
    10.116543937500001,
    10.547286750000001,
    10.746610875000002,
    10.939178250000001,
    11.115698343750001,
    11.336137312500002,
    11.551508718750002,
    11.7685693125,
    11.956913718750002,
    12.15792703125,
    12.29306203125,
    12.712825125000002,
    12.922284375,
    13.554040500000001,
    13.966202250000002,
    14.35724915625,
    14.76096496875,
    15.17819428125,
    15.586133062500002,
    16.0016731875,
    16.397787656250003,
    16.78123321875,
    17.182415250000002,
    17.576840531250003,
    17.989002281250002,
    18.381738375,
    18.766873125,
    19.19339296875,
    19.6080885,
    20.01940565625,
    20.416364718750003,
    20.823458906250004,
    21.233086875,
    21.61737703125,
    22.035450937500002,
    22.457747812500003,
    22.849639312500003,
    23.233084875000003,
    23.644402031250003,
    24.064165125000002,
    24.469570125,
    24.881731875000003,
    25.31163009375,
    25.69845403125,
    25.903690312500004
  ],
  "Crash Cymbal 1": [
    6.46198678125,
    12.9476221875,
    19.206061875000003,
    22.857240656250003,
    24.0895029375,
    24.48054984375,
    24.917204812500003,
    25.72294725,
    25.902001125
  ],
  "Ride Cymbal 1": [
    13.36231771875,
    13.575155343750001,
    13.775324062500001,
    13.986472500000001,
    14.173972312500002,
    14.364850500000001,
    14.575998937500001,
    14.773633875000002,
    14.9645120625,
    15.175660500000001,
    15.381741375,
    15.58359928125,
    15.797281500000002,
    15.994071843750001,
    16.0945785,
    16.190862187500002,
    16.385963343750003,
    16.58359828125,
    16.778699437500002,
    16.974645187500002,
    17.17650309375,
    17.3868069375,
    17.491536562500002,
    17.7820768125,
    17.97548878125,
    18.18241425,
    18.37836,
    18.675657,
    18.77447446875,
    19.00589315625,
    19.402852218750002,
    19.829372062500003,
    20.021939437500002,
    20.232243281250003,
    20.4307228125,
    20.63426990625,
    20.83866159375,
    21.0455870625,
    21.24575578125,
    21.5320730625,
    21.83359303125,
    22.241531812500003,
    22.437477562500003,
    22.535450437500003,
    23.061632343750002,
    23.260956468750003,
    23.468726531250002,
    23.640179062500003,
    25.331900343750004
  ]
}