{
  "Closed Hi Hat": [
    1.0479905125,
    2.6417396625,
    2.6718735750000002,
    2.9296859375,
    3.069194791666667,
    3.2131679291666666,
    3.7332569375,
    3.749998,
    4.021203212500001,
    4.281247716666667,
    4.8046849375,
    4.815845645833334,
    5.069193725,
    5.322541804166667,
    5.8348183166666665,
    5.8493272375,
    6.111603883333333,
    6.376112670833334,
    6.916290954166667,
    6.930799875,
    7.193076520833333,
    7.454237095833333,
    7.988835025,
    7.996647520833333,
    8.262272379166667,
    8.536825804166668,
    9.0636112375,
    9.089280866666668,
    9.347093229166667,
    9.611602016666668,
    10.131691025,
    10.158476725,
    10.4229855125,
    10.689726441666666,
    11.205351166666667,
    11.229904725,
    11.4910653,
    11.747761591666666,
    12.248877395833334,
    12.266734529166667,
    13.359367875,
    13.380573220833334,
    13.6372695125,
    13.8917336625,
    14.410706600000001,
    14.430795875000001,
    14.685260025,
    15.510036370833333,
    17.683026283333334,
    17.9296779375,
    18.186374229166667,
    18.708695379166667,
    18.7232043,
    18.992177370833335,
    19.267846866666666,
    19.799096583333334,
    19.812489433333333,
    20.070301795833334,
    20.328114158333335,
    20.847087095833334,
    20.873872795833336,
    21.145078008333336,
    21.4185153625,
    21.935256158333335,
    21.973202566666668,
    22.2354792125,
    22.4966397875,
    23.015612725,
    23.040166283333335,
    23.296862575000002,
    26.1930663875,
    26.204227095833335,
    26.483244804166667,
    26.746637520833335,
    27.260030104166667,
    27.286815804166668,
    27.560253158333335,
    27.819181591666666,
    28.337038458333335,
    28.3660563,
    28.6339133,
    28.886145308333333,
    29.401770033333335,
    29.4207432375,
    29.695296662500002,
    29.962037591666668,
    30.481010529166667,
    30.5122605125,
    30.774537158333334,
    30.92409065,
    31.064715575,
    31.579224229166666,
    31.604893858333334,
    31.856009795833334,
    32.120518583333336,
    32.94752707083333,
    33.06136629583334,
    33.18859837083333
  ],
  "Acoustic Snare": [
    1.5970973625,
    1.7232133666666667,
    1.8470972291666667,
    1.9732132333333334,
    2.6595967958333335,
    2.841516341666667,
    3.0758912166666668,
    3.3470964291666667,
    3.7444176458333334,
    4.1551317125,
    4.8091492208333335,
    5.1997740125,
    5.444193525,
    5.8493272375,
    6.252228808333333,
    6.9207552375,
    7.3426300125,
    7.578120958333334,
    7.9932993083333335,
    8.426334791666667,
    9.084816583333334,
    9.494414579166667,
    9.738834091666668,
    10.1484320875,
    10.562494366666668,
    11.217627945833334,
    11.627225941666667,
    11.877225808333334,
    12.3984308875,
    12.529011175,
    12.655127179166668,
    13.363832158333334,
    13.771198012500001,
    14.42409945,
    14.624992200000001,
    14.827001020833334,
    14.87945635,
    14.948652741666667,
    15.054679470833333,
    15.1238758625,
    15.189724041666667,
    15.219857954166667,
    15.350438241666668,
    15.488831025,
    15.636152375,
    15.772313016666667,
    15.905125445833335,
    16.0211968125,
    16.055795008333334,
    16.166286020833333,
    16.287937741666667,
    16.415169816666666,
    16.547982245833335,
    17.67074950416667,
    18.064722508333332,
    18.322534870833334,
    18.70981145,
    19.131686225,
    19.799096583333334,
    20.215391004166666,
    20.470971225,
    20.8627120875,
    21.297979712500002,
    21.949765079166667,
    22.119407845833333,
    22.366059500000002,
    22.641728995833333,
    23.023425220833335,
    23.201996554166666,
    23.411817870833335,
    23.483246404166668,
    23.569183858333336,
    23.669630233333333,
    23.743290908333336,
    23.834808716666668,
    23.954228295833335,
    24.095969291666666,
    24.235478145833333,
    24.368290575,
    24.502219075,
    24.9006563625,
    25.15735265416667,
    25.277888304166666,
    25.414048945833333,
    26.1997628125,
    26.617173304166666,
    26.872753525,
    27.2678426,
    27.6930655875,
    27.950877950000002,
    28.351547379166668,
    28.7778864375,
    29.03458272916667,
    29.417395025,
    29.8158323125,
    29.874984066666666,
    29.926323325000002,
    29.984359008333335,
    30.501099804166667,
    30.909581729166668,
    31.18748336666667,
    31.599313504166666,
    31.9921704375,
    32.24775065833333,
    32.3839113,
    32.517839800000004,
    33.33480365,
    33.44306252083334,
    33.569178525,
    33.622749925,
    33.667392758333335,
    33.70868737916667,
    33.84149980833333,
    33.956455104166665
  ],
  "Bass Drum 1": [
    2.068079254166667,
    2.3582576708333334,
    3.4598195833333336,
    4.274551291666667,
    4.539060079166667,
    5.555800608333334,
    6.368300175,
    6.627228608333334,
    7.698656608333334,
    8.5145043875,
    8.781245316666666,
    9.8604858125,
    10.679681804166666,
    10.929681670833334,
    11.991065033333333,
    12.809144954166667,
    14.138385316666668,
    14.659590395833334,
    14.9229831125,
    17.095973025,
    18.379454483333333,
    19.2488736625,
    19.5234270875,
    20.591506875,
    21.399542158333333,
    21.6595866625,
    22.725434308333334,
    25.678557733333335,
    26.975432041666668,
    27.799092316666666,
    28.079226095833334,
    29.14842195416667,
    29.962037591666668,
    30.22766245,
    31.306902945833333,
    32.10489359166667,
    32.689714708333334,
    32.810250358333334
  ],
  "Crash Cymbal 1": [
    2.0993292375,
    12.810261025
  ],
  "Open Hi Hat": [
    2.3816951583333332,
    3.464283866666667,
    4.539060079166667,
    5.573657741666667,
    6.636157175,
    7.698656608333334,
    8.801334591666667,
    9.861601883333334,
    10.946422733333334,
    11.997761458333335,
    13.080350166666667,
    14.148429954166668,
    18.439722308333334,
    19.531239583333335,
    20.5881586625,
    21.68525629166667,
    22.752220008333335,
    26.991057033333334,
    28.082574308333335,
    29.1428416,
    30.23993922916667,
    31.3158315125
  ],
  "High Tom": [
    16.681910745833335,
    25.024540225
  ],
  "High Floor Tom": [
    16.816955316666668,
    16.948651675,
    25.537932808333334
  ],
  "Ride Cymbal 1": [
    17.095973025,
    25.672977379166667
  ],
  "Low-Mid Tom": [
    24.636147575000003,
    24.777888570833333
  ]
}