{
  "High Floor Tom": [
    0.0,
    0.41232671875000004,
    0.8446187312500001
  ],
  "Bass Drum 1": [
    0.25260436875000003,
    0.7135422375
  ],
  "Acoustic Snare": [
    0.40885449375000005,
    0.9861119,
    1.11805645,
    1.2517371125,
    1.392362225,
    1.5260428875
  ]
}