{
  "Bass Drum 1": [
    0.0022321416666666667,
    0.261160575,
    1.3247760791666667,
    2.1372756458333333,
    2.398436220833333,
    3.475444575,
    4.274551291666667,
    4.54017615,
    5.6082559375,
    6.416291220833333,
    6.677451795833334,
    7.726558379166667,
    8.556915079166666,
    8.820307795833333,
    9.965396470833333,
    10.715396070833334,
    10.997761991666668,
    12.0435203625,
    12.831466370833335,
    13.1082519375,
    14.141733529166666,
    14.9564652375,
    15.229902591666667,
    16.3124913,
    17.143964070833334,
    17.41963356666667,
    18.4519990875,
    19.284587929166666,
    19.547980645833334,
    20.592622945833334,
    21.408470725,
    21.6729795125,
    22.715389670833336,
    23.537933875,
    23.8091390875,
    24.867174237500002,
    25.6841380875,
    25.95087901666667,
    27.034583795833335,
    27.854895858333336,
    28.10712786666667,
    29.174091583333333,
    29.991055433333333,
    30.25444815,
    31.30467080416667,
    32.0926168125,
    32.377214875,
    33.429669670833334,
    34.271187079166666,
    34.53123158333334,
    35.590382804166666,
    38.50221160833333,
    39.85823767083333,
    40.67966580416667,
    40.962031725,
    42.0234150875,
    42.842611079166666,
    43.1082359375,
    44.198637141666666,
    44.97877065416667,
    45.25667229166667,
    47.09149274166667,
    47.379439016666666,
    48.4720723625,
    49.272295150000005,
    49.5501967875,
    50.5948390875,
    51.421847575,
    51.6796599375,
    52.748855795833336,
    55.714256,
    57.02787137083334,
    57.828094158333336,
    58.09371901666667,
    59.177423795833334,
    59.98545907916667,
    60.26001250416667,
    61.305770875,
    64.25331394583334,
    65.61045607916667,
    66.42741992916667,
    66.6796519375,
    67.7577763625,
    68.54683844166667,
    69.8805430875,
    70.6707212375,
    70.95643537083333,
    72.03455979583333,
    72.8269700875,
    73.10710386666666,
    74.18188007916667,
    74.97429037083333,
    75.26000450416667,
    76.32027179583334,
    77.1126820875,
    77.3805390875,
    78.44973494583334,
    79.75218960833334,
    79.88388596666667
  ],
  "Closed Hi Hat": [
    0.005580354166666667,
    0.5279015041666667,
    0.5535711333333333,
    0.7935263625,
    0.9296870041666667,
    1.0892851333333333,
    1.5915170083333334,
    1.6183027083333335,
    1.8705347166666668,
    2.1305792208333334,
    2.6551325125000003,
    2.684150354166667,
    2.9486591416666665,
    3.2075875750000002,
    3.4665160083333335,
    3.7343730083333333,
    3.755578354166667,
    4.023435354166667,
    4.285712,
    4.8169617166666665,
    4.828122425,
    5.095979425,
    5.3604882125,
    5.877229008333334,
    5.892854,
    6.1506663625,
    6.429684070833334,
    6.694192858333333,
    6.970978425,
    7.2287907875,
    7.371647854166667,
    7.501112070833334,
    7.7299065916666665,
    8.0189689375,
    8.292406291666667,
    8.563611504166667,
    8.843745283333334,
    9.117182637500001,
    9.372762858333333,
    9.514503854166668,
    9.6595930625,
    9.905128645833333,
    10.180798141666667,
    10.455351566666668,
    10.7310210625,
    11.006690558333334,
    11.275663629166667,
    11.532359920833334,
    11.796868708333333,
    12.073654275,
    12.323654141666667,
    12.582582575,
    12.850439575000001,
    13.119412645833334,
    13.3895017875,
    13.652894504166667,
    13.910706866666667,
    14.1662870875,
    14.439724441666668,
    14.704233229166666,
    14.965393804166666,
    15.247759725,
    15.5323577875,
    15.796866575000001,
    16.062491433333335,
    16.320303795833333,
    16.60601792916667,
    16.870526716666667,
    17.141731929166667,
    17.421865708333335,
    17.697535204166666,
    17.953115425,
    18.217624212500002,
    18.7466417875,
    18.75891856666667,
    19.0211952125,
    19.291284354166667,
    19.558025283333333,
    19.830346566666666,
    20.087042858333334,
    20.3470873625,
    20.860479945833333,
    20.886149575,
    21.146194079166666,
    21.417399291666666,
    21.684140220833335,
    21.95088115,
    22.21092565416667,
    22.470970158333333,
    22.993291308333333,
    23.0089163,
    23.277889370833336,
    23.540166016666667,
    23.811371229166667,
    24.090388937500002,
    24.361594150000002,
    24.613826158333335,
    25.162933008333333,
    25.175209787500002,
    25.437486433333333,
    25.700879150000002,
    25.967620079166668,
    26.2399413625,
    26.512262645833335,
    26.773423220833333,
    27.312485433333332,
    27.321414,
    27.5859227875,
    27.85266371666667,
    28.126101070833336,
    28.3894937875,
    28.658466858333334,
    28.922975645833333,
    29.45087715,
    29.470966425,
    29.73101092916667,
    29.991055433333333,
    30.261144575,
    30.533465858333333,
    30.792394291666668,
    31.052438795833336,
    31.587036725,
    31.597081362500003,
    31.853777654166667,
    32.126098937500004,
    32.391723795833336,
    32.66739329166667,
    32.92185744166667,
    33.198643008333335,
    33.72431237083333,
    33.741053433333335,
    34.008910433333334,
    34.27007100833333,
    34.5502047875,
    34.814713575,
    35.084802716666665,
    35.33926686666667,
    35.86047194583333,
    35.88837371666667,
    36.14953429166667,
    36.37721274166667,
    36.86493569583333,
    37.430783608333336,
    37.94975654583333,
    39.100425575,
    39.36158615,
    39.6160503,
    40.136139308333334,
    40.16292500833333,
    40.43301415,
    40.70533543333333,
    40.9653799375,
    41.245513716666665,
    41.51002250416667,
    41.77229915,
    42.301316725,
    42.324754212500004,
    42.5859147875,
    42.8537717875,
    43.1149323625,
    43.39060185833333,
    43.66627135416667,
    43.930780141666666,
    44.464262,
    44.4876994875,
    44.741047566666666,
    44.999976000000004,
    45.2577883625,
    46.02564509583333,
    46.52787697083333,
    47.10376952083333,
    47.65287637083333,
    47.67296564583334,
    47.940822645833336,
    48.21426,
    48.73100079583333,
    48.76448292083334,
    49.02341135416667,
    49.293500495833335,
    49.79350022916667,
    49.829214495833334,
    50.08367864583334,
    50.3470713625,
    50.86381215833333,
    50.89059785833334,
    51.151758433333335,
    51.42407971666667,
    51.68858850416667,
    51.9743026375,
    52.24104356666667,
    52.50108807083333,
    53.001087804166666,
    53.03680207083333,
    53.54573037083333,
    54.06247116666667,
    54.603765520833335,
    55.13947952083333,
    55.6975149375,
    56.270059275,
    56.526755566666665,
    56.77787150416667,
    57.30800515,
    57.32363014166667,
    57.583674645833334,
    57.850415575,
    58.38054922083334,
    58.3894777875,
    58.65621871666667,
    58.9184953625,
    59.445280795833334,
    59.464254000000004,
    59.726530645833336,
    60.00220014166667,
    60.5390302125,
    60.55019092083334,
    60.81581577916667,
    61.078092425,
    61.34036907083333,
    61.573627875,
    61.618270708333334,
    61.86938664583334,
    64.8515279125,
    65.10822420416667,
    65.36938477916667,
    65.89840235416666,
    65.92853626666667,
    66.18300041666667,
    66.45420562916667,
    66.95978571666667,
    66.984339275,
    67.2354552125,
    67.4966157875,
    67.75554422083333,
    68.035678,
    68.30241892916666,
    68.56246343333333,
    69.10487385833333,
    69.113802425,
    69.37161478750001,
    69.63723964583333,
    69.88612344166667,
    70.16737329166666,
    70.43076600833334,
    70.69862300833334,
    71.24103343333334,
    71.249962,
    71.50554222083333,
    71.77116707916667,
    72.04014015,
    72.32697035416668,
    72.589247,
    72.85598792916667,
    73.38388943333334,
    73.40286263750001,
    73.66625535416667,
    73.928532,
    74.18188007916667,
    74.464246,
    74.73098692916668,
    74.98768322083333,
    75.54125435416667,
    75.80911135416667,
    76.078084425,
    76.33031643333334,
