{
  "Acoustic Snare": [
    0.0008680562500000001,
    0.128472325,
    0.42621561875,
    0.5486115500000001,
    0.815972875,
    0.9505215937500001
  ],
  "Bass Drum 1": [
    0.29079884375000004,
    0.6961811125
  ],
  "High Tom": [
    1.09635504375,
    1.2222232000000002
  ],
  "High Floor Tom": [
    1.3524316375,
    1.4774317375000001
  ]
}