{
  "Acoustic Snare": [
    0.0,
    0.09913790625,
    0.20258615625,
    0.30258613125,
    0.3999999,
    0.49913780625000004,
    0.5991377812500001,
    0.693103275,
    0.7939653187500001,
    0.88362046875
  ],
  "Closed Hi Hat": [
    0.6913791375
  ],
  "High Tom": [
    0.98534458125,
    1.1025859312500002
  ],
  "Low-Mid Tom": [
    1.19051694375,
    1.2982755375000001
  ],
  "High Floor Tom": [
    1.39741344375,
    1.5077582437500001
  ],
  "Bass Drum 1": [
    1.5879306375000002
  ],
  "Crash Cymbal 1": [
    1.6137927
  ]
}