{
  "High Tom": [
    0.0,
    0.7756692291666667,
    1.4553563666666667
  ],
  "Acoustic Snare": [
    0.09040173750000001,
    0.16852669583333335,
    0.24999986666666668,
    0.3292408958333333,
    0.4118301375,
    0.4988836625,
    0.6529014375000001,
    0.9185262958333333,
    1.0468744416666667,
    1.19196365,
    1.3236600083333334
  ],
  "Low-Mid Tom": [
    1.5881687958333335,
    1.7265615791666666
  ],
  "High Floor Tom": [
    1.8470972291666667,
    1.9854900125000001
  ]
}