{
  "Closed Hi Hat": [
    0.011,
    0.504,
    0.8130000000000001,
    1.436
  ],
  "Acoustic Snare": [
    0.027,
    0.20400000000000001,
    0.486,
    0.64,
    1.2750000000000001,
    1.433,
    1.588
  ],
  "High Floor Tom": [
    0.334,
    0.964
  ],
  "High Tom": [
    0.799
  ],
  "Bass Drum 1": [
    1.742
  ],
  "Crash Cymbal 1": [
    1.774
  ]
}