{
  "Bass Drum 1": [
    0.23263907500000003,
    0.7065977875
  ],
  "High Floor Tom": [
    0.38802114375,
    0.8350701125000001
  ],
  "Acoustic Snare": [
    0.39930587500000003,
    0.9843757875000001,
    1.1189245062500002,
    1.2569454500000001,
    1.3906261125000001
  ],
  "Open Hi Hat": [
    1.50781370625
  ],
  "Closed Hi Hat": [
    1.6397582562500002
  ]
}