{
  "Acoustic Snare": [
    0.0672413625,
    0.17844823125,
    0.26982751875,
    0.3637930125,
    0.46982746875000003,
    0.6853446562500001,
    0.7982756625,
    0.89224115625,
    0.98017216875,
    1.0991376562500002,
    1.29396519375,
    1.40086171875,
    1.58879270625,
    1.7112064687500002,
    1.8965512500000001,
    2.0775856875,
    2.1810339375,
    2.3965511250000002
  ],
  "Low-Mid Tom": [
    0.58706881875,
    1.1948272875000001,
    1.7879305875
  ],
  "High Floor Tom": [
    2.8293096375
  ]
}