{
  "Closed Hi Hat": [
    0.0,
    0.494,
    0.8140000000000001,
    0.9520000000000001,
    1.425
  ],
  "Acoustic Snare": [
    0.01,
    0.154,
    0.46900000000000003,
    0.639,
    1.297,
    1.422,
    1.584
  ],
  "High Floor Tom": [
    0.32,
    0.969
  ],
  "High Tom": [
    0.799
  ],
  "Bass Drum 1": [
    1.749
  ],
  "Ride Cymbal 1": [
    1.7550000000000001
  ]
}