{
  "Bass Drum 1": [
    0.024305575000000003,
    0.4218753375,
    0.8055562000000001
  ],
  "Open Hi Hat": [
    0.027777800000000002,
    0.41406283125000004,
    0.8194451
  ],
  "Acoustic Snare": [
    0.26649326875,
    0.66927136875,
    0.9392368625,
    1.0902786500000001,
    1.2135426375,
    1.34982746875,
    1.4739595125
  ],
  "Closed Hi Hat": [
    1.6024318375000002
  ]
}