{
  "Acoustic Snare": [
    0.1810344375,
    0.2603447625,
    0.35603439375,
    0.49482746250000004,
    0.68275845,
    0.7879308375,
    0.8844825375,
    0.98879285625,
    1.0922411062500001,
    1.62068925,
    1.6974133687500002,
    1.80603403125,
    1.9137926250000001,
    2.12672360625,
    2.24396495625,
    2.3353442437500003,
    2.37930975,
    2.42155111875,
    2.4525855937500003,
    2.5551717750000003,
    2.6534476125,
    2.7543096562500002,
    2.8577579062500003,
    2.96465443125
  ],
  "High Tom": [
    0.575861925,
    1.18706866875,
    2.03017190625
  ],
  "Closed Hi Hat": [
    0.6939653437500001
  ],
  "Bass Drum 1": [
    1.4051720625000002,
    1.499999625,
    3.26206815
  ],
  "High Floor Tom": [
    3.0603440625,
    3.1568957625
  ],
  "Ride Cymbal 1": [
    3.2637922875000003
  ]
}