{
  "Closed Hi Hat": [
    0.0
  ],
  "Acoustic Snare": [
    0.007,
    0.177,
    0.47000000000000003,
    0.659,
    1.113,
    1.282,
    1.435,
    1.602,
    1.7510000000000001
  ],
  "High Floor Tom": [
    0.328,
    0.983
  ],
  "High Tom": [
    0.812
  ]
}