{
  "Acoustic Snare": [
    0.0,
    0.08870950000000001,
    0.1680104166666667,
    0.274193,
    0.37096700000000005,
    0.47983775,
    0.5860203333333334,
    0.8252671666666667,
    1.1115569166666668,
    1.2526856666666668,
    1.4502659166666667,
    1.6034914166666667
  ],
  "High Tom": [
    0.9166648333333334
  ],
  "Low-Mid Tom": [
    1.7849426666666668,
    1.9274155000000002
  ],
  "High Floor Tom": [
    2.1223075833333334,
    2.268812666666667
  ]
}