{
  "Bass Drum 1": [
    0.025173631250000002,
    0.4218753375,
    0.8116325937500001
  ],
  "Open Hi Hat": [
    0.0260416875,
    0.41232671875000004,
    0.8541673500000001
  ],
  "Acoustic Snare": [
    0.26996549375,
    0.7083339000000001,
    0.982639675
  ],
  "Closed Hi Hat": [
    1.1119800562500002
  ],
  "High Tom": [
    1.1128481125,
    1.2378482125
  ],
  "High Floor Tom": [
    1.36892470625,
    1.49739703125
  ]
}