{
  "High Floor Tom": [
    0.8499997875,
    1.0568962875,
    1.2681031312500002,
    1.48017204375,
    1.6810340625000002,
    1.87499953125,
    2.0775856875,
    2.28275805,
    2.48879248125
  ],
  "Acoustic Snare": [
    0.8594825437500001,
    1.0543100812500001,
    1.26206865,
    1.4775858375000002,
    1.6836202687500001,
    1.8810340125,
    2.0818960312500003,
    2.286206325,
    2.49568903125,
    2.67672346875,
    2.75086138125,
    2.8181027437500004,
    2.8853441062500003,
    2.9637923625,
    3.0318957937500004,
    3.1224130125,
    3.1749992062500003,
    3.24827505
  ]
}