{
  "Acoustic Snare": [
    0.0,
    0.151,
    0.46,
    0.624,
    1.1,
    1.2530000000000001,
    1.3980000000000001,
    1.57,
    1.73,
    1.8840000000000001
  ],
  "High Floor Tom": [
    0.318,
    0.9430000000000001
  ],
  "High Tom": [
    0.773
  ]
}