{
  "High Floor Tom": [
    0.0241935,
    0.2123651666666667,
    1.9489208333333334,
    2.1182753333333335,
    2.2473073333333335
  ],
  "High Tom": [
    0.35080575,
    0.67338575,
    0.9946216666666667,
    1.1908578333333335,
    1.8024157500000002
  ],
  "Low-Mid Tom": [
    0.5255365833333334,
    0.8749982500000001,
    1.32661025,
    1.6196204166666668
  ]
}