{
  "Acoustic Snare": [
    0.0,
    0.05815976875000001,
    0.12760426875,
    0.26128493125,
    0.40104198750000003,
    0.52083375,
    0.663194975,
    0.8055562000000001
  ],
  "Closed Hi Hat": [
    0.0,
    0.38281280625,
    0.8255214937500001,
    1.2656260125
  ],
  "High Tom": [
    0.94010491875,
    1.00954941875,
    1.07552169375,
    1.2274315375
  ],
  "High Floor Tom": [
    1.3732649875,
    1.5130220437500002
  ]
}