{
  "Acoustic Snare": [
    0.17241375,
    0.3879309375,
    0.6155170875,
    0.82068945,
    1.0327583625,
    1.237930725,
    1.4499996375000002,
    1.6594823437500001,
    1.8706891875,
    2.0827581,
    2.27844770625,
    2.4775855875,
    2.6870682937500003,
    2.8948268625,
    2.97155098125,
    3.0499992375000002,
    3.1172406,
    3.1887923062500003,
    3.2448267750000004
  ],
  "High Floor Tom": [
    0.17672409375,
    0.39224128125,
    0.624137775,
    0.8318963437500001,
    1.0482756,
    1.2474134812500002,
    1.458620325,
    1.66465475625,
    1.8706891875,
    2.0801718937500002,
    2.2775856375,
    2.4741373125000004,
    2.6896545
  ],
  "Bass Drum 1": [
    3.3112060687500002
  ],
  "Crash Cymbal 1": [
    3.3198267562500003
  ]
}