{
  "High Floor Tom": [
    0.03078356875,
    0.17444022291666667,
    0.30970135833333334,
    0.46082069583333335,
    0.60167884375,
    0.7444026625,
    0.906716025,
    1.0559696916666668,
    1.2033576875,
    1.3451486708333333,
    1.4813426416666666,
    1.6203351187500001,
    4.779848675
  ],
  "Acoustic Snare": [
    0.041044758333333334,
    0.1735073875,
    0.32276105416666667,
    0.47854456875,
    0.6343280833333333,
    0.7770519020833333,
    0.9225742270833334,
    1.0541040208333334,
    1.197760675,
    1.3442158354166667,
    1.4832083125,
    1.6277978020833335,
    2.2322751520833335,
    2.5363794979166667,
    2.6417899,
    2.7154838979166667,
    3.138991177083333,
    3.3908567395833336,
    3.485073116666667,
    3.5317148875,
    3.569028304166667,
    4.034513177083333,
    4.44122941875,
    4.925371,
    5.231341016666667,
    5.821825835416667,
    6.1044749666666664,
    6.19869134375,
    6.25466146875,
    6.28824354375,
    6.314362935416667,
    6.712683658333334,
    7.0130566625,
    7.104474533333334
  ],
  "Bass Drum 1": [
    1.75466341875,
    1.8003723541666667,
    2.1147378895833335,
    2.5223869666666667,
    2.7024242020833333,
    2.9458942458333333,
    3.4020507645833336,
    3.86473713125,
    4.332087675,
    4.46921448125,
    4.77145315625,
    5.0764903375,
    5.388990202083334,
    5.660445308333333,
    6.0932809416666665,
    6.277982354166666,
    6.560631485416667,
    6.992534283333334
  ],
  "Ride Cymbal 1": [
    1.7835813166666667,
    2.6912301770833333,
    2.988804675,
    3.134327,
    4.017722139583333,
    4.308766789583333,
    4.481341341666667,
    4.7761173333333335,
    4.940296366666667,
    5.2108186375,
    6.1063406375,
    6.268654,
    6.555967308333334,
    6.721079177083333,
    6.99906413125
  ],
  "Crash Cymbal 1": [
    2.2210811270833335,
    3.4029836,
    5.357273797916667,
    5.80690046875
  ]
}