{
  "Bass Drum 1": [
    0.0,
    1.2212640625000002,
    1.5574708750000004,
    1.7040225625000005,
    2.2341948437500005,
    2.5718384375000007,
    2.7327579375000006,
    3.057470500000001,
    3.630746218750001,
    4.099136906250001,
    4.458332218750001,
    4.807470062500001,
    5.147987218750001,
    5.5014354062500015,
    6.724136250000002,
    7.040228125000001,
    7.199710843750002,
    7.765802656250002,
    8.238503687500002,
    9.479882687500002,
    9.961204406250003,
    10.297411218750003,
    10.646549062500002,
    10.992813343750003,
    12.224134875000003,
    12.574709500000003,
    12.728445093750002,
    13.257180593750004,
    13.602008093750003,
    13.761490812500003,
    14.066088437500003,
    14.997122687500003,
    15.474134062500005,
    15.829019031250004,
    16.181030437500002,
    16.524421156250003,
    17.770110500000005,
    18.272983937500005,
    18.807466562500004,
    19.162351531250003,
    19.306029656250004,
    20.511489125000004,
    20.678155750000005,
    21.024420031250006,
    21.346259031250003,
    21.693960093750004,
    22.047408281250004,
    23.277293031250007,
    23.606315937500007,
    23.770109000000005,
    24.337637593750006,
    24.672407625000005,
    24.836200687500007,
    26.067522218750007,
    26.218384250000007,
    26.577579562500006,
    26.916659937500008,
    27.229878250000006,
    27.558901156250005,
    27.613498843750005,
    28.821831875000008,
    29.14654443750001,
    29.29596968750001,
    29.840509781250006,
    30.191084406250006,
    30.340509656250006,
    31.545969125000006,
    32.02298050000001,
    32.363497656250004,
    32.701141250000006,
    33.03016415625001,
    33.08907218750001,
    34.29596843750001,
    34.665221218750006,
    34.814646468750006,
    35.32470381250001,
    35.68246234375001,
    35.83476115625001,
    37.06464590625001,
    37.224128625000006,
    37.29740446875001,
    37.320392968750006,
    37.56464578125001,
    37.90947328125001,
    38.25142721875001,
    38.57326621875001,
    38.627863906250006,
    39.82470268750001,
    40.17815087500001,
    40.32757612500001,
    40.85774840625001,
    41.21407015625001,
    41.37930000000001,
    42.58619625000001,
    43.05602371875001,
    43.40085121875001,
    43.73849481250001
  ],
  "Closed Hi Hat": [
    0.0,
    0.3433907187500001,
    0.6925285625000002,
    1.0344825000000002,
    1.3649421875000003,
    1.6867811875000005,
    2.0373558125000004,
    2.3778729687500006,
    2.715516562500001,
    3.051723375000001,
    3.4008612187500007,
    3.751435843750001,
    4.102010468750001,
    4.445401187500001,
    4.794539031250001,
    5.137929750000001,
    5.492814718750001,
    5.849136468750001,
    6.206895000000001,
    6.541665031250002,
    6.873561500000002,
    7.196837281250001,
    7.5603429375000015,
    7.910917562500002,
    8.124997968750002,
    8.252871500000001,
    8.591951875000001,
    8.932469031250003,
    9.277296531250002,
    9.630744718750002,
    9.964077968750003,
    10.294537656250002,
    10.636491593750003,
    10.992813343750003,
    11.363502906250003,
    11.705456843750003,
    12.045974000000003,
    12.382180812500003,
    12.708330156250003,
    13.056031218750004,
    13.395111593750004,
    13.731318406250002,
    14.089076937500003,
    14.428157312500003,
    14.774421593750004,
    15.146547937500003,
    15.484191531250003,
    15.813214437500005,
    16.152294812500003,
    16.520110812500004,
    16.887926812500005,
    17.232754312500003,
    17.581892156250003,
    17.903731156250004,
    18.252869000000004,
    18.613501093750003,
    18.949707906250005,
    19.291661843750006,
    19.647983593750006,
    19.989937531250003,
    20.326144343750006,
    20.655167250000005,
    21.004305093750006,
    21.352006156250006,
    21.693960093750004,
    22.047408281250004,
    22.402293250000007,
    22.745683968750004,
    23.100568937500004,
    23.423844718750004,
    23.764361875000006,
    24.129304312500004,
    24.459764000000007,
    24.816085750000006,
    25.170970718750006,
    25.525855687500005,
    25.857752156250005,
    26.215510687500007,
    27.571832187500007,
    27.954016000000006,
    28.301717062500007,
    28.626429625000007,
    28.951142187500007,
    29.29596968750001,
    29.632176500000007,
    29.975567218750008,
    30.327578625000008,
    30.681026812500008,
    31.011486500000007,
    31.347693312500006,
    31.70688862500001,
    32.04309543750001,
    32.362060875000005,
    32.708325156250005,
    33.04596875000001,
    33.42240543750001,
    33.77729040625001,
    34.12786503125001,
    34.44108334375001,
    34.79165796875001,
    35.14079581250001,
    35.48993365625001,
    35.83332437500001,
    36.18533578125001,
    36.53160006250001,
    36.873554000000006,
    37.21981828125001,
    38.57470300000001,
    38.96550750000001,
    39.31320856250001,
    39.65085215625001,
    39.97556471875001,
    40.31464509375001,
    40.66090937500001,
    41.01148400000001,
    41.35200115625001,
    41.70975968750001,
    42.04309293750001,
    42.38504687500001,
    42.73562150000001
  ],
  "Acoustic Snare": [
    0.7011492500000002,
    2.0459765000000005,
    3.0330452187500008,
    3.0675279687500008,
    3.4109186875000006,
    6.211205343750001,
    7.566090062500002,
    8.945400062500003,
    11.712640750000002,
    13.058904781250003,
    14.438214781250004,
    17.241375000000005,
    18.623558562500005,
    19.994247875000006,
    22.757178218750006,
    24.135051437500007,
    25.537349937500007,
    25.650855656250005,
    28.307464187500006,
    29.640797187500006,
    31.015796843750007,
    33.78591109375001,
    34.74568096875001,
    35.15229006250001,
    36.54309431250001,
    36.66091037500001,
    39.32039246875001,
    40.66521971875001,
    41.64510453125001,
    42.05171362500001
  ]
}