{
  "Acoustic Snare": [
    1.9191796270833335,
    1.9773692395833333,
    2.0614209020833334,
    2.1831880541666666,
    2.2963345229166667,
    2.4105585770833335,
    2.54417916875
  ],
  "High Tom": [
    2.8049548395833335,
    2.9353426750000002,
    3.062497754166667,
    3.1821097354166668,
    3.30710964375,
    3.4331871375
  ],
  "Closed Hi Hat": [
    3.4471957479166666
  ],
  "High Floor Tom": [
    3.5765059979166667
  ]
}