{
  "Open Hi Hat": [
    0.011538425,
    0.10096121875,
    0.30288365625,
    0.5019214875,
    0.80480514375,
    1.1144195479166668,
    1.419226275,
    1.59230265,
    2.435569210416667,
    2.9134523125,
    3.2432589604166666,
    3.7326804875,
    4.05864099375,
    4.356716972916667,
    4.5269087416666665,
    4.839407752083333,
    5.14325294375,
    5.427867427083333,
    5.595174589583333,
    5.88171214375,
    6.168249697916667,
    6.333633789583334,
    6.9519010625,
    7.248053970833333,
    7.385553535416666,
    7.39901503125
  ],
  "Ride Cymbal 1": [
    0.02019224375,
    0.3403835375,
    0.6403825875,
    1.2653806083333334,
    1.5903795791666666,
    1.8817248104166666,
    2.76633739375,
    3.399027697916667,
    3.736526629166667,
    3.8932569020833334,
    4.050948710416667,
    4.368255397916666,
    4.988445741666666,
    5.282675579166667,
    5.885558285416667,
    6.157672808333333,
    6.48171024375,
    6.803824608333334,
    7.5845913666666664,
    7.9845901,
    8.381704227083333,
    8.78939524375,
    9.177855552083333,
    9.33170121875,
    9.573046608333334,
    9.98939144375,
    10.395159389583334,
    10.8057350125
  ],
  "Closed Hi Hat": [
    0.30480672708333334,
    2.4403768875,
    4.37017846875,
    7.40766885
  ],
  "High Tom": [
    0.95480466875,
    4.6903697625000005,
    5.574020810416667,
    6.32017229375,
    7.89516730625,
    8.680741741666667,
    9.474969995833334,
    10.293236635416667
  ],
  "Acoustic Snare": [
    1.7240330020833334,
    2.274031260416667,
    2.33941566875,
    2.4057616125,
    2.47210755625,
    3.0807594750000002,
    6.641325122916666,
    7.103823658333334,
    7.474976329166667,
    7.793244552083333,
    8.0942051375,
    8.291319897916667,
    8.5788189875,
    8.898048745833334,
    9.093240435416666,
    9.36054728125,
    9.685546252083334,
    9.89131483125,
    10.17400624375,
    10.498043679166667,
    10.7076584,
    10.942273041666667
  ],
  "Bass Drum 1": [
    2.0019167375,
    2.168262364583333,
    2.6240301520833333,
    6.6047867770833335,
    6.922093464583334,
    7.4134380625,
    7.6547834520833336,
    8.187474072916666,
    8.453819383333334,
    8.99131768125,
    9.274970629166667,
    9.788430541666667,
    10.082660379166667,
    10.616312535416666
  ]
}