{
  "Bass Drum 1": [
    0.0,
    0.24583333333333332,
    0.7520833333333333,
    1.2875,
    1.8,
    2.0375,
    2.7802083333333334,
    3.846875,
    3.9760416666666667,
    5.248958333333333,
    6.004166666666666,
    6.761458333333334,
    7.26875,
    7.757291666666666,
    8.026041666666666,
    8.264583333333333,
    8.745833333333334,
    9.245833333333334,
    9.73125,
    10.001041666666666,
    10.252083333333333,
    11.978125,
    12.738541666666666,
    13.238541666666666,
    13.983333333333333,
    14.227083333333333,
    14.753124999999999,
    15.247916666666667,
    15.375,
    15.477083333333333,
    15.986458333333333,
    16.732291666666665,
    17.25208333333333,
    18.2625,
    19.238541666666666,
    20.026041666666668,
    20.721875,
    21.269791666666666,
    22.007291666666667,
    22.759375,
    22.852083333333333,
    23.244791666666668,
    23.735416666666666,
    24.003125,
    24.246875,
    24.754166666666666,
    25.248958333333334,
    25.364583333333332,
    25.73125,
    26.253125,
    26.381249999999998,
    27.742708333333333,
    27.996875,
    28.763541666666665,
    29.265625,
    30.253125,
    31.25208333333333,
    31.383333333333333,
    32.01145833333333,
    32.99791666666667,
    33.26145833333333,
    33.99583333333333,
    34.25,
    34.704166666666666,
    35.30104166666666,
    35.708333333333336,
    36.021875,
    36.751041666666666,
    37.25,
    37.723958333333336,
    37.998958333333334,
    38.73645833333333,
    39.234375,
    39.990625,
    40.75729166666667,
    41.25729166666667,
    41.73229166666667,
    41.98854166666666,
    42.99583333333333,
    43.753125,
    44.00833333333333
  ],
  "Closed Hi Hat": [
    0.0010416666666666667,
    0.24166666666666667,
    0.5114583333333333,
    1.0125,
    1.271875,
    1.5354166666666667,
    1.7874999999999999,
    2.034375,
    2.278125,
    2.5260416666666665,
    2.765625,
    3.846875,
    4.476041666666666,
    4.9875,
    5.230208333333334,
    5.496875,
    5.727083333333333,
    6.001041666666667,
    6.241666666666666,
    6.515625,
    6.757291666666666,
    7.008333333333333,
    7.2749999999999995,
    7.522916666666666,
    7.785416666666666,
    8.032291666666666,
    8.278125,
    8.528125,
    8.769791666666666,
    9.00625,
    9.252083333333333,
    9.501041666666666,
    10.432291666666666,
    12.204166666666666,
    12.49375,
    12.748958333333333,
    12.987499999999999,
    13.242708333333333,
    13.489583333333334,
    13.721874999999999,
    13.973958333333334,
    14.229166666666666,
    14.491666666666667,
    14.744791666666666,
    14.976041666666667,
    15.21875,
    15.485416666666666,
    15.758333333333333,
    15.995833333333334,
    16.242708333333333,
    16.5,
    16.760416666666668,
    16.998958333333334,
    17.247916666666665,
    17.494791666666668,
    18.001041666666666,
    18.247916666666665,
    18.5,
    18.990625,
    19.238541666666666,
    20.529166666666665,
    20.78125,
    21.01770833333333,
    21.260416666666668,
    21.508333333333333,
    21.735416666666666,
    22.00208333333333,
    22.51770833333333,
    22.744791666666668,
    23.007291666666667,
    23.259375,
    23.503125,
    23.751041666666666,
    23.997916666666665,
    24.260416666666668,
    24.509375,
    24.7625,
    25.00208333333333,
    25.263541666666665,
    25.505208333333332,
    25.763541666666665,
    25.995833333333334,
    26.235416666666666,
    26.505208333333332,
    26.772916666666667,
    26.991666666666667,
    27.016666666666666,
    27.260416666666668,
    27.474999999999998,
    28.509375,
    28.746875,
    29.005208333333332,
    29.275,
    29.504166666666666,
    29.990624999999998,
    30.265625,
    30.521874999999998,
    30.7625,
    31.015625,
    31.275,
    31.519791666666666,
    31.754166666666666,
    32.01145833333333,
    32.253125,
    32.514583333333334,
    32.75833333333333,
    33.0,
    33.253125,
    33.50625,
    33.759375,
    34.00625,
    34.25,
    34.514583333333334,
    35.27916666666667,
    36.438541666666666,
    36.51875,
    36.759375,
    37.015625,
    37.259375,
    37.496875,
    37.746875,
    37.9875,
    38.229166666666664,
    38.49270833333333,
    38.73645833333333,
    38.98854166666666,
    39.24583333333333,
    39.4875,
    39.729166666666664,
    39.99166666666667,
    40.50416666666666,
    40.734375,
    40.984375,
    41.240625,
    41.489583333333336,
    41.746875,
    42.00625,
    42.4875
  ],
  "Acoustic Snare": [
    0.5020833333333333,
    1.5270833333333333,
    1.578125,
    2.2666666666666666,
    2.515625,
    2.89375,
    3.1489583333333333,
    3.259375,
    3.6218749999999997,
    5.489583333333333,
    5.542708333333334,
    5.709375,
    6.508333333333333,
    7.170833333333333,
    7.515625,
    8.523958333333333,
    8.575,
    9.492708333333333,
    9.540625,
    9.904166666666667,
    10.125,
    10.354166666666666,
    10.40625,
    10.446875,
    10.503125,
    10.634375,
    10.738541666666666,
    10.866666666666667,
    10.994791666666666,
    11.110416666666666,
    12.488541666666666,
    13.478125,
    13.540625,
    14.483333333333333,
    15.484375,
    15.539583333333333,
    16.153125,
    16.488541666666666,
    16.534375,
    17.746875,
    18.741666666666667,
    19.132291666666667,
    19.360416666666666,
    19.425,
    19.5,
    19.62708333333333,
    20.515625,
    21.505208333333332,
    21.990625,
    22.165625,
    22.497916666666665,
    22.707291666666666,
    23.498958333333334,
    24.503125,
    24.936458333333334,
    25.50208333333333,
    26.513541666666665,
    27.120833333333334,
    27.36145833333333,
    27.419791666666665,
    27.497916666666665,
    27.628125,
    27.732291666666665,
    28.505208333333332,
    28.735416666666666,
    28.92395833333333,
    29.740624999999998,
    30.513541666666665,
    30.883333333333333,
    31.138541666666665,
    31.5125,
    32.50208333333333,
    32.765625,
    33.748958333333334,
    33.809375,
    34.50729166666667,
    35.009375,
    35.196875,
    35.36666666666667,
    35.425,
    35.47083333333333,
    35.514583333333334,
    35.64375,
    35.740625,
    36.510416666666664,
    37.48125,
    38.478125,
    38.534375,
    39.202083333333334,
    39.48229166666667,
    40.49270833333333,
    40.546875,
    41.19583333333333,
    41.484375,
    41.71458333333333,
    42.4875,
    42.751041666666666,
    43.240625,
    43.490625
  ],
  "High Tom": [
    3.021875,
    3.3833333333333333,
    11.239583333333334,
    11.357291666666667
  ],
  "Low-Mid Tom": [
    3.5010416666666666,
    11.490625,
    11.616666666666667,
    43.00208333333333
  ],
  "High Floor Tom": [
    3.7447916666666665,
    11.733333333333333,
    11.854166666666666,
    42.25,
    42.755208333333336,
    43.251041666666666,
    43.49270833333333
  ],
  "Crash Cymbal 1": [
    3.978125,
    11.978125,
    20.035416666666666,
    27.99375,
    36.021875,
    44.014583333333334
  ],
  "Open Hi Hat": [
    9.753125,
    9.989583333333334,
    10.244791666666666,
    34.748958333333334,
    35.01145833333333,
    35.26354166666667
  ]
}