{
  "Crash Cymbal 1": [
    2.502083333333333
  ],
  "Acoustic Snare": [
    2.50625,
    2.8875,
    2.9416666666666664,
    2.9854166666666666,
    3.0375
  ],
  "Low-Mid Tom": [
    3.279166666666667
  ],
  "High Floor Tom": [
    3.5208333333333335,
    3.7604166666666665
  ]
}