{
  "Ride Cymbal 1": [
    0.0,
    0.2925,
    0.6025,
    0.905,
    1.20375,
    1.37125,
    1.50875,
    1.6400000000000001,
    1.815,
    2.0925000000000002,
    2.4025,
    2.5725000000000002,
    2.725,
    3.03625,
    3.18875,
    3.31,
    3.6012500000000003,
    3.7687500000000003,
    3.8850000000000002,
    4.18375,
    4.36,
    4.495
  ],
  "Bass Drum 1": [
    0.0,
    1.21,
    2.09625,
    2.4050000000000002,
    3.59375
  ],
  "Acoustic Snare": [
    0.595,
    1.8025,
    3.03375,
    4.1825
  ],
  "Closed Hi Hat": [
    1.53125,
    2.73375,
    3.00375,
    3.2925,
    3.8775,
    4.1762500000000005,
    4.45625
  ]
}