{
  "Acoustic Snare": [
    0.02857145,
    0.1880953791666667,
    0.30476213333333335,
    0.4523812916666667,
    0.5488099354166667,
    0.73928626875,
    0.86785779375,
    1.0595246041666668,
    1.157143725,
    1.3285724250000002,
    1.4369058395833334,
    1.614286925,
    1.7476203583333334,
    1.91428715,
    2.0202396104166667,
    2.1797635395833335,
    2.300001725,
    2.4714304250000003,
    2.591668610416667,
    2.748811585416667,
    2.8964307437500003,
    3.042859425,
    3.159526179166667,
    3.323812016666667,
    3.4511930645833337,
    3.627383672916667,
    3.741669472916667,
    3.909526741666667,
    4.026193495833334,
    4.186907902083334,
    4.295241316666667,
    4.459527154166667,
    4.595241541666667,
    4.769051195833334,
    4.886908427083334,
    5.042860925,
    5.179765789583334,
    5.358337352083334,
    5.473813629166667,
    5.642861375000001,
    5.771432900000001,
    5.936909214583333,
    6.044052152083334,
    6.215480852083334,
    6.330957129166667,
    6.513100122916667,
    6.776195558333334,
    6.900005175,
    7.06786244375,
    7.177386335416667,
    7.2726245020833336,
    7.3500055125,
    7.4464341562500005,
    7.65357716875,
    7.759529629166667,
    7.913101172916667,
    8.061910808333334,
    8.202387104166666,
    8.323815766666668,
    8.452387291666668,
    8.544054027083334,
    9.7642930375
  ],
  "Bass Drum 1": [
    0.035714312500000005,
    0.86785779375,
    1.7345251104166668,
    2.2952398166666668,
    2.8428592750000004,
    3.463097835416667,
    4.040479220833333,
    4.592860587500001,
    5.166670541666667,
    5.769051945833334,
    6.340480945833334,
    6.898814697916667,
    7.471434175000001,
    8.050006037500001,
    8.6285779,
    9.234530735416667
  ],
  "High Tom": [
    8.641673147916666
  ],
  "Low-Mid Tom": [
    8.93214955625
  ],
  "Crash Cymbal 1": [
    9.242864075
  ],
  "Open Hi Hat": [
    9.534530960416667,
    9.772626377083334,
    10.0500075375
  ]
}