{
  "Bass Drum 1": [
    0.0014534875,
    0.357557925,
    0.7223832875,
    1.0508714625,
    1.4142433375,
    1.7688942875
  ],
  "Acoustic Snare": [
    0.0101744125,
    0.340116075,
    0.6991274875,
    1.043604025,
    1.4055224125,
    2.113370825,
    2.148254525
  ],
  "High Floor Tom": [
    0.0247092875,
    0.3619183875,
    0.7049414375,
    1.043604025,
    1.398254975,
    1.764533825
  ],
  "Closed Hi Hat": [
    2.101742925
  ]
}