{
  "Acoustic Snare": [
    0.0,
    0.198,
    0.486,
    0.658,
    1.292,
    1.452,
    1.598,
    1.7530000000000001
  ],
  "High Floor Tom": [
    0.329,
    0.989
  ],
  "High Tom": [
    0.8160000000000001
  ]
}