{
  "Closed Hi Hat": [
    0.0,
    0.6048375,
    1.2446211666666667,
    1.9018779166666668,
    2.4986509166666666,
    3.1693485000000003,
    3.8561750833333335,
    4.50402325
  ],
  "High Tom": [
    0.013440833333333334,
    0.19085983333333334,
    0.5053753333333334,
    1.7755340833333335,
    2.087361416666667,
    2.39918875,
    2.86692975,
    3.0658540833333334
  ],
  "Low-Mid Tom": [
    0.8279553333333334,
    0.9489228333333334,
    1.1223095833333334,
    1.43951325,
    2.2258020000000003,
    2.5551024166666667,
    2.7338655000000003,
    3.2110150833333337
  ],
  "High Floor Tom": [
    1.2634383333333334,
    1.5792979166666667,
    1.9139746666666668,
    3.5255305833333335,
    3.72983125,
    3.8844008333333337,
    3.9892393333333334,
    4.095421916666667,
    4.202948583333334,
    4.2970344166666665,
    4.404561083333333,
    4.510743666666667,
    4.615582166666667,
    4.712356166666667,
    4.81853875,
    4.912624583333334,
    5.010742666666667
  ]
}