{
  "Acoustic Snare": [
    0.0,
    0.06336810625,
    0.13281260625000002,
    0.27083355000000003,
    0.4114586625,
    0.5364587625,
    0.6744797062500001
  ],
  "High Tom": [
    0.8116325937500001,
    0.9531257625,
    1.08420225625
  ],
  "High Floor Tom": [
    1.2274315375,
    1.36198025625,
    1.50954981875
  ],
  "Bass Drum 1": [
    1.6467027062500001
  ]
}