{
  "Acoustic Snare": [
    0.26120683125,
    0.34741370625,
    0.47844815625000003,
    0.689655,
    0.7879308375,
    0.86206875,
    0.96982734375,
    1.103448,
    1.2025859062500002,
    1.306896225,
    1.3913789625000001,
    1.46810308125,
    1.50948238125,
    1.61982718125,
    1.6422409687500001,
    1.7534478375000002,
    1.84396505625,
    1.9517236500000001,
    2.4672407625000004,
    2.56810280625
  ],
  "Closed Hi Hat": [
    0.37499990625,
    0.75172395
  ],
  "High Tom": [
    0.57327571875,
    2.0568960375,
    2.1637925625000003,
    2.7741372375,
    2.9827578750000003
  ],
  "Bass Drum 1": [
    2.2844821875,
    2.3974131937500003,
    3.13793025
  ],
  "High Floor Tom": [
    2.88361996875
  ]
}