{
  "Closed Hi Hat": [
    1.9784906666666668,
    2.5806400000000003,
    2.9233812500000003,
    3.2432730833333334,
    3.5833261666666667,
    3.905906166666667,
    4.280905416666667,
    4.5483780000000005,
    4.852140833333333
  ],
  "Acoustic Snare": [
    2.5255325833333333,
    2.571231416666667,
    2.607521666666667,
    2.6478441666666668,
    2.7943492500000002,
    2.8400480833333335,
    2.8763383333333334,
    2.9085963333333336,
    2.9583274166666667,
    3.1182733333333337,
    3.1693485000000003,
    3.21370325,
    3.4301006666666667,
    3.5712294166666667,
    4.189507750000001,
    4.361550416666667,
    4.700259416666667
  ],
  "High Tom": [
    3.2647784166666667,
    3.869615916666667
  ],
  "Low-Mid Tom": [
    3.744616166666667,
    4.06047575,
    4.522840416666667
  ],
  "Open Hi Hat": [
    3.8844008333333337
  ],
  "High Floor Tom": [
    4.840044083333334
  ]
}