{
  "Acoustic Snare": [
    0.01822918125,
    0.24305575000000001,
    0.39062531250000004,
    0.52691014375
  ],
  "High Tom": [
    0.8307298312500001,
    0.8845493187500001,
    1.1163203375000001,
    1.2690982375000002,
    1.4218761375000002
  ]
}