{
  "Closed Hi Hat": [
    0.7939653187500001,
    3.5129301562500004
  ],
  "Acoustic Snare": [
    1.044827325,
    1.1405169562500002,
    1.7284478437500002,
    1.8344823000000001,
    1.9318960687500002,
    2.4499993875,
    2.54568901875,
    2.66120623125,
    2.7499993125,
    2.8655165250000003,
    3.17327506875,
    3.6698266687500003,
    3.7568956125,
    3.8681024812500002,
    3.9594817687500004,
    4.06810243125,
    4.4741368125,
    4.57155058125,
    4.6603436625,
    4.762067775,
    5.36810210625,
    5.486205525,
    5.59051584375,
    5.6948261625,
    5.80258475625,
    5.89223990625,
    6.2155156875,
    6.324136350000001
  ],
  "High Floor Tom": [
    1.22844796875,
    1.33189621875,
    1.64051683125,
    3.06120613125,
    3.28017159375,
    3.5741370375000003,
    5.277584887500001
  ],
  "Bass Drum 1": [
    1.4431030875000002,
    1.5284478937500001,
    2.258620125,
    2.3637925125000003,
    3.3818957062500004,
    3.4844818875000003,
    5.0681021812500004,
    5.1862056,
    6.45430873125,
    6.5534466375000004
  ],
  "Low-Mid Tom": [
    2.0534477625000003,
    4.863791887500001,
    6.116377781250001
  ],
  "High Tom": [
    2.148275325,
    4.176723093750001,
    4.23534376875,
    4.301723062500001,
    4.38706786875,
    4.95258496875,
    6.00258470625
  ],
  "Crash Cymbal 1": [
    6.4396535625,
    6.5379294
  ]
}