{
  "Bass Drum 1": [
    0.01875,
    0.29875,
    1.4737500000000001,
    2.34875,
    2.6275,
    3.8737500000000002,
    4.78,
    5.08625,
    6.28,
    7.165,
    7.4662500000000005,
    8.6775,
    9.55125,
    9.8575,
    11.03875,
    11.94875,
    12.262500000000001,
    13.465,
    14.375,
    14.655000000000001,
    15.8725,
    16.77,
    17.07875,
    18.29625,
    18.38625,
    19.165,
    19.45375,
    21.57125,
    21.8825,
    23.06375,
    23.96375,
    24.271250000000002,
    25.475,
    26.37125,
    26.67875,
    28.75875,
    29.0725,
    30.2825,
    31.18,
    31.486250000000002,
    32.67125,
    33.55375,
    33.865,
    35.07875,
    35.99375,
    36.295,
    37.4675,
    38.37375,
    38.6775,
    39.575,
    39.886250000000004,
    40.79375,
    41.09625,
    42.27625,
    43.18375,
    43.49625,
    44.66125,
    45.605000000000004,
    45.9125,
    47.097500000000004,
    47.97875,
    48.28625,
    49.472500000000004,
    50.3575,
    50.6725,
    51.8825,
    53.11125,
    53.395,
    54.30625,
    55.213750000000005,
    56.65375,
    57.54625,
    57.847500000000004,
    59.066250000000004,
    59.9625,
    60.26375,
    61.48625,
    62.38875,
    62.71125,
    63.8825,
    64.77875,
    65.09625,
    66.2675,
    67.18375,
    67.495,
    68.6825,
    69.5825,
    69.88875,
    71.07625,
    72.2975,
    73.16625,
    74.3725,
    75.86125,
    76.75625000000001,
    77.08875,
    78.27375,
    79.165,
    79.47375,
    80.65125,
    81.8425,
    82.005,
    83.99625,
    85.47,
    86.37625,
    86.6775,
    87.875,
    88.77625,
    89.07000000000001,
    90.27625,
    91.18125,
    91.48,
    92.68125,
    93.575,
    93.87875,
    95.07125,
    95.96125,
    96.28125,
    97.46625,
    98.38375,
    98.6825,
    99.895,
    100.79,
    101.08125,
    102.25,
    103.14125,
    103.44625,
    104.64375,
    105.5575,
    105.86500000000001,
    106.77125000000001
  ],
  "Closed Hi Hat": [
    0.035,
    0.5962500000000001,
    0.6275000000000001,
    0.905,
    1.04875,
    1.19,
    1.7437500000000001,
    1.78,
    2.06375,
    2.22625,
    2.35875,
    2.95,
    2.97375,
    3.2687500000000003,
    3.4375,
    3.56875,
    4.15125,
    4.18625,
    4.49875,
    4.6675,
    4.7925,
    5.3875,
    5.42125,
    5.6975,
    5.8525,
    5.99375,
    6.27125,
    6.55625,
    6.58875,
    6.885,
    7.0575,
    7.19,
    7.7775,
    7.796250000000001,
    8.08625,
    8.25375,
    8.3775,
    8.66375,
    8.9825,
    9.2775,
    9.44875,
    9.58,
    10.15,
    10.19,
    10.47875,
    10.63125,
    10.77125,
    11.04875,
    11.33625,
    11.37375,
    11.6775,
    11.84375,
    11.981250000000001,
    12.59875,
    12.8825,
    13.0425,
    13.175,
    13.45625,
    13.77125,
    14.075000000000001,
    14.24625,
    14.3825,
    14.96875,
    14.998750000000001,
    15.2875,
    15.44875,
    15.58,
    15.875,
    16.18625,
    16.48375,
    16.66,
    16.80125,
    17.08625,
    17.40875,
    17.4175,
    17.705000000000002,
    17.87375,
    17.99875,
    18.29,
    18.59625,
    18.8875,
    19.04125,
    19.19,
    19.79125,
    19.80375,
    20.09375,
    20.26625,
    20.400000000000002,
    20.96625,
    20.98875,
    21.28375,
    21.4575,
    21.59125,
    22.175,
    22.2,
    22.49125,
    22.64875,
    22.77875,
    23.36375,
    23.37625,
    23.6725,
    23.9925,
    24.580000000000002,
    24.6025,
    24.89375,
    25.065,
    25.2,
    25.77625,
    25.79375,
    26.0825,
    26.2725,
    26.405,
    26.97,
    26.9925,
    27.2875,
    27.45375,
    27.585,
    28.1725,
    28.19375,
    28.486250000000002,
    28.66625,
    28.7975,
    29.38375,
    29.415,
    29.70625,
    29.87125,
    30.00375,
    30.58125,
    30.6,
    30.892500000000002,
    31.060000000000002,
    31.1925,
    31.77375,
    31.8,
    32.08375,
    32.25625,
    32.386250000000004,
    32.9425,
    32.97625,
    33.26375,
    33.4675,
    33.58375,
    34.17625,
    34.205,
    34.4975,
    34.665,
    34.79875,
    35.37,
    35.4025,
    35.6975,
    35.87375,
    36.015,
    36.59375,
    36.6075,
    36.89125,
    37.07125,
    37.1975,
    37.761250000000004,
    37.79125,
    38.0725,
    38.26375,
    38.39,
    38.9775,
    39.00875,
    39.28875,
    39.47375,
    39.6025,
    40.195,
    40.22125,
    40.515,
    40.68125,
    40.8125,
    41.395,
    41.41875,
    41.7125,
    41.87375,
    42.025,
    42.5775,
    42.60375,
    42.90625,
    43.0775,
    43.20875,
    43.79125,
    43.8175,
    44.1025,
    44.265,
    44.395,
    44.975,
    45.00125,
    45.29375,
    45.46375,
    45.6025,
    46.20875,
    46.51,
    46.66625,
    46.79375,
    47.37625,
    47.41125,
    47.69625,
    47.86375,
    48.0,
    48.55375,
    48.58,
    48.88875,
    49.05125,
    49.17625,
    49.75125,
    49.78,
    50.08,
    50.25625,
    50.3925,
    50.97375,
    50.99625,
    51.285000000000004,
    51.44375,
    51.60375,
    51.886250000000004,
    52.18125,
    52.51,
    52.8125,
    53.10125,
    53.405,
    53.7075,
    54.0175,
    54.30875,
    54.581250000000004,
    55.18875,
    55.215,
    55.50625,
    55.79875,
    55.816250000000004,
    56.09625,
    56.253750000000004,
    56.378750000000004,
    56.941250000000004,
    56.97375,
    57.25875,
    57.43875,
    57.56375,
    58.143750000000004,
    58.17625,
    58.47375,
    58.6425,
    58.768750000000004,
    59.057500000000005,
    59.35375,
    59.37125,
    59.67875,
    59.86125,
    59.98625,
    60.5675,
    60.5925,
    60.89875,
    61.05625,
    61.18625,
    61.79375,
    61.8125,
    62.11125,
    62.30375,
    62.42,
    62.97625,
    63.0175,
    63.29875,
    63.46,
    63.59,
    64.1825,
    64.19875,
    64.5,
    64.81,
    65.37875,
    65.40875,
    65.70125,
    65.85875,
    65.98875,
    66.5675,
    66.59,
    66.88125,
    67.0475,
    67.1875,
    67.7925,
    67.80625,
    68.1025,
    68.26875,
    68.39875,
    68.97875,
    68.99625,
    69.29,
    69.485,
    69.605,
    70.18125,
    70.19625,
    70.48,
    70.66375000000001,
    70.79,
    71.06375,
    71.37375,
    71.38375,
    71.675,
    71.89375,
    72.0175,
    72.5675,
    72.58875,
    72.8675,
    73.19,
    73.47875,
    74.06625,
    74.39,
    74.68875,
    74.9425,
    74.99625,
    75.2925,
    75.46625,
    75.58625,
    76.155,
    76.18125,
    76.4775,
    76.66375000000001,
    76.79125,
    77.35875,
    77.3925,
    77.68875,
    77.855,
    77.9875,
    78.57375,
    78.595,
    78.88625,
    79.0625,
    79.1925,
    79.4575,
    79.76625,
    80.3625,
    80.65625,
    80.95625,
    81.25125,
    81.55875,
    81.8775,
    82.1575,
    82.48,
    82.77625,
    83.0975,
    84.01875,
    84.5625,
    84.63125000000001,
    84.89125,
    85.06625,
    85.19,
    85.77375,
    85.80625,
    86.08500000000001,
    86.255,
    86.385,
    86.67125,
    86.94875,
    86.9825,
    87.265,
    87.44500000000001,
    87.57875,
    87.86375,
    88.165,
    88.18875,
    88.48875,
    88.67,
    88.8025,
    89.38125000000001,
    89.4,
    89.68875,
    89.8625,
    89.98,
    90.28,
    90.59875,
    90.90375,
    91.07375,
    91.2025,
    91.79875,
    91.82000000000001,
    92.11125,
    92.2775,
    92.395,
    92.67375,
    92.98875,
    93.285,
    93.46875,
    93.5875,
    94.18,
    94.205,
    94.49625,
    94.665,
    94.78625,
    95.05875,
    95.37125,
    95.67875000000001,
    95.86375,
    95.995,
    96.57875,
    96.60375,
    96.89,
    97.05125,
    97.17875000000001,
    97.46625,
    97.79125,
    98.095,
    98.26625,
    98.39625000000001,
    98.9975,
    99.005,
    99.30875,
    99.4725,
    99.59625,
    99.89125,
    100.22125,
    100.51625,
    100.6825,
    100.8225,
    101.36875,
    101.39375,
    101.67375,
    101.84375,
    101.97,
    102.25750000000001,
    102.56625,
    102.86875,
    103.05125,
    103.17125,
    103.74875,
    103.78125,
    104.07625,
    104.24875,
    104.37625,
