{
  "High Floor Tom": [
    0.0
  ],
  "Acoustic Snare": [
    0.098,
    0.193,
    0.41600000000000004,
    0.505,
    0.716,
    0.803,
    0.893,
    1.243,
    1.407
  ],
  "High Tom": [
    0.28200000000000003,
    0.584
  ],
  "Closed Hi Hat": [
    0.426,
    0.879,
    1.411
  ]
}