{
  "Acoustic Snare": [
    0.0,
    0.07661275000000001,
    0.2822575,
    0.5981170833333334,
    0.8212349166666667,
    1.0295678333333333,
    1.1465030833333334,
    1.2607501666666667,
    1.35886825,
    1.9206950833333334,
    2.0362862500000003,
    2.129028,
    2.2378987500000003
  ],
  "Bass Drum 1": [
    0.18682758333333335,
    0.5134398333333333,
    0.82661125,
    1.4811798333333335,
    1.5819860833333335
  ],
  "High Tom": [
    0.39919275000000004,
    0.6962351666666667,
    1.7083299166666668,
    1.8172006666666667
  ],
  "Closed Hi Hat": [
    0.7096760000000001
  ],
  "Low-Mid Tom": [
    0.9395142500000001
  ],
  "High Floor Tom": [
    2.33467275,
    2.4368230833333335
  ]
}