{
  "Bass Drum 1": [
    0.0
  ],
  "Open Hi Hat": [
    0.00781250625
  ],
  "Acoustic Snare": [
    0.25607659375,
    0.40104198750000003,
    0.52691014375,
    0.66927136875,
    0.81250065
  ],
  "High Tom": [
    0.9574660437500001,
    1.09461893125
  ],
  "High Floor Tom": [
    1.2335079312500001,
    1.36805665,
    1.51475815625
  ]
}