{
  "High Floor Tom": [
    0.2475,
    0.55625,
    0.8575,
    2.0612500000000002
  ],
  "Acoustic Snare": [
    1.04,
    1.09375,
    1.165,
    1.34,
    1.45875
  ],
  "High Tom": [
    1.63125
  ],
  "Closed Hi Hat": [
    1.76
  ],
  "Low-Mid Tom": [
    1.7725
  ]
}