{
  "High Tom": [
    0.08064500000000001,
    0.16263408333333335,
    0.23118233333333335,
    0.2822575,
    0.38440783333333334,
    0.47177325000000003,
    0.5672031666666667,
    0.6599449166666667,
    0.7594070833333334,
    3.8440783333333335
  ],
  "Low-Mid Tom": [
    0.8736541666666667,
    0.9637077500000001,
    1.0887075000000002,
    1.1357504166666668,
    1.1962341666666667,
    1.2916640833333335,
    1.3790295000000001,
    1.4744594166666667,
    1.5698893333333335,
    1.6733837500000002,
    3.62499275,
    4.06854025,
    4.84273225
  ],
  "High Floor Tom": [
    1.7862867500000001,
    1.8857489166666668,
    1.9986519166666668,
    2.0698883333333336,
    2.127683916666667,
    2.232522416666667,
    2.3400490833333336,
    2.442199416666667,
    2.5497260833333333,
    2.645156,
    5.051065166666667
  ],
  "Acoustic Snare": [
    2.7755320833333337,
    2.8857469166666667,
    2.9919295000000004,
    3.08467125,
    3.184133416666667,
    3.2889719166666667,
    3.3830577500000003,
    3.4973048333333336,
    3.7244549166666667,
    3.9489168333333335,
    4.1868195833333335,
    4.299722583333334,
    4.39918475,
    4.525528583333333,
    4.626334833333334,
    4.740581916666667,
    4.95563525
  ]
}