{
  "Closed Hi Hat": [
    0.0156250125,
    0.4045142125,
    0.79600758125,
    1.2430565500000001
  ],
  "Bass Drum 1": [
    0.2621529875,
    0.66579914375,
    1.0850703125
  ],
  "Acoustic Snare": [
    0.4045142125,
    1.2456607187500002,
    1.5130220437500002
  ]
}