{
  "Acoustic Snare": [
    0.28125,
    0.45375,
    0.76375,
    0.90125,
    1.4000000000000001,
    1.49875,
    1.6975,
    1.8025,
    1.97
  ],
  "Bass Drum 1": [
    1.0675000000000001
  ],
  "Open Hi Hat": [
    1.07375,
    2.09
  ],
  "Closed Hi Hat": [
    1.205,
    2.39625,
    4.16875
  ]
}