{
  "Bass Drum 1": [
    1.1182773333333333,
    1.435481,
    5.12498975
  ],
  "High Tom": [
    1.2499975,
    2.7231128333333334,
    4.037626333333334,
    4.150529333333334,
    4.27015275,
    4.3279483333333335,
    4.389776166666667,
    4.477141583333333
  ],
  "High Floor Tom": [
    1.3440833333333335,
    1.6585988333333335,
    4.954291166666667
  ],
  "Low-Mid Tom": [
    1.5443517500000001,
    3.401874916666667,
    4.569883333333333,
    4.676065916666667,
    4.768807666666667,
    4.877678416666667
  ],
  "Acoustic Snare": [
    1.8978456666666668,
    1.9878992500000001,
    2.09273775,
    2.204296666666667,
    2.3037588333333336,
    2.4139736666666667,
    2.5174680833333336,
    2.63305925,
    2.8508007500000003,
    2.954295166666667,
    3.0631659166666667,
    3.161284,
    3.256713916666667,
    3.317197666666667,
    3.3642405833333338,
    3.518810166666667,
    3.6263368333333337,
    3.8279493333333336,
    3.9381641666666667
  ]
}