{
  "Bass Drum 1": [
    0.0,
    0.2829863375,
    0.8480909562500001,
    1.1128481125
  ],
  "Closed Hi Hat": [
    0.0034722250000000002,
    0.41579894375000004,
    0.8411465062500001,
    1.2447926625
  ],
  "Acoustic Snare": [
    0.40972255,
    0.6909727750000001,
    0.829861775,
    1.2473968312500001
  ],
  "High Floor Tom": [
    1.51649426875
  ]
}