{
  "Bass Drum 1": [
    0.00375,
    0.465,
    0.855,
    1.47125
  ],
  "Closed Hi Hat": [
    0.00875,
    0.29875,
    0.47250000000000003,
    0.6025,
    0.89875,
    1.05125,
    1.18375,
    1.77125,
    1.78875
  ],
  "Acoustic Snare": [
    0.17,
    0.6025,
    0.77375,
    1.0462500000000001,
    1.3375000000000001,
    1.78875,
    1.83875
  ],
  "Open Hi Hat": [
    1.4825
  ]
}