{
  "High Tom": [
    0.016,
    5.6080000000000005,
    8.481,
    8.802,
    11.369,
    11.681000000000001,
    15.819,
    16.778,
    17.996,
    19.772000000000002,
    19.884,
    22.523,
    22.595,
    24.089000000000002,
    24.205000000000002,
    25.814,
    26.051000000000002,
    27.12,
    28.597,
    29.374000000000002,
    29.487000000000002,
    32.598,
    34.909,
    36.001,
    37.151,
    37.26,
    37.511,
    38.513,
    38.606,
    39.194,
    39.314,
    39.905,
    40.033,
    41.03,
    42.223,
    43.149,
    44.088,
    45.076,
    45.193,
    48.343,
    48.620000000000005,
    52.445,
    55.312,
    55.659,
    59.779,
    59.939,
    60.259
  ],
  "Closed Hi Hat": [
    0.433,
    1.379,
    2.34,
    3.297,
    4.317,
    5.26,
    6.237,
    7.187,
    8.132,
    8.817,
    9.104000000000001,
    10.052,
    11.017,
    11.383000000000001,
    11.695,
    11.994,
    12.932,
    13.878,
    14.871,
    15.808,
    16.779,
    17.745,
    18.44,
    19.656,
    20.597,
    21.079,
    21.566,
    22.495,
    23.466,
    24.444,
    25.441,
    26.439,
    31.508,
    31.967000000000002,
    33.077,
    34.52,
    35.36,
    38.378,
    39.084,
    39.451,
    39.788000000000004,
    42.227000000000004,
    42.637,
    43.139,
    43.596000000000004,
    44.082,
    44.566,
    45.061,
    45.543,
    46.552,
    47.488,
    48.01,
    48.473,
    48.925000000000004,
    50.367000000000004,
    51.331,
    51.743,
    52.274,
    52.749,
    53.263,
    54.201,
    55.226,
    57.114000000000004,
    58.037,
    58.99,
    59.926
  ],
  "High Floor Tom": [
    0.784,
    3.6550000000000002,
    14.231,
    16.297,
    18.698,
    20.609,
    23.003,
    23.84,
    25.127,
    25.235,
    25.461000000000002,
    25.566,
    27.602,
    29.037,
    29.719,
    31.668,
    37.389,
    37.627,
    37.741,
    38.849000000000004,
    38.965,
    39.201,
    39.321,
    39.57,
    39.678000000000004,
    39.914,
    40.029,
    40.278,
    40.791000000000004,
    41.723,
    42.836,
    43.776,
    45.311,
    45.436,
    45.562,
    48.480000000000004,
    52.294000000000004,
    53.385,
    55.446,
    55.562,
    60.112,
    60.425000000000004
  ],
  "Bass Drum 1": [
    1.276,
    1.723,
    2.979,
    3.331,
    7.817,
    8.146,
    9.126,
    9.444,
    10.703,
    11.032,
    12.004,
    12.324,
    13.599,
    13.885,
    15.437000000000001,
    15.985000000000001,
    16.421,
    16.918,
    17.895,
    18.586000000000002,
    19.998,
    21.888,
    22.349,
    22.82,
    24.316,
    25.298000000000002,
    25.702,
    27.035,
    27.271,
    27.493000000000002,
    28.918,
    29.256,
    29.599,
    30.504,
    31.513,
    31.991,
    32.449,
    33.527,
    33.9,
    34.034,
    35.827,
    38.728,
    39.077,
    39.441,
    39.773,
    40.133,
    41.582,
    45.901,
    46.019,
    46.892,
    49.082,
    49.412,
    49.757,
    49.889,
    52.123,
    52.588,
    53.058,
    53.233000000000004,
    53.578,
    53.734,
    54.56,
    55.787,
    56.132,
    56.487,
    57.611000000000004,
    58.846000000000004,
    58.999,
    61.304
  ],
  "Acoustic Snare": [
    2.204,
    2.398,
    2.544,
    2.6790000000000003,
    2.848,
    4.206,
    4.366,
    4.437,
    4.53,
    4.622,
    4.73,
    4.823,
    6.0760000000000005,
    6.23,
    6.389,
    6.538,
    6.864,
    7.007000000000001,
    7.1770000000000005,
    7.343,
    7.493,
    7.667,
    9.886000000000001,
    10.039,
    10.358,
    10.537,
    12.746,
    12.919,
    13.092,
    13.231,
    13.4,
    14.354000000000001,
    14.567,
    14.681000000000001,
    14.783,
    14.894,
    15.093,
    15.196,
    15.322000000000001,
    17.284,
    17.404,
    17.522000000000002,
    17.636,
    17.75,
    18.106,
    18.238,
    18.353,
    18.463,
    18.821,
    18.932000000000002,
    19.048000000000002,
    19.169,
    19.498,
    20.128,
    20.361,
    21.438,
    21.602,
    21.682000000000002,
    21.734,
    21.807000000000002,
    22.027,
    22.098,
    22.159,
    22.246000000000002,
    22.681,
    22.764,
    23.234,
    23.366,
    23.488,
    23.604,
    23.711000000000002,
    23.963,
    24.446,
    24.581,
    25.123,
    25.226,
    25.439,
    25.556,
    25.91,
    26.154,
    26.219,
    26.288,
    26.356,
    26.417,
    26.541,
    26.659,
    26.767,
    26.897000000000002,
    27.363,
    27.722,
    27.834,
    27.915,
    27.972,
    28.05,
    28.12,
    28.193,
    28.26,
    28.368000000000002,
    28.482,
    28.721,
    28.803,
    29.143,
    29.816,
    29.932000000000002,
    30.0,
    30.073,
    30.141000000000002,
    30.207,
    31.038,
    31.171,
    31.246000000000002,
    31.3,
    31.332,
    31.409,
    31.758,
    31.839000000000002,
    31.938000000000002,
    32.204,
    32.277,
    32.35,
    32.42,
    32.837,
    33.047000000000004,
    33.174,
    33.287,
    33.406,
    33.673,
    33.793,
    35.025,
    35.109,
    35.175000000000004,
    35.243,
    35.525,
    35.596000000000004,
    35.687,
    35.77,
    36.241,
    36.465,
    36.579,
    36.694,
    36.81,
    36.932,
    37.038000000000004,
    37.867,
    37.976,
    38.522,
    38.635,
    38.838,
    38.955,
    39.548,
    39.657000000000004,
    40.355000000000004,
    40.42,
    40.518,
    40.589,
    40.65,
    40.897,
    41.155,
    41.263,
    41.38,
    41.488,
    41.852000000000004,
    42.089,
    42.347,
    42.423,
    42.521,
    42.72,
    42.939,
    43.048,
    43.263,
    43.36,
    43.459,
    43.581,
    43.677,
    43.882,
    43.985,
    44.207,
    44.293,
    44.381,
    44.466,
    44.571,
    44.698,
    44.824,
    44.944,
    47.339,
    47.841,
    48.731,
    48.834,
    48.946,
    49.184,
    49.314,
    49.51,
    49.626,
    50.192,
    50.729,
    51.194,
    51.230000000000004,
    51.256,
    51.983000000000004,
    52.919000000000004,
    54.387,
    54.475,
    55.064,
    55.894,
    56.011,
    56.26,
    56.386,
    56.628,
    56.961,
    57.016,
    57.239000000000004,
    57.341,
    57.401,
    57.464,
    57.524,
    57.949,
    58.392,
    58.698,
    59.137,
    59.293,
    59.625,
    60.579,
    60.729,
    60.902
  ],
  "Open Hi Hat": [
    8.496,
    30.534,
    33.551,
    34.028
  ],
  "Ride Cymbal 1": [
    45.883,
    46.565,
    46.902,
    47.495,
    47.843,
    47.997,
    49.407000000000004,
    50.357,
    50.724000000000004,
    50.875,
    51.344,
    51.67,
    51.816,
    52.615,
    52.766,
    53.227000000000004,
    53.734,
    54.233000000000004,
    54.565,
    54.718,
    55.067,
    55.215,
    55.788000000000004,
    56.622,
    58.064,
    58.388,
    58.536,
    59.013,
    59.315,
    59.480000000000004
  ],
  "Crash Cymbal 1": [
    46.036,
    49.076,
    49.884,
    56.136,
    57.611000000000004
  ]
}