{
  "Closed Hi Hat": [
    0.0,
    0.2688166666666667,
    3.232520416666667
  ],
  "Acoustic Snare": [
    0.025537583333333336,
    0.11693525,
    0.17473083333333334,
    0.21505333333333335,
    0.25134358333333334,
    0.2768811666666667,
    0.4583324166666667,
    2.0900495833333332,
    2.147845166666667,
    2.1895117500000003,
    2.228490166666667,
    2.25402775,
    2.4502639166666667,
    3.4610145833333337,
    3.5107456666666668,
    3.5456918333333336,
    3.579293916666667,
    3.5846702500000003,
    3.744616166666667,
    3.780906416666667,
    3.8104762500000002,
    3.8360138333333333,
    3.8911212500000003,
    4.09273375
  ],
  "Low-Mid Tom": [
    0.6021493333333334
  ],
  "High Tom": [
    0.774192,
    0.9274175,
    1.1008042500000002,
    1.26209425,
    1.4287605833333334,
    1.5887065,
    2.5887045,
    2.7553708333333335,
    2.90725225,
    4.220421666666667,
    4.39918475,
    4.555098416666667
  ],
  "High Floor Tom": [
    4.736549666666667,
    4.88305475
  ]
}