{
  "Bass Drum 1": [
    0.0,
    0.27864605625,
    0.81336870625
  ],
  "Closed Hi Hat": [
    0.0034722250000000002,
    0.41059060625000005,
    0.8246534375000001
  ],
  "Acoustic Snare": [
    0.41059060625000005,
    0.6822922125,
    0.9505215937500001,
    1.08767448125,
    1.2239593125000001
  ],
  "High Floor Tom": [
    1.3463552437500002
  ],
  "High Tom": [
    1.4826400750000002
  ]
}