{
  "Acoustic Snare": [
    0.125,
    0.5650000000000001,
    1.17,
    1.6425,
    2.08875,
    2.38875,
    2.5812500000000003,
    2.84625,
    2.89875,
    3.27875,
    3.57875,
    3.86875,
    4.20375,
    4.4175
  ],
  "Bass Drum 1": [
    0.23500000000000001,
    1.4725,
    2.68375,
    2.98875,
    3.735,
    4.3950000000000005
  ],
  "Open Hi Hat": [
    0.26875,
    0.43125
  ],
  "Closed Hi Hat": [
    0.52875,
    0.5625,
    0.855,
    1.17625,
    1.4825,
    1.79125,
    2.09875,
    2.3975,
    2.7125,
    3.0025,
    3.28625,
    3.59375,
    3.89,
    4.215,
    4.49375
  ]
}