{
  "Acoustic Snare": [
    0.17986093125,
    0.23749976250000002,
    0.56180499375,
    1.5374984625,
    1.8854147812500002,
    2.21180334375,
    2.3152754625000003,
    2.75208058125,
    2.87430268125,
    3.1236079875000002,
    3.4326354562500003,
    3.75346846875,
    5.119439325,
    5.192355918750001,
    5.27291139375,
    5.9041607625,
    6.2652715125,
    6.55346566875,
    6.9041597625,
    7.21457611875
  ],
  "Closed Hi Hat": [
    0.29930525625000004,
    0.96736014375,
    1.6256928187500002,
    2.3124976875,
    2.97846924375,
    3.6499963500000003,
    4.32985678125,
    5.02013386875,
    5.6791609875,
    5.88679966875,
    6.31179924375,
    6.5069379375,
    6.98679856875
  ],
  "Ride Cymbal 1": [
    0.30763858125,
    0.536110575,
    0.6374993625,
    0.9756934687500001,
    1.19652658125,
    1.2958320375,
    1.6402761375000001,
    1.87222035,
    1.97985913125,
    2.31319213125,
    2.5513863375000003,
    2.6569417875,
    2.9861081250000003,
    3.21319123125,
    3.32708000625,
    3.652774125,
    3.8555517000000004,
    3.97291269375,
    4.3319401125,
    4.5569398875000005,
    4.668050887500001,
    5.35346686875,
    5.6979109687500005,
    5.90554965,
    6.00624399375,
    6.333327000000001,
    6.5458267875,
    6.652771125,
    7.0020763312500005,
    7.210409456250001
  ],
  "Bass Drum 1": [
    3.1902745875000003,
    3.52430203125,
    3.6555519000000003,
    3.86874613125,
    4.22985688125,
    5.3513835375
  ],
  "High Tom": [
    4.0749959250000005,
    5.0347171875
  ],
  "High Floor Tom": [
    4.4423566687500005,
    4.8555507,
    4.94096728125
  ],
  "Low-Mid Tom": [
    4.75346746875
  ]
}