{
  "Open Hi Hat": [
    0.0,
    2.2432750833333333,
    3.208326916666667,
    3.55241225
  ],
  "Acoustic Snare": [
    0.005376333333333334,
    0.17204266666666668,
    0.9596755,
    0.9852130833333334,
    1.1545675833333333,
    1.2809114166666666,
    1.4825239166666668,
    1.6115559166666669,
    1.7903190000000002,
    1.9166628333333335,
    2.71370425,
    2.7580590000000003,
    3.7231108333333336,
    3.788970916666667,
    3.82660525,
    3.8844008333333337,
    4.06854025,
    4.126335833333334,
    4.163970166666667,
    4.202948583333334,
    4.209669,
    4.384399833333333,
    4.5174640833333335
  ],
  "Closed Hi Hat": [
    0.6465040833333334,
    1.258062,
    3.8548310000000003,
    4.494614666666667
  ],
  "Bass Drum 1": [
    2.22983425,
    3.224455916666667,
    3.5470359166666667,
    5.010742666666667
  ],
  "High Floor Tom": [
    4.698915333333334,
    4.827947333333333
  ],
  "Ride Cymbal 1": [
    5.0685382500000005
  ]
}