{
  "Bass Drum 1": [
    0.0017361125000000001,
    0.27083355000000003,
    0.81250065
  ],
  "Closed Hi Hat": [
    0.006076393750000001,
    0.42274339375000003,
    0.82638955
  ],
  "Acoustic Snare": [
    0.40972255,
    0.6848963812500001,
    0.9496535375,
    1.0807300312500001,
    1.2083343
  ],
  "High Tom": [
    1.3420149625000002,
    1.4730914562500002
  ]
}