{
  "Closed Hi Hat": [
    0.0,
    0.5475,
    0.59,
    0.8825000000000001,
    1.05625,
    1.1925000000000001,
    1.485,
    1.7875,
    2.10125,
    2.2975,
    2.4075,
    2.70125,
    3.01625,
    3.3175,
    3.62875,
    3.90875,
    4.215,
    4.77125,
    5.08375,
    5.3925,
    5.6925,
    6.0025,
    6.295,
    6.58875,
    6.87875,
    7.19,
    7.4725,
    7.78125,
    8.09375,
    8.39,
    8.68875,
    8.99875,
    9.3125
  ],
  "Acoustic Snare": [
    0.12125,
    0.5700000000000001,
    0.76625,
    1.05625,
    1.35625,
    1.77625,
    2.285,
    2.5725000000000002,
    3.00875,
    3.30625,
    3.50125,
    3.7975,
    4.205,
    4.39375,
    4.65875,
    4.96,
    5.24625,
    5.29125,
    5.68875,
    5.9887500000000005,
    6.1725,
    6.455,
    6.8775,
    7.1850000000000005,
    7.38875,
    7.665,
    7.97625,
    8.3175,
    8.53625,
    8.65875,
    8.88,
    9.30625,
    9.35375
  ],
  "Bass Drum 1": [
    0.24625,
    1.4875,
    1.6612500000000001,
    2.39875,
    2.715,
    3.6025,
    4.6475,
    5.08375,
    6.27625,
    6.8725000000000005,
    7.01,
    8.27125,
    8.7075
  ],
  "Open Hi Hat": [
    0.26375,
    1.77625
  ]
}