{
  "Acoustic Snare": [
    0.0,
    0.6801061666666667,
    1.51209375,
    1.5631689166666667,
    1.5967710000000002,
    1.6276849166666667,
    1.8118243333333335,
    1.8628995000000002,
    1.9018779166666668,
    2.9112845000000003,
    3.096768,
    3.2432730833333334,
    3.349455666666667,
    3.4435415000000003,
    3.5335950833333336,
    3.635745416666667,
    3.728487166666667,
    3.82660525,
    3.919347
  ],
  "Bass Drum 1": [
    0.15860183333333333,
    0.6760739166666667,
    0.9865571666666667,
    1.3172016666666668,
    4.447571750000001
  ],
  "Open Hi Hat": [
    0.17069858333333335,
    0.9731163333333334,
    1.3239220833333334
  ],
  "High Tom": [
    1.9596735,
    2.1438129166666666
  ],
  "Low-Mid Tom": [
    2.280909416666667,
    2.458328416666667,
    2.599457166666667
  ],
  "Ride Cymbal 1": [
    2.91531675,
    4.43950725
  ],
  "High Floor Tom": [
    4.016121,
    4.122303583333333,
    4.228486166666667,
    4.3212279166666665
  ]
}