{
  "Closed Hi Hat": [
    0.0,
    0.40191004375,
    0.836806225
  ],
  "Bass Drum 1": [
    0.2586807625,
    0.82378538125
  ],
  "Acoustic Snare": [
    0.39756976250000003,
    0.6788199875,
    0.9574660437500001,
    1.09461893125,
    1.2309037625
  ],
  "High Tom": [
    1.3697927625000001,
    1.50694565
  ]
}