{
  "Bass Drum 1": [
    0.2725,
    1.69875,
    2.285,
    2.70875,
    3.90125,
    4.3812500000000005
  ],
  "Closed Hi Hat": [
    0.2775,
    0.58625,
    1.18875,
    1.805,
    2.1075,
    2.40875,
    2.73875,
    3.02875,
    3.3225000000000002,
    3.6350000000000002,
    3.9137500000000003,
    4.225
  ],
  "Acoustic Snare": [
    0.48625,
    0.87,
    1.07375,
    1.34375,
    1.6675,
    1.98625,
    2.285,
    2.60875,
    3.3225000000000002,
    3.625,
    4.22125
  ]
}