{
  "Closed Hi Hat": [
    0.016129,
    1.2607501666666667
  ],
  "High Floor Tom": [
    0.03629025,
    0.22446191666666668,
    0.5336010833333333,
    0.6693535,
    0.9502669166666667,
    1.27015875,
    1.7822545,
    2.11693125,
    3.5241865000000003,
    3.861551416666667,
    4.813162416666667
  ],
  "Acoustic Snare": [
    0.8158585833333334,
    1.1384385833333335,
    1.4542981666666668,
    1.5981150833333335,
    1.9166628333333335,
    2.240586916666667,
    2.4166618333333334,
    3.02015525,
    3.0860153333333336,
    3.212359166666667,
    3.39918675,
    4.02015325,
    4.1559056666666665,
    4.344077333333334,
    4.470421166666667
  ],
  "Low-Mid Tom": [
    2.563166916666667
  ],
  "High Tom": [
    2.8628975000000003,
    4.6693455
  ],
  "Bass Drum 1": [
    3.7231108333333336
  ],
  "Crash Cymbal 1": [
    4.993269583333333
  ]
}