{
  "Open Hi Hat": [
    0.0,
    0.277778
  ],
  "Bass Drum 1": [
    0.28038216875
  ],
  "Acoustic Snare": [
    0.44010451875,
    0.5677087875000001,
    0.70225750625,
    0.82899371875,
    0.9522577062500001
  ],
  "High Tom": [
    1.08246614375,
    1.2135426375
  ],
  "High Floor Tom": [
    1.34114690625,
    1.4756956250000002
  ]
}