{
  "Closed Hi Hat": [
    0.015,
    0.59,
    0.635,
    0.9125,
    1.07,
    1.19375,
    1.47,
    1.7775,
    1.7875,
    2.08625,
    2.2575,
    2.38,
    2.97625,
    2.99375,
    3.29375,
    3.4562500000000003,
    3.585,
    4.1625,
    4.18875,
    4.48625,
    4.6725,
    4.79125,
    5.07,
    5.3875,
    5.69625,
    5.8637500000000005,
    5.99875,
    6.58625,
    6.6137500000000005,
    6.91,
    7.08625,
    7.2125,
    7.7825,
    7.8,
    8.1,
    8.2675,
    8.401250000000001,
    8.67625,
    8.955,
    8.97,
    9.293750000000001,
    9.47875,
    9.585,
    10.185,
    10.20625,
    10.49,
    10.655,
    10.7875,
    11.075000000000001,
    11.3725,
    11.40375,
    11.70875,
    12.0,
    12.2725,
    12.5625,
    12.58625,
    12.865,
    13.0375,
    13.17,
    13.748750000000001,
    13.7725,
    14.06875,
    14.3725,
    14.96875,
    14.995000000000001,
    15.290000000000001,
    15.465,
    15.59875,
    15.875,
    16.17,
    16.18125,
    16.49125,
    16.65,
    16.78125,
    17.38875,
    17.400000000000002,
    17.705000000000002,
    18.017500000000002,
    18.298750000000002,
    18.611250000000002,
    19.16625,
    19.21125,
    19.48,
    19.77375,
    20.08625,
    20.36625,
    20.65625,
    20.92,
    20.9475,
    21.25625,
    21.462500000000002,
    21.57875,
    22.1575,
    22.19625,
    22.4875,
    22.65875,
    22.785,
    23.06375,
    23.3725,
    23.38125,
    23.5325
  ],
  "Bass Drum 1": [
    0.02,
    0.30125,
    1.485,
    2.37,
    2.67875,
    3.8737500000000002,
    4.765,
    5.0825000000000005,
    6.29875,
    7.17875,
    7.5025,
    8.668750000000001,
    8.84875,
    9.571250000000001,
    9.88625,
    11.08,
    11.98625,
    12.29125,
    13.46125,
    14.365,
    14.68,
    15.873750000000001,
    17.083750000000002,
    17.9925,
    18.59625,
    18.78375,
    19.18625,
    19.4575,
    20.642500000000002,
    21.56,
    21.86625,
    23.08125
  ],
  "Acoustic Snare": [
    0.18625,
    0.625,
    0.8300000000000001,
    1.0875000000000001,
    1.3575,
    1.7825,
    1.99625,
    2.26125,
    2.525,
    2.98,
    3.1675,
    3.4675000000000002,
    3.755,
    4.1775,
    4.3500000000000005,
    4.6537500000000005,
    4.95875,
    5.385,
    5.57875,
    5.88,
    6.1675,
    6.60125,
    6.78875,
    7.07625,
    7.33875,
    7.785,
    7.95375,
    8.258750000000001,
    8.55375,
    8.965,
    9.18,
    9.463750000000001,
    9.74625,
    10.1925,
    10.375,
    10.66125,
    10.955,
    11.39125,
    11.4525,
    11.595,
    11.870000000000001,
    12.15875,
    12.57375,
    12.7575,
    13.035,
    13.30375,
    13.758750000000001,
    13.93,
    14.255,
    14.5525,
    14.98625,
    15.18,
    15.46625,
    15.7525,
    16.177500000000002,
    16.6375,
    16.685,
    16.72875,
    16.7725,
    17.00125,
    17.392500000000002,
    17.6975,
    17.89375,
    18.1875,
    18.465,
    18.89,
    19.33875,
    19.3775,
    19.4075,
    19.43375,
    19.475,
    19.76875,
    19.82,
    20.24875,
    20.54625,
    20.94375,
    21.13,
    21.455000000000002,
    21.75625,
    22.1875,
    22.3575,
    22.6575,
    22.94625,
    23.385
  ],
  "Open Hi Hat": [
    0.3125,
    2.66,
    3.86875,
    5.39375,
    6.28375,
    7.48,
    9.87125,
    13.45375,
    14.6725,
    17.07625,
    18.892500000000002,
    21.87
  ]
}