{
  "Acoustic Snare": [
    2.4153177500000003,
    2.4731133333333335,
    2.51209175,
    2.548382,
    2.728489166666667,
    2.8749942500000003,
    3.526874666666667,
    3.857519166666667,
    4.026873666666667,
    4.50402325,
    4.698915333333334
  ],
  "High Tom": [
    3.059133666666667,
    4.176066916666667,
    4.36692675
  ],
  "Low-Mid Tom": [
    3.2029505833333336,
    3.3844018333333334,
    3.69757325
  ],
  "Crash Cymbal 1": [
    5.017463083333333
  ],
  "Ride Cymbal 1": [
    5.017463083333333
  ]
}