{
  "Bass Drum 1": [
    0.0086805625,
    0.27343771875,
    0.71614640625,
    1.11024394375
  ],
  "Ride Cymbal 1": [
    0.021701406250000003,
    0.43316006875,
    0.85329929375
  ],
  "Acoustic Snare": [
    0.43402812500000004
  ],
  "High Floor Tom": [
    1.25434128125
  ],
  "High Tom": [
    1.2795149125,
    1.5329873375
  ]
}