{
  "Bass Drum 1": [
    0.0,
    0.29850733333333335,
    0.7425369916666666,
    0.8973876708333334,
    1.1986935104166667,
    1.6315291437500001,
    2.0652976125,
    2.5121257770833334,
    2.6828346583333333,
    2.9654837895833333,
    3.40018509375
  ],
  "Acoustic Snare": [
    0.44682816458333335,
    0.44962667083333335,
    0.8050369645833334,
    0.8861936458333334,
    0.9188428854166667,
    0.9449622770833334,
    1.3414173291666667,
    1.5671635,
    1.6333948145833335,
    1.6809694208333334,
    1.7285440270833334,
    1.7733201270833334,
    1.84421561875,
    1.9710812354166667,
    2.234140822916667,
    2.48227504375,
    2.5736929145833334,
    2.608207825,
    2.6427227354166667,
    2.6688421270833333,
    2.7014913666666667,
    2.7164167333333333,
    3.1128717854166665,
    3.3712671958333336,
    3.462685066666667,
    3.5055954958333335,
    3.549438760416667
  ],
  "Ride Cymbal 1": [
    0.43843264583333336,
    0.7341414729166666,
    0.9020518479166667,
    1.175372625,
    1.3488800125,
    2.0587677645833335,
    2.220148291666667,
    2.5139914479166667,
    2.6819018229166667,
    2.9654837895833333,
    3.119401633333333,
    3.3992522583333336
  ],
  "High Floor Tom": [
    0.4402983166666667
  ],
  "Crash Cymbal 1": [
    1.6212679541666668
  ]
}