{
  "Closed Hi Hat": [
    0.1656978125,
    0.2645351041666667,
    0.5604655833333334,
    0.5720935,
    0.8470937291666668,
    1.1296521041666667,
    1.401745354166667,
    1.6505827708333336,
    1.7017456041666668,
    1.9703504791666668,
    2.2343041875000003,
    2.5238393125000003,
    2.8046535,
    3.069188604166667,
    3.336049291666667,
    3.605816958333334,
    3.875003229166667,
    4.391864125000001,
    4.433143229166667,
    4.711050437500001,
    5.003492541666668,
    5.269771833333334,
    5.547679041666667,
    5.821516479166667,
    6.103493458333334,
    6.620935750000001,
    6.672679979166667,
    6.939540666666668,
    7.242447895833334,
    7.516866729166668,
    9.447682291666668,
    9.764543020833335,
    10.027915333333334,
    10.311055104166668,
    10.624427458333335,
    10.886636979166667,
    11.163381395833335,
    11.4226839375,
    11.986637895833335,
    12.251754395833334,
    12.717452458333335,
    13.120359770833335,
    13.365127416666668,
    13.872685979166668,
    14.202337416666667,
    14.4889655625,
    14.977338062500001,
    15.326175562500001,
    15.576175770833334,
    16.083152937500003,
    16.455827666666668,
    16.719781375,
    17.203502708333335
  ],
  "Acoustic Snare": [
    0.5656981458333334,
    1.6959316458333336,
    2.8011651250000003,
    3.4907005833333336,
    3.8639567083333337,
    5.00232975,
    5.710469875,
    6.101167875000001,
    7.237215333333334,
    7.659308708333334,
    7.762215770833334,
    7.781983229166667,
    8.615123458333334,
    9.486054416666668,
    9.937217583333334,
    10.168031729166668,
    10.607566979166668,
    11.720358604166668,
    12.156405479166668,
    12.412219645833334,
    12.820359520833335,
    13.083150437500002,
    13.920941833333336,
    14.390709666666668,
    14.646523833333335,
    15.038384625,
    16.15757160416667,
    16.612223145833337,
    16.879083833333336,
    17.25292135416667,
    17.2761771875
  ],
  "Bass Drum 1": [
    1.0034892083333335,
    1.3377918125000001,
    2.132559916666667,
    2.249420479166667,
    3.226165479166667,
    3.8075613125000003,
    4.430817645833334,
    5.438376625000001,
    6.0139585,
    6.375005312500001,
    6.656400895833334,
    7.762797166666667,
    8.364541854166667,
    8.910472541666667,
    9.189542541666668,
    9.979078083333334,
    10.330241166666667,
    11.146520916666669,
    11.423265333333335,
    12.231986937500002,
    12.527917416666668,
    13.352918104166669,
    13.630243916666668,
    14.450593437500002,
    14.736058791666668,
    15.582571125000001,
    15.839548083333336,
    16.72094416666667,
    17.005828125,
    17.81629391666667
  ],
  "Open Hi Hat": [
    4.143026708333334,
    6.3918657916666675,
    9.193030916666668,
    12.527336020833335,
    13.645360208333335,
    14.739547166666668,
    15.854082979166668,
    16.99129322916667
  ],
  "High Tom": [
    8.054657875,
    8.498844291666668,
    17.55989835416667
  ],
  "Low-Mid Tom": [
    8.352332541666668,
    8.495355916666668
  ],
  "Crash Cymbal 1": [
    8.893030666666668,
    13.080824854166668,
    17.823852062500002
  ]
}