{
  "Acoustic Snare": [
    0.0,
    0.24784464583333335,
    0.5183185854166666,
    0.7866373541666667,
    1.0441802687500001,
    1.2909473291666667,
    1.5571109270833334,
    1.6831884208333334
  ],
  "High Floor Tom": [
    0.0,
    0.25969808541666667,
    0.5215513416666667,
    0.79202528125,
    1.0517233666666668,
    1.2952576708333334,
    1.5592660979166668,
    1.67780049375
  ]
}