{
  "Bass Drum 1": [
    0.0,
    0.8568848291666666,
    1.7454725854166666,
    2.810690935416667,
    3.2481913291666666,
    3.4746408083333336,
    4.341489414583333,
    5.218301797916666,
    6.2808027541666664,
    6.936600445833333,
    7.821565010416667,
    8.684790425000001,
    9.788958085416667,
    10.428451414583334,
    12.1576196375,
    13.23642495625,
    13.674831147916667,
    13.897657435416667,
    14.748201679166668,
    15.64403581875,
    16.718312147916667,
    17.375921435416668,
    18.269943979166666,
    19.137698383333333,
    20.20382253125,
    20.86777240416667,
    21.730092020833332,
    22.612339191666667,
    23.65491259375,
    24.327920445833335,
    25.205638627083335,
    26.087885797916666,
    27.151292552083333,
    27.20382883125
  ],
  "Closed Hi Hat": [
    0.0,
    0.18115958333333335,
    0.4030800729166667,
    0.41847863750000003,
    0.63858753125,
    0.858696425,
    1.05163138125,
    1.2925736270833335,
    1.510870925,
    1.7427551916666668,
    1.9320669562500001,
    2.17663239375,
    2.3713789458333334,
    2.8134083291666667,
    3.0326114250000002,
    3.2346043604166668,
    3.460148041666667,
    3.6793511375,
    3.9094238083333335,
    4.11685153125,
    4.354170585416667,
    4.549822935416667,
    4.7762724145833335,
    4.984605935416667,
    5.196562647916667,
    5.213772808333333,
    5.409425158333334,
    5.6467442125,
    5.854171935416667,
    6.06794024375,
    6.2989187125,
    6.504534839583333,
    6.72011474375,
    6.933883052083334,
    7.127723806250001,
    7.375912435416667,
    7.5933039354166665,
    7.819753414583333,
    8.012688370833333,
    8.250913222916667,
    8.44837716875,
    8.684790425000001,
    8.8967471375,
    9.131348797916667,
    9.336964925,
    9.577001372916667,
    9.75816095625,
    10.000914797916668,
    10.22011789375,
    10.43207460625,
    10.643125520833333,
    10.867763404166666,
    11.08424910625,
    11.308886989583334,
    11.530807479166667,
    11.737329404166667,
    11.94838031875,
    12.1684892125,
    12.389503904166666,
    12.605083808333333,
    13.022656647916667,
    13.243671339583333,
    13.435700497916667,
    13.46468603125,
    13.682983329166667,
    13.892222647916666,
    14.11142574375,
    14.329723041666666,
    14.560701510416667,
    14.76088285,
    14.985520733333333,
    15.202912233333334,
    15.64947060625,
    15.8532751375,
    16.09512318125,
    16.289869733333333,
    16.50273224375,
    16.721935339583332,
    16.945667425,
    17.162153127083332,
    17.38316781875,
    17.59512453125,
    17.82429140416667,
    18.030813329166666,
    18.268132383333334,
    18.481900691666667,
    18.694763202083333,
    18.917589489583335,
    19.148567958333334,
    19.34512610625,
    19.577916170833333,
    19.787155489583334,
    19.975561456250002,
    20.010887575,
    20.2174095,
    20.402192275,
    20.43208360625,
    20.653098297916667,
    20.860526020833333,
    21.069765339583334,
    21.3098017875,
    21.5271932875,
    21.732809414583333,
    21.936613945833333,
    22.169404010416667,
    22.384078116666668,
    22.609621797916667,
    22.805274147916666,
    23.03534681875,
    23.238245552083335,
    23.467412425,
    23.681180733333335,
    23.8967606375,
    24.115963733333334,
    24.332449435416667,
    24.540782956250002,
    24.776290414583332,
    24.984623935416668,
    25.207450222916666,
    25.647668010416666,
    25.851472541666666,
    26.088791595833335,
    26.294407722916667,
    26.533538372916667,
    26.740966095833333,
    26.961074989583334,
    27.18208968125,
    27.392234797916668,
    27.607814702083335
  ],
  "Acoustic Snare": [
    0.18840596666666667,
    0.42119603125,
    0.75271806875,
    1.04076180625,
    1.2952910208333335,
    1.94837131875,
    2.18206718125,
    2.2753643666666665,
    2.54348055,
    2.6068864041666666,
    2.6313429479166666,
    3.039857808333333,
    3.17119850625,
    3.33424213125,
    3.6793511375,
    3.9121412020833333,
    4.003626791666667,
    4.352358989583333,
    4.77989560625,
    5.4067077645833335,
    5.6503674041666665,
    6.129534502083334,
    6.158520035416667,
    6.201998335416667,
    6.5117812229166665,
    7.384064616666667,
    7.545296645833334,
    8.2554422125,
    8.564319302083334,
    8.61142079375,
    8.900370329166666,
    9.137689383333333,
    9.248196729166667,
    10.010878575,
    10.11142214375,
    10.408523860416667,
    10.873198191666667,
    11.211060814583334,
    11.264502891666666,
    11.479176997916667,
    11.742764191666668,
    12.054358675,
    12.330627039583334,
    12.609612797916666,
    12.743670889583333,
    13.47012081875,
    13.865954508333333,
    13.908527010416668,
    13.938418341666667,
    14.334252031250001,
    14.593310235416666,
    14.658527685416667,
    14.706534975,
    14.756353860416667,
    15.202912233333334,
    15.28262245,
    16.10146376666667,
    16.404000270833333,
    16.439326389583332,
    16.94838481875,
    17.243674939583332,
    17.31795036875,
    17.832443585416666,
    18.145849664583334,
    18.208349720833333,
    18.697480595833333,
    18.793495175,
    19.0163214625,
    19.07882151875,
    19.121394020833336,
    19.14222737291667,
    19.181176683333334,
    19.19838684375,
    19.34331451041667,
    19.580633564583334,
    19.667590164583334,
    19.914872995833335,
    19.982807839583334,
    20.01903975625,
    20.057989066666668,
    20.18751816875,
    20.43751839375,
    21.313424979166665,
    21.443859879166666,
    21.721034041666666,
    22.175744595833333,
    22.27991135625,
    23.0380642125,
    23.903101222916668,
    24.204731929166666,
    24.784442595833333,
    25.652197,
    25.754552164583334,
    26.001834995833335,
    26.537161564583332,
    26.788973385416668,
    26.851473441666666,
    26.905821316666668,
    27.39766958541667,
    27.702923483333333
  ],
  "Open Hi Hat": [
    2.6077922020833335,
    16.5054496375
  ]
}