{
  "Acoustic Snare": [
    1.9541666666666666,
    2.50625,
    2.74375,
    2.997916666666667,
    3.25,
    3.5083333333333333
  ],
  "Crash Cymbal 1": [
    1.9541666666666666
  ],
  "High Floor Tom": [
    2.495833333333333,
    2.752083333333333,
    3.0,
    3.2541666666666664,
    3.5104166666666665
  ]
}