{
  "Open Hi Hat": [
    0.15119058958333334,
    0.2630954354166667,
    0.7083338645833334,
    0.8559530229166668,
    0.9916674104166667,
    1.1309532291666666,
    1.2928581125,
    1.4214296375000002,
    1.6000012000000001,
    1.8761918833333335,
    2.0071443625,
    2.470239947916667,
    2.5726209770833335,
    2.7630973104166667,
    3.063097535416667,
    3.1678595187500003,
    3.327383447916667,
    3.4654787895833334,
    3.6083360395833335,
    3.7333361333333337,
    4.200003150000001,
    4.320241335416667,
    4.484527172916667,
    4.615479652083334,
    4.783336920833333,
    4.8940512895833335,
    5.02500376875,
    5.345242104166667,
    5.46071838125,
    5.6142899250000005,
    5.738099541666667,
    5.8857187,
    6.00357593125,
    6.46071913125,
    6.5750049312500005,
    6.7428622,
    6.869052770833334,
    7.033338608333334,
    7.158338702083333,
    7.31071976875,
    7.5928628375,
    7.727386747916667,
    7.8845297229166675,
    8.010720293750001,
    8.157148975,
    8.419053933333334,
    8.715482727083334,
    8.859530454166666,
    9.027387722916668,
    9.142864000000001,
    9.323816516666668,
    9.458340427083334,
    9.613102447916667,
    9.884531222916667,
    10.015483702083333,
    11.036913039583334,
    11.12500834375,
    11.2642941625,
    11.403579981250001,
    11.57500868125,
    11.708342114583335,
    12.147628158333333,
    12.283342545833333,
    12.42858075,
    12.541676072916667,
    12.833342958333334,
    13.298819497916668,
    13.591676860416667,
    13.734534110416668,
    14.1714392,
    14.48929658125,
    14.590487133333335,
    15.151201839583335,
    15.641678397916667,
    19.728586225,
    20.2285866,
    20.483348695833335,
    22.014302225,
    24.29644679375,
    24.779780489583334,
    25.048828310416667,
    27.642877875,
    28.30359265625,
    28.483354695833334,
    28.56787856875,
    28.866688316666668,
    29.051212264583334,
    29.319069608333336,
    29.5928793375,
    29.98454629791667,
    30.140498795833334,
    31.097642370833334,
    31.59526179166667,
    33.428596500000005,
    34.21312089791667
  ],
  "Bass Drum 1": [
    0.44523842916666667,
    1.4285725,
    2.2857160000000003,
    3.905955310416667,
    4.59643201875,
    6.157147475,
    6.866671816666667,
    9.136911614583333,
    10.7642937875,
    11.419056183333334,
    11.873818429166667,
    12.847628683333333,
    13.345248104166668,
    13.728581725000002,
    15.157154225000001,
    16.007154862500002,
    18.290489908333335,
    19.729776702083335,
    20.60001545,
    22.035730812500002,
    22.8785885875,
    24.31073251875,
    25.141685522916667,
    27.44168724791667,
    29.708355614583336,
    31.107166187500003,
    31.62740467291667,
    31.6785951875,
    31.983357320833335,
    33.422644114583335
  ],
  "Acoustic Snare": [
    0.5488099354166667,
    1.7059536604166667,
    2.8833354958333337,
    4.034526835416667,
    5.17500388125,
    6.273814229166667,
    7.445243679166667,
    8.276196683333334,
    8.563101660416667,
    9.728578725,
    10.846436706250001,
    11.972628027083333,
    13.146438431250001,
    14.308344064583334,
    15.45715445,
    16.590488633333333,
    17.430965454166667,
    17.533346483333336,
    17.60596558541667,
    17.702394229166668,
    17.883346745833336,
    17.982156343750002,
    18.872633202083335,
    20.033348358333335,
    21.169063495833335,
    22.32025483541667,
    23.45358901875,
    24.601208927083334,
    25.740495495833336,
    26.286924477083335,
    26.46787699375,
    26.75597244791667,
    26.883353495833337,
    27.05716315,
    27.333353833333334,
    28.020259110416667,
    29.14525995416667,
    30.25359411875,
    31.408356889583334,
    32.56192918333333,
    33.72740624791667
  ],
  "Closed Hi Hat": [
    2.170239722916667,
    10.154769520833334,
    10.285722,
    10.429769727083334,
    10.569055545833335,
    10.713103272916667,
    12.702390479166667,
    13.159533679166667,
    13.4500100875,
    13.894058039583333,
    14.028581950000001,
    14.751201539583334,
    14.857154000000001,
    15.036916039583334,
    15.471440175000001,
    15.745249904166668,
    15.911916695833334,
    16.026202495833335,
    16.208345489583333,
    16.3214408125,
    16.479774264583334,
    16.757155425,
    16.880965041666666,
    17.050012787500002,
    17.165489064583333,
    17.31787013125,
    18.271442275000002,
    18.505966260416667,
    18.56072820625,
    18.7642997875,
    19.063109535416668,
    19.161919133333335,
    19.330966879166667,
    19.43453838541667,
    19.62025281041667,
    20.04644360625,
    20.31787238125,
    20.605967835416667,
    20.776206058333333,
    20.888110904166666,
    21.055968172916668,
    21.34644458125,
    21.444063702083334,
    21.616682879166667,
    21.716682954166668,
    21.888111654166668,
    22.344064377083335,
    22.501207352083334,
    22.604778858333336,
    22.775017081250002,
    22.88811240416667,
    23.076207783333334,
    23.190493583333335,
    23.342874650000002,
    23.619065333333335,
    23.733351133333336,
    23.885732200000003,
    24.004779908333333,
    24.167875268750002,
    24.620256560416667,
    24.889304381250003,
    25.161923633333334,
    25.361923783333335,
    25.45359051875,
    25.60240015416667,
    25.9214480125,
    26.010733793750003,
    26.184543447916667,
    28.769069195833335,
    29.426212545833334,
    29.70597466041667,
    29.878593837500002,
    30.436927589583334,
    30.54526100416667,
    30.70954684166667,
    30.82383264166667,
    30.98811847916667,
    31.414309275,
    31.73930951875,
    31.88216676875,
    32.008357339583334,
    32.21073844375,
    32.2857385,
    32.44050052083333,
    32.77978648958334,
    32.860738931250005,
    33.04407240208334,
    33.150024862500004,
    33.32026308541667,
    33.754787220833336,
    33.93812069166667,
    34.03097790416667
  ],
  "Crash Cymbal 1": [
    27.436925339583336
  ]
}