{
  "Bass Drum 1": [
    0.0,
    2.599457166666667,
    4.529560833333334,
    5.818536750000001,
    7.110200833333334,
    10.10885075,
    10.315839583333334,
    10.948902833333333,
    11.602127333333334,
    12.258040000000001,
    12.89110325,
    13.537607333333334,
    14.047014916666667,
    14.192175916666667,
    14.831959583333335,
    15.466366916666667,
    16.138408583333334,
    16.766095500000002,
    17.244589166666668,
    17.40587916666667,
    17.924695333333336,
    18.071200416666667,
    18.54431775,
    19.68006816666667,
    20.628991000000003,
    21.09269975,
    22.235170583333336,
    23.228448166666666,
    23.72979125,
    24.854789,
    25.80908816666667,
    26.247259333333336,
    28.206932833333337,
    28.362846500000003
  ],
  "Closed Hi Hat": [
    0.014784916666666668,
    0.3373649166666667,
    0.49865491666666667,
    0.661289,
    0.8319875833333333,
    0.97177225,
    1.1505353333333335,
    1.3077930833333333,
    1.6209645000000001,
    1.7916630833333334,
    1.9556412500000002,
    2.112899,
    2.2741890000000002,
    2.435479,
    2.611553916666667,
    2.7714998333333334,
    3.080639,
    3.2405849166666667,
    3.401874916666667,
    3.5537563333333337,
    3.7137022500000003,
    3.87096,
    4.037626333333334,
    4.190851833333333,
    4.345421416666667,
    4.525528583333333,
    4.686818583333333,
    5.005366333333334,
    5.162624083333333,
    5.321225916666667,
    5.47982775,
    5.630365083333333,
    5.811816333333334,
    5.982514916666667,
    6.122299583333334,
    6.301062666666667,
    6.458320416666667,
    6.620954500000001,
    6.779556333333334,
    6.932781833333333,
    7.115577166666667,
    7.286275750000001,
    7.41530775,
    7.581974083333334,
    7.74595225,
    7.908586333333334,
    8.0725645,
    8.236542666666667,
    8.420682083333334,
    8.725789,
    8.89111125,
    9.047024916666667,
    9.181433250000001,
    9.618260333333334,
    10.142452833333333,
    10.467721000000001,
    10.57659175,
    10.784924666666667,
    10.946214666666668,
    11.106160583333335,
    11.287611833333335,
    11.43142875,
    11.592718750000001,
    11.759385083333335,
    12.090029583333335,
    12.258040000000001,
    12.446211666666667,
    12.585996333333334,
    12.75400675,
    12.907232250000002,
    13.068522250000001,
    13.37497325,
    13.541639583333334,
    13.7015855,
    13.858843250000001,
    14.008036500000001,
    14.186799583333334,
    14.3628745,
    14.665293250000001,
    14.831959583333335,
    15.004002250000001,
    15.323894083333334,
    15.475775500000001,
    15.642441833333335,
    15.966365916666668,
    16.126311833333336,
    16.30238675,
    16.474429416666666,
    16.6209345,
    16.77819225,
    16.942170416666666,
    17.10749266666667,
    17.255341833333333,
    17.417975916666666,
    17.58464225,
    17.90184591666667,
    18.06716816666667,
    18.228458166666666,
    18.373619166666668,
    18.532221,
    18.702919583333333,
    19.029531833333333,
    19.19754225,
    19.350767750000003,
    19.509369583333335,
    19.704261666666667,
    19.837325916666668,
    19.99861591666667,
    20.321195916666667,
    20.46635691666667,
    20.63302325,
    20.7983455,
    20.955603250000003,
    21.104796500000003,
    21.259366083333333,
    21.763397333333334,
    21.93006366666667,
    22.094041833333335,
    22.260708166666667,
    22.42334225,
    22.561782833333336,
    22.904524083333335,
    23.057749583333333,
    23.228448166666666,
    23.397802666666667,
    23.716350416666668,
    23.865543666666667,
    24.21231716666667,
    24.370919,
    24.545649833333336,
    24.706939833333333,
    24.861509416666667,
    25.02279941666667,
    25.17602491666667,
    25.494572666666667,
    25.65720675,
    25.821184916666667,
    25.97037816666667,
    26.11150691666667,
    26.296990416666667,
    26.452904083333333,
    26.759355083333336,
    27.70558975,
    28.505319333333336,
    28.68139425,
    28.852092833333334,
    29.206930833333335,
    29.32924241666667,
    29.4918765,
    29.6370375,
    29.81042425,
    30.135692416666668,
    30.307735083333334,
    30.470369166666668,
    30.628971000000003,
    30.796981416666668
  ],
  "Acoustic Snare": [
    9.532239,
    9.603475416666667,
    9.692184916666667,
    18.713672250000002,
    20.020121250000003,
    21.27818325,
    22.576567750000002,
    23.88570491666667,
    25.193498,
    26.463656750000002,
    26.96634391666667,
    27.029515833333335,
    27.073870583333335,
    27.091343666666667,
    27.27010675,
    27.5725255,
    27.719030583333335,
    29.02816775
  ],
  "High Tom": [
    9.849442666666667,
    27.407203250000002,
    27.884352833333335
  ],
  "Low-Mid Tom": [
    10.010732666666668,
    28.036234250000003
  ],
  "Crash Cymbal 1": [
    10.313151416666667,
    28.369566916666667
  ],
  "High Floor Tom": [
    28.18945975
  ]
}