{
  "Closed Hi Hat": [
    0.45208333333333334,
    2.540625
  ],
  "Acoustic Snare": [
    0.7114583333333333,
    0.840625,
    3.8645833333333335,
    3.978125,
    4.105208333333334,
    4.494791666666667,
    4.620833333333334,
    4.859375,
    4.990625,
    5.122916666666667,
    5.242708333333333,
    5.364583333333333,
    5.496875,
    5.622916666666667
  ],
  "High Tom": [
    0.9625,
    1.0854166666666667,
    2.7666666666666666,
    2.888541666666667,
    4.24375,
    4.357291666666667
  ],
  "Low-Mid Tom": [
    1.203125,
    1.3239583333333333,
    3.0010416666666666,
    3.11875,
    4.753125
  ],
  "High Floor Tom": [
    1.4614583333333333,
    1.5770833333333334,
    1.7,
    3.252083333333333,
    3.36875,
    3.5010416666666666,
    3.6218749999999997,
    3.7489583333333334,
    5.745833333333334,
    5.858333333333333
  ],
  "Bass Drum 1": [
    5.991666666666666
  ],
  "Crash Cymbal 1": [
    5.992708333333333
  ]
}