{
  "Bass Drum 1": [
    0.02125,
    0.3325,
    0.90375,
    1.22875,
    1.5225,
    2.09,
    2.4075,
    2.68375,
    3.2912500000000002,
    3.595,
    4.8075,
    5.1075,
    5.6925,
    5.995,
    6.28375,
    6.8975,
    7.1937500000000005,
    8.70625,
    9.293750000000001,
    9.5925,
    10.80625,
    11.12125,
    11.72125,
    12.01375,
    12.40625,
    12.5275,
    12.89625,
    13.205,
    13.6325,
    13.72375,
    14.115,
    14.418750000000001,
    14.82375,
    14.945,
    15.31,
    15.61875,
    16.0225,
    16.1175,
    16.365000000000002,
    16.68125,
    16.82125,
    17.21,
    17.34,
    17.70625,
    18.00875,
    18.15875,
    18.47625,
    18.9125,
    19.08625,
    19.64875,
    19.97625,
    20.41125,
    20.68,
    20.84625,
    21.150000000000002,
    22.035,
    22.335,
    22.785,
    22.9425,
    23.2275,
    23.55875
  ],
  "Open Hi Hat": [
    0.03125,
    0.6225,
    1.215,
    1.8062500000000001,
    2.4,
    2.9987500000000002,
    3.5825,
    4.18875,
    4.8125,
    5.39125,
    5.99125,
    6.608750000000001
  ],
  "Acoustic Snare": [
    0.62,
    1.8025,
    2.99,
    4.18875,
    5.38375,
    6.60375,
    7.796250000000001,
    9.005,
    10.2025,
    10.59875,
    10.70375,
    11.42125,
    12.592500000000001,
    13.81375,
    15.00125,
    16.208750000000002,
    17.405,
    18.61375,
    18.7825,
    19.37,
    19.806250000000002,
    20.235,
    20.53875,
    20.995,
    21.44,
    21.72875,
    22.177500000000002,
    22.6125,
    23.37375,
    23.83875
  ],
  "Closed Hi Hat": [
    7.1825,
    7.19125,
    7.48625,
    7.78125,
    8.11125,
    8.41625,
    8.70875,
    9.00625,
    9.3125,
    9.61375,
    9.9,
    10.200000000000001,
    10.4975,
    10.80875,
    11.105,
    11.4225,
    11.72125,
    12.02375,
    12.29125,
    12.60125,
    12.90375,
    13.20125,
    13.4975,
    13.81875,
    14.1225,
    14.41125,
    14.705,
    15.00625,
    15.31,
    15.6075,
    15.901250000000001,
    16.20125,
    16.50625,
    16.8075,
    17.10375,
    17.4025,
    17.715,
    18.3175,
    18.611250000000002,
    18.91375,
    19.21625,
    19.5275,
    19.80125,
    20.08875,
    20.395,
    20.7025,
    20.9825,
    21.27875,
    21.57625,
    21.88625,
    22.16875,
    22.46375,
    22.75875,
    23.0775,
    23.37375,
    23.675
  ],
  "Crash Cymbal 1": [
    18.00625
  ]
}