{
  "Bass Drum 1": [
    0.009615374999999999,
    3.0689071875,
    6.115378499999999,
    9.2419779375,
    12.290051812499998,
    15.391010249999999,
    18.427866187499998,
    21.501581062499998,
    24.580103624999996,
    24.6874753125,
    27.628177499999996,
    27.709908187499998,
    30.748366687499995,
    33.8252866875,
    36.8573349375,
    39.96790874999999,
    46.1169410625,
    49.17783543749999,
    52.29001181249999,
    55.3717395,
    58.43744156249999,
    61.48231031249999,
    61.557630749999994,
    64.57044825,
    67.64576568749999,
    70.7355061875,
    73.81723387499999,
    76.92299999999999,
    79.974279,
    83.0383785,
    86.12170875,
    89.21946206249999,
    92.28195899999999,
    95.32682774999999,
    98.42137593749999,
    101.54477024999998,
    104.6024595,
    107.63130262499999,
    109.21463437499999,
    110.74828668749998,
    112.28354156249999,
    113.86847587499999,
    119.97423899999998,
    121.50789131249999,
    123.07840256249999,
    124.63449074999998,
    126.16814306249998,
    127.68897487499999,
    129.23705024999998,
    130.76268975,
    132.2995471875,
    133.84121231249998,
    135.37806974999998,
    136.91492718749998,
    138.43095131249999,
    139.98062925,
    141.53511487499998,
    144.59921437499997
  ],
  "Acoustic Snare": [
    0.18749981249999997,
    0.7660248749999999,
    1.35256275,
    1.7371777499999999,
    2.2932669375,
    2.8701894374999997,
    2.9102534999999996,
    3.256407,
    3.8381371874999997,
    4.395828937499999,
    4.772431125,
    5.3701869375,
    5.9118530625,
    6.346147499999999,
    6.935890499999999,
    7.508005312499999,
    7.8814023749999995,
    8.464735124999999,
    9.033644812499999,
    9.4214649375,
    9.988772062499999,
    10.586527874999998,
    10.918258312499999,
    10.9695403125,
    11.528834624999998,
    12.100949437499999,
    12.149026312499998,
    12.185885249999998,
    12.217936499999999,
    12.2515903125,
    13.065692062499998,
    13.2612046875,
    13.653832499999998,
    14.043255187499998,
    14.613767437499998,
    15.198702749999999,
    15.604151062499998,
    16.1410095,
    16.721137125,
    17.086521374999997,
    17.655431062499996,
    18.216327937499997,
    18.6201736875,
    18.665045437499998,
    19.219532062499997,
    19.4342754375,
    19.514403562499997,
    19.823698124999996,
    19.852544249999998,
    19.8797878125,
    20.74997925,
    20.9470944375,
    21.052863562499997,
    21.334914562499996,
    21.389401687499998,
    21.706709062499996,
    22.288439249999996,
    22.5079903125,
    22.919848874999996,
    23.257989562499997,
    23.825296687499996,
    23.924655562499996,
    24.384590999999997,
    24.794846999999997,
    25.365359249999997,
    25.557666749999996,
    25.632987187499996,
    25.966320187499996,
    26.322089062499998,
    26.903819249999998,
    27.094524187499996,
    27.466318687499996,
    27.538433999999995,
    27.596126249999998,
    27.653818499999996,
    28.469522812499996,
    29.028817124999996,
    29.990354625,
    30.2131108125,
    30.272405624999998,
    30.575289937499996,
    30.963110062499997,
    31.522404374999997,
    31.583301749999997,
    31.757981062499997,
    31.815673312499996,
    32.096121749999995,
    33.05765924999999,
    33.2323385625,
    33.296441062499994,
    34.0496454375,
    34.086504375,
    34.11054281249999,
    34.145799187499996,
    34.58329875,
    35.153811,
    36.10252799999999,
    36.67624537499999,
    37.051244999999994,
    37.66342387499999,
    38.256372,
    38.637781874999995,
    39.225922312499996,
    39.29002481249999,
    39.447075937499996,
    39.78361406249999,
    39.844511437499996,
    39.89098575,
    39.929447249999996,
    39.97111387499999,
    40.011177937499994,
    40.051241999999995,
    40.137780375,
    40.77399768749999,
    40.9663051875,
    41.015984624999994,
    41.3380996875,
    41.7355351875,
    42.310855124999996,
    42.55604718749999,
    43.451879625,
    43.83649462499999,
    44.015981624999995,
    44.176237875,
    44.402199187499996,
    44.458288874999994,
    44.5047631875,
    44.54482725,
    44.589698999999996,
    44.6041220625,
    44.97751912499999,
    45.165018937499994,
    46.9086069375,
    47.118542624999996,
    47.49354225,
    47.84610599999999,
    48.426233624999995,
    49.00956637499999,
    49.379758312499995,
    50.001552562499995,
    50.19866774999999,
    50.6009109375,
    50.9246285625,
    51.094500187499996,
    51.51917924999999,
    51.7050765,
    52.07526843749999,
    52.13135812499999,
    52.17462731249999,
    52.20828112499999,
    52.246742624999996,
    52.3124476875,
    52.33648612499999,
    52.382960437499996,
    52.567255124999996,
    53.06244693749999,
    53.270780062499995,
    53.637766875,
    54.009561375,
    54.59449668749999,
    54.772381124999995,
    55.16500893749999,
    56.12975156249999,
    56.71148174999999,
    57.0688531875,
    57.66340387499999,
    58.246736625,
    59.219492062499995,
    59.45987643749999,
    60.743528999999995,
    60.945451874999996,
    61.34929762499999,
    62.27237362499999,
    62.48391187499999,
    62.85089868749999,
    63.19705218749999,
    63.791602874999995,
    63.975897562499995,
    64.37814074999999,
    65.33967824999999,
    65.55442162499999,
    65.92942124999999,
    66.28839525,
    66.8669203125,
    67.07845856249999,
    68.42781618749999,
    68.79961068749999,
    69.54319968749999,
    69.586468875,
    69.75313537499999,
    69.945442875,
    71.52717206249999,
    71.6553770625,
    71.71627443749999,
    72.118517625,
    72.48870956249999,
    73.04159362499999,
    73.23229856249999,
    73.63454175,
    73.99832343749999,
    74.56563056249999,
    74.78037393749999,
    75.18421968749999,
    75.57684749999999,
    76.13614181249999,
    76.189026375,
    76.73069249999999,
    77.1040895625,
    77.20344843749999,
    77.6778069375,
    77.8989605625,
    78.26915249999999,
    78.63453675,
    79.21306181249999,
    79.445433375,
    79.80280481249999,
    80.73549618749999,
    80.97427799999998,
    81.34607249999999,
    81.830046375,
    82.27395618749999,
    82.868506875,
    83.2867756875,
    83.78837775,
    84.03356981249999,
    84.362095125,
    84.71145374999999,
    84.79959468749999,
    85.3348505625,
    85.53677343749999,
    85.9374140625,
    86.9021566875,
    87.09286162499998,
    87.47907918749999,
    88.44702693749998,
    88.65375749999998,
    88.76112918749999,
    89.0015135625,
    89.04959043749999,
    89.08003912499998,
    89.12330831249999,
    89.23388512499999,
    89.96305106249999,
    90.53837099999998,
    90.9149731875,
    91.51593412499999,
    91.69702368749999,
    92.06881818749999,
    92.62490737499999,
    93.06240693749999,
    93.41657324999998,
    94.18900837499999,
    94.362085125,
    94.75311037499999,
    95.54958393749999,
    96.10727568749999,
    96.31721137499999,
    96.70022381249998,
    97.06881318749998,
    97.65374849999999,
    97.83003037499999,
    98.24349149999999,
    98.61208087499999,
    99.17938799999999,
    100.16015624999999,
    100.77714281249999,
    100.82842481249999,
    101.35086018749999,
    102.30758999999999,
    102.53194874999998,
    102.87649968749999,
    103.836434625,
    104.07681899999999,
    104.40213918749998,
    105.35726643749999,
    105.69380456249999,
    106.03675293749998,
    106.47425249999999,
    106.67457281249999,
    107.04155962499999,
    108.44700693749999,
    108.83803218749999,
    109.00790381249999,
    109.40533931249999,
    109.9854669375,
    110.3829024375,
    110.55758174999998,
    111.5239269375,
    111.8989265625,
    112.09283662499999,
    112.48225931249999,
    113.06078437499998,
    113.67777093749999,
    113.74347599999999,
    113.79315543749999,
    113.83482206249998,
    113.88129637499999,
    114.61046231249999,
    115.00148756249999,
    115.55276906249999,
