{
  "Closed Hi Hat": [
    1.2661265000000002,
    1.60080325,
    1.6948890833333334,
    2.2594040833333335,
    2.35886625,
    2.9233812500000003,
    3.0241875
  ],
  "Acoustic Snare": [
    1.7970394166666668,
    1.9085983333333334,
    2.4623606666666666,
    2.5792959166666667,
    3.1209615000000004,
    3.2419290000000003,
    3.341391166666667,
    3.44757375,
    3.77821825,
    4.209669,
    4.323916083333334,
    4.408593333333334,
    4.520152250000001,
    4.638431583333333,
    4.716388416666667
  ],
  "Bass Drum 1": [
    2.0241895000000003,
    2.1397806666666668,
    2.7096720000000003,
    2.865585666666667
  ],
  "High Tom": [
    3.5658530833333337,
    3.6827883333333338,
    3.8924653333333334,
    3.9959597500000004,
    4.10886275
  ],
  "High Floor Tom": [
    4.77015175,
    4.853484916666667,
    4.943538500000001,
    5.040312500000001
  ]
}