{
  "Bass Drum 1": [
    0.0,
    0.26475715625,
    0.6718755375000001
  ],
  "Ride Cymbal 1": [
    0.0069444500000000004,
    0.4114586625,
    0.822917325
  ],
  "Acoustic Snare": [
    0.40538226875000005
  ],
  "High Floor Tom": [
    1.1128481125,
    1.2517371125,
    1.52083455
  ],
  "High Tom": [
    1.1258689562500002,
    1.26996629375,
    1.51475815625
  ]
}