{
  "Closed Hi Hat": [
    0.0,
    1.5224343749999998,
    4.5208288125
  ],
  "Acoustic Snare": [
    0.35737143749999994,
    0.5096148749999999,
    2.0657030625,
    2.2724336249999997,
    3.6201886875,
    4.1810855625,
    4.9214694375
  ],
  "High Tom": [
    0.7083326249999999,
    4.5528800625,
    5.126597437499999
  ],
  "High Floor Tom": [
    1.5400625624999997,
    1.7147418749999999,
    1.8846134999999997,
    5.333328
  ],
  "Low-Mid Tom": [
    3.4567273124999995
  ],
  "Bass Drum 1": [
    5.740378874999999,
    6.120186187499999
  ]
}