{
  "Acoustic Snare": [
    0.03763433333333334,
    0.12634383333333335,
    0.18682758333333335,
    0.23924683333333335,
    0.33870900000000004,
    0.43145075000000005,
    0.5376333333333334,
    0.7728479166666667,
    0.8655896666666667,
    0.97177225,
    1.0766107500000002,
    1.1948900833333334,
    1.2970404166666667,
    1.4112875,
    1.5134378333333334,
    1.6102118333333335,
    1.70564175,
    1.8655876666666669,
    2.016125,
    2.112899
  ],
  "High Tom": [
    0.64919225,
    2.22176975
  ],
  "Low-Mid Tom": [
    1.919351
  ],
  "High Floor Tom": [
    2.325264166666667
  ]
}