{
  "High Floor Tom": [
    0.0,
    0.2586807625,
    0.4045142125,
    0.6545144125000001,
    0.815972875,
    1.0642369625
  ],
  "High Tom": [
    0.0,
    0.2517363125,
    0.40104198750000003,
    0.649306075,
    0.8177089875000001,
    1.06336890625
  ],
  "Acoustic Snare": [
    1.1996537375,
    1.2265634812500001
  ]
}