{
  "Acoustic Snare": [
    0.0
  ],
  "High Tom": [
    0.7435889999999999
  ],
  "Closed Hi Hat": [
    1.4935882499999997
  ],
  "High Floor Tom": [
    1.8894211874999998
  ],
  "Bass Drum 1": [
    2.2772413124999997
  ]
}