{
  "Acoustic Snare": [
    0.0,
    0.129032,
    0.2338705,
    0.37634333333333336,
    0.5013430833333333,
    0.6505363333333334,
    0.7728479166666667,
    1.0336000833333334,
    1.4301046666666668,
    1.6585988333333335,
    1.8010716666666668
  ],
  "High Tom": [
    0.9059121666666667,
    1.1666643333333333,
    1.29435225,
    1.5430076666666668,
    1.93144775
  ],
  "High Floor Tom": [
    2.0577915833333336,
    2.1801031666666666,
    2.3198878333333335,
    2.4502639166666667
  ]
}