{
  "High Tom": [
    0.0,
    0.41059060625000005,
    0.8177089875000001
  ],
  "High Floor Tom": [
    0.0156250125,
    0.43316006875,
    0.8489590125
  ],
  "Bass Drum 1": [
    0.26736132500000004,
    0.69357694375,
    1.0928828187500002
  ],
  "Acoustic Snare": [
    1.2482648875,
    1.2725704625
  ]
}