{
  "Closed Hi Hat": [
    0.71153775,
    2.2836515625
  ],
  "High Floor Tom": [
    1.1169860624999999,
    1.4983959374999998,
    1.8894211874999998,
    2.2804464374999998
  ],
  "Acoustic Snare": [
    2.0961517499999998,
    2.4663436874999998,
    2.6474332499999997
  ]
}