{
  "Acoustic Snare": [
    0.007440468749999999,
    0.35863059374999995,
    0.7068445312499999,
    1.05952275,
    1.4077366875,
    1.7619029999999998,
    2.113093125,
    2.30803340625
  ],
  "Closed Hi Hat": [
    2.0907717187499997
  ],
  "High Floor Tom": [
    2.4851165624999996
  ]
}