{
  "Acoustic Snare": [
    0.0,
    0.09139766666666667,
    0.2768811666666667,
    0.5954289166666668,
    0.8292994166666667,
    1.032256,
    1.14112675,
    1.2473093333333334,
    1.3400510833333334,
    1.4435455000000001,
    1.677416,
    1.7849426666666668,
    1.8978456666666668,
    2.0026841666666666,
    2.1061785833333335
  ],
  "Bass Drum 1": [
    0.14381691666666668,
    0.47580550000000005
  ],
  "Low-Mid Tom": [
    0.37096700000000005,
    0.7163964166666668
  ],
  "High Tom": [
    0.9274175,
    1.5698893333333335
  ],
  "High Floor Tom": [
    2.2190815833333333,
    2.322576,
    2.4327908333333337
  ]
}