{
  "High Tom": [
    0.11197925625,
    0.38194475,
    0.52343791875,
    0.7977436937500001,
    0.9409729750000001
  ],
  "High Floor Tom": [
    0.11371536875,
    0.39409753750000004,
    0.52691014375,
    0.81250065,
    0.9496535375
  ],
  "Bass Drum 1": [
    0.24392380625,
    0.656250525,
    1.0642369625
  ],
  "Acoustic Snare": [
    1.21788291875,
    1.2447926625
  ]
}