{
  "Closed Hi Hat": [
    0.7660248749999999,
    2.2580105624999995
  ],
  "Acoustic Snare": [
    1.5096138749999999,
    2.657048625,
    2.7628177499999995,
    2.8814073749999998,
    3.0112149374999997
  ],
  "Open Hi Hat": [
    3.4326888749999998
  ],
  "High Floor Tom": [
    5.557686749999999,
    5.748391687499999
  ]
}