{
  "High Floor Tom": [
    0.008928562499999999,
    0.35863059374999995,
    0.7008921562499999,
    1.05505846875,
    1.4151771562499997,
    1.7589268124999997,
    2.1175574062499996,
    2.3184500624999997
  ],
  "Acoustic Snare": [
    0.01636903125,
    0.363094875,
    0.6964278749999999,
    1.05208228125,
    1.4151771562499997,
    1.7604149062499999,
    2.1249978749999996,
    2.3244024375
  ],
  "Closed Hi Hat": [
    2.0892836249999998
  ],
  "Bass Drum 1": [
    2.4687475312499996
  ]
}