{
  "Acoustic Snare": [
    2.435479,
    2.48789825,
    2.5255325833333333,
    2.551070166666667,
    2.7029515833333333,
    2.7473063333333334,
    2.7809084166666667,
    2.813166416666667,
    2.8440803333333333,
    2.8723060833333336,
    3.022843416666667,
    3.06047775,
    3.09273575,
    3.1209615000000004,
    3.14918725,
    3.1948860833333335,
    3.35079975,
    3.3951545000000003,
    3.4287565833333336,
    3.458326416666667,
    3.6545625833333335,
    3.7137022500000003,
    3.75402475,
    3.793003166666667,
    3.845422416666667,
    3.9838630000000004,
    4.033594083333334,
    4.075260666666667,
    4.11692725,
    4.166658333333333,
    4.333324666666667,
    4.387088,
    4.42337825,
    4.458324416666667,
    4.4919265,
    4.50402325,
    4.6034854166666666,
    4.655904666666667,
    4.684130416666667,
    4.694883083333334,
    4.79434525,
    4.831979583333333
  ],
  "High Tom": [
    3.5134338333333335
  ]
}