{
  "High Floor Tom": [
    0.0,
    0.26128493125,
    0.40538226875000005,
    0.68663249375,
    0.82378538125,
    1.100695325,
    1.24392460625,
    1.5034734250000001
  ],
  "High Tom": [
    0.2586807625,
    0.40104198750000003,
    0.6814241562500001,
    0.822917325,
    1.0972231000000001,
    1.246528775,
    1.5052095375
  ],
  "Bass Drum 1": [
    0.39756976250000003,
    0.7916673000000001,
    1.20920235625
  ]
}