{
  "Bass Drum 1": [
    0.0,
    5.958327375
  ],
  "Crash Cymbal 1": [
    0.008012812499999999
  ],
  "Acoustic Snare": [
    2.7804459374999997,
    2.8205099999999996,
    3.0208303125,
    3.1923044999999997,
    4.9791616874999995,
    5.014418062499999,
    5.160251249999999
  ],
  "High Floor Tom": [
    3.8140987499999994,
    5.544866249999999,
    5.749994249999999
  ],
  "Closed Hi Hat": [
    4.1858932499999995
  ]
}