{
  "Closed Hi Hat": [
    0.0
  ],
  "High Floor Tom": [
    0.1815474375,
    0.34970203124999993,
    0.67113028125,
    0.86755865625,
    1.2425582812499998,
    1.4002962187499999,
    1.7470220624999997,
    1.9553551874999997,
    2.4360094687499996
  ],
  "Acoustic Snare": [
    0.19791646875,
    0.35267821874999994,
    0.6830350312499999,
    0.8794634062499999,
    1.2470225624999998,
    1.40327240625,
    1.7529744374999998,
    1.9657718437499998,
    2.46279515625
  ],
  "Bass Drum 1": [
    0.5148804374999999,
    1.05952275,
    1.6101174374999998,
    2.0922598124999996,
    2.3020810312499997
  ]
}