{
  "Acoustic Snare": [
    0.0,
    0.10618258333333334,
    0.15591366666666667,
    0.19623616666666668,
    0.23521458333333334,
    0.31048325000000004,
    0.43145075000000005,
    0.48924633333333334,
    0.5268806666666667,
    0.5631709166666667,
    0.6008052500000001,
    0.8091381666666667,
    0.9045680833333334,
    0.9811808333333334,
    1.0362882500000001,
    1.0819870833333334,
    1.1518794166666668,
    1.1948900833333334,
    1.2338685,
    1.2822555,
    1.44757775,
    1.5026851666666667,
    1.5416635833333334,
    1.6061795833333334,
    1.8037598333333333,
    1.9408563333333335,
    2.1196194166666666,
    2.2620922500000002,
    2.4516080000000002,
    2.5913926666666667,
    2.76209125,
    2.822575,
    3.0940798333333337,
    3.2392408333333336,
    3.4112835,
    3.4489178333333337,
    3.4757995000000004,
    3.5228424166666668,
    3.5483800000000003,
    3.555100416666667,
    3.7150463333333335,
    3.7674655833333337,
    3.80241175,
    3.8360138333333333,
    4.077948833333334,
    4.200260416666667,
    4.380367583333333,
    4.513431833333334
  ],
  "High Tom": [
    0.60886975,
    2.90322
  ],
  "Low-Mid Tom": [
    3.88305675
  ],
  "Bass Drum 1": [
    4.826603250000001
  ],
  "Ride Cymbal 1": [
    4.827947333333333
  ]
}