{
  "Bass Drum 1": [
    0.0,
    0.40191004375,
    0.8342020562500001,
    1.22482736875
  ],
  "High Floor Tom": [
    0.0,
    0.27083355000000003,
    0.4218753375,
    0.70225750625,
    0.8489590125,
    1.11805645,
    1.25781350625,
    1.50434148125
  ],
  "Acoustic Snare": [
    0.0,
    0.26649326875,
    0.41927116875000003,
    0.6918408312500001,
    0.836806225,
    1.10850783125,
    1.2552093375000002,
    1.51475815625
  ]
}