{
  "Acoustic Snare": [
    0.017628187499999996,
    0.19551262499999997
  ],
  "Bass Drum 1": [
    0.41987137499999994,
    1.5288446249999998,
    1.6987162499999997
  ],
  "Low-Mid Tom": [
    1.1538449999999998,
    1.3285243125
  ],
  "High Floor Tom": [
    1.8974339999999998,
    2.0785235624999996
  ],
  "Closed Hi Hat": [
    2.2275618749999997
  ]
}