{
  "High Floor Tom": [
    0.01041665625
  ],
  "Bass Drum 1": [
    0.21874978124999997,
    0.5863089374999999,
    1.29315346875
  ],
  "High Tom": [
    0.9360109687499999,
    1.09672509375,
    1.42857
  ],
  "Closed Hi Hat": [
    1.7857124999999998
  ],
  "Acoustic Snare": [
    1.9747004062499998,
    2.1473192812499997
  ]
}