{
  "Acoustic Snare": [
    0.0,
    0.14919325,
    0.3131714166666667,
    0.43279483333333335,
    0.4865581666666667,
    0.5228484166666667,
    0.5564505000000001,
    0.5873644166666667,
    0.6182783333333334,
    0.7513425833333334,
    0.7876328333333333,
    0.8225790000000001,
    0.8884390833333334,
    1.4085993333333333,
    1.4650508333333334,
    1.50402925,
    1.5618248333333333,
    1.5833301666666668,
    1.7473083333333335,
    1.7997275833333335,
    1.8360178333333335,
    1.870964,
    1.9166628333333335,
    2.1061785833333335,
    2.2473073333333335,
    2.55241425,
    2.857521166666667,
    3.0497250833333336,
    3.0994561666666667,
    3.1344023333333335,
    3.1626280833333333,
    3.200262416666667,
    3.4005308333333337,
    3.720422666666667,
    3.85079875,
    4.037626333333334,
    4.174722833333334,
    4.364238583333334,
    4.688162666666667,
    4.733861500000001,
    4.77015175,
    4.811818333333334
  ],
  "Bass Drum 1": [
    0.9112885000000001,
    2.418005916666667
  ],
  "Crash Cymbal 1": [
    0.91532075
  ],
  "Ride Cymbal 1": [
    2.55241425
  ],
  "High Tom": [
    3.5362832500000003
  ],
  "Low-Mid Tom": [
    4.505367333333334
  ],
  "High Floor Tom": [
    4.827947333333333
  ]
}