{
  "Acoustic Snare": [
    0.0069444500000000004,
    0.27343771875,
    0.4184031125,
    0.6883686062500001,
    0.95572993125,
    1.0920147625,
    1.22309125625,
    1.35503580625,
    1.48350813125
  ],
  "High Floor Tom": [
    0.0086805625,
    0.27430577500000003,
    0.413194775,
    0.6927088875,
    0.8315978875000001
  ]
}