{
  "Acoustic Snare": [
    0.005376333333333334,
    0.18279533333333334,
    0.3198918333333334,
    0.5053753333333334,
    0.8145145,
    0.9462346666666668,
    1.1424708333333333,
    1.1948900833333334,
    1.23790075,
    1.2876318333333334,
    1.4704271666666668,
    2.1048345,
    2.4327908333333337,
    2.4919305,
    2.534941166666667,
    2.587360416666667,
    2.772843916666667,
    2.9112845000000003,
    3.0524132500000003,
    3.4072512500000003,
    3.5456918333333336,
    3.6021433333333337,
    3.7365516666666667,
    4.08466925,
    4.224453916666667
  ],
  "High Tom": [
    0.6344073333333333,
    2.25402775,
    3.209671,
    4.408593333333334
  ],
  "Low-Mid Tom": [
    1.6142440833333334,
    1.7889749166666669,
    1.9301036666666669,
    3.893809416666667,
    4.5403135
  ],
  "High Floor Tom": [
    4.7069798333333335,
    4.8481085833333335,
    5.010742666666667
  ]
}