{
  "Closed Hi Hat": [
    0.038690437499999994,
    1.0505941874999998
  ],
  "High Floor Tom": [
    0.19494028124999999,
    0.26934496874999997,
    1.2172606874999998,
    1.29315346875
  ],
  "Acoustic Snare": [
    0.34077346875,
    1.3720224374999999
  ],
  "Bass Drum 1": [
    0.49999949999999993,
    1.5684508124999998
  ],
  "High Tom": [
    2.1309502499999997,
    2.3214262499999996
  ]
}