{
  "High Tom": [
    0.0,
    0.27430577500000003,
    0.4184031125,
    0.7013894500000001,
    0.829861775
  ],
  "High Floor Tom": [
    0.009548618750000001,
    0.27343771875,
    0.41232671875000004,
    0.70572973125,
    0.8472229
  ],
  "Bass Drum 1": [
    0.41059060625000005,
    0.83593816875
  ],
  "Acoustic Snare": [
    0.9748271687500001,
    1.114584225,
    1.239584325,
    1.3750011000000002,
    1.5121539875
  ]
}