{
  "Bass Drum 1": [
    0.016666666666666666,
    3.371666666666667,
    3.745,
    3.9733333333333336,
    4.783333333333333
  ],
  "Open Hi Hat": [
    0.030000000000000002
  ],
  "Closed Hi Hat": [
    3.1433333333333335
  ],
  "Acoustic Snare": [
    3.1733333333333333,
    3.5700000000000003,
    3.896666666666667,
    4.068333333333333,
    4.1866666666666665,
    4.278333333333333,
    4.38,
    4.48,
    6.078333333333334
  ],
  "High Floor Tom": [
    3.185,
    3.3850000000000002,
    3.58,
    3.765,
    3.9783333333333335,
    4.576666666666667
  ],
  "Crash Cymbal 1": [
    4.781666666666667
  ]
}