{
  "Acoustic Snare": [
    0.045698833333333334,
    0.22983825000000002,
    0.5403215,
    0.6787620833333333,
    1.5618248333333333,
    1.68144825,
    1.7835985833333334,
    1.8723080833333334,
    1.9825229166666667,
    2.075264666666667,
    2.27822125,
    2.3763393333333336,
    2.4771455833333333,
    2.583328166666667,
    3.067198166666667,
    3.1303700833333337,
    3.1787570833333336,
    3.2311763333333334,
    3.409939416666667,
    3.55241225,
    4.075260666666667,
    4.364238583333334,
    4.42337825,
    4.46370075,
    4.509399583333334,
    4.719076583333334,
    4.856173083333333
  ],
  "High Tom": [
    0.36693475000000003,
    2.8964995833333336,
    3.8628955
  ],
  "Low-Mid Tom": [
    0.9986539166666667,
    3.7378957500000003,
    4.19757225
  ],
  "Closed Hi Hat": [
    1.3400510833333334
  ],
  "High Floor Tom": [
    4.521496333333333
  ]
}