{
  "Bass Drum 1": [
    2.6815449374999996,
    3.0476159999999997,
    3.3616037812499995,
    3.6964248749999995,
    4.101186374999999,
    4.412197968749999,
    4.77826903125,
    5.129459156249999
  ],
  "High Floor Tom": [
    2.7470210624999996,
    3.7931509687499996,
    4.8660665624999995
  ],
  "Closed Hi Hat": [
    2.8020805312499997,
    3.0312469687499997,
    3.18303253125,
    3.35565140625,
    3.4955322187499998,
    3.7797581249999994,
    4.09076971875,
    4.229162437499999,
    4.434519375,
    4.574400187499999,
    5.25445903125
  ],
  "Acoustic Snare": [
    2.8348185937499997,
    3.15922303125,
    3.2455324687499996,
    3.4821393749999996,
    3.6071392499999995,
    3.8839246874999995,
    4.197912468749999,
    4.558031156249999,
    4.688983406249999,
    4.958328375
  ]
}