{
  "Bass Drum 1": [
    0.010416675,
    0.44270868750000003,
    0.8593756875
  ],
  "Acoustic Snare": [
    0.017361125,
    0.27430577500000003,
    0.4149308875,
    0.6979172250000001,
    0.9644104937500001,
    1.107639775,
    1.2335079312500001
  ],
  "High Floor Tom": [
    0.016493068750000003,
    0.277778,
    0.42361145,
    0.7074658437500001,
    0.8480909562500001,
    1.62239713125
  ],
  "High Tom": [
    1.3585080312500002,
    1.4826400750000002
  ]
}