{
  "Acoustic Snare": [
    0.7316666666666667,
    0.895,
    0.9550000000000001,
    0.9983333333333334,
    1.0433333333333334,
    1.08,
    1.1283333333333334,
    1.3050000000000002,
    1.9466666666666668,
    2.7783333333333333,
    3.381666666666667,
    3.591666666666667,
    3.9933333333333336,
    4.401666666666667,
    4.453333333333334
  ],
  "Closed Hi Hat": [
    0.745,
    1.9316666666666669,
    2.7683333333333335,
    3.181666666666667
  ],
  "Bass Drum 1": [
    1.5283333333333333,
    1.7616666666666667,
    2.1366666666666667,
    2.3400000000000003,
    2.9783333333333335,
    3.1900000000000004,
    3.7933333333333334,
    4.208333333333334,
    4.593333333333334,
    4.805000000000001
  ],
  "High Floor Tom": [
    1.5283333333333333,
    1.7266666666666668,
    1.9533333333333334,
    2.1416666666666666,
    2.355,
    2.7833333333333337,
    2.97,
    3.1833333333333336,
    3.3933333333333335,
    3.5966666666666667,
    3.7950000000000004,
    4.0,
    4.198333333333333,
    4.411666666666667
  ]
}