{
  "Closed Hi Hat": [
    2.12648596875,
    2.8095209999999997,
    3.0714254999999997,
    3.2619014999999996,
    3.41219896875,
    3.5788654687499997,
    4.238091,
    4.479162187499999,
    4.6041620624999995,
    5.3229113437499995
  ],
  "Bass Drum 1": [
    2.684521125,
    3.0877945312499997,
    3.4166632499999996,
    3.7544605312499995,
    4.1220196875,
    4.447912218749999,
    4.824399937499999,
    5.20684003125
  ],
  "High Tom": [
    2.7886876874999995
  ],
  "Acoustic Snare": [
    2.8630923749999995,
    3.1726158749999995,
    3.3020800312499996,
    3.5327345624999995,
    3.6532701562499996,
    3.9255913124999995,
    4.2529719375,
    4.35267421875,
    4.59672159375,
    4.71279290625,
    5.0133878437499995
  ],
  "High Floor Tom": [
    3.8333294999999996,
    4.937495062499999
  ],
  "Open Hi Hat": [
    4.13838871875
  ]
}