{
  "Acoustic Snare": [
    0.002688166666666667,
    0.18548350000000002,
    0.6330632500000001,
    1.1397826666666668,
    1.4677390000000001,
    1.5134378333333334,
    1.55241625,
    1.5846742500000002,
    1.6129,
    1.7835985833333334,
    1.8279533333333335,
    1.8602113333333334,
    1.9260714166666668,
    1.9381681666666668,
    2.1209635000000002,
    2.8037578333333335,
    2.938166166666667,
    3.1451550000000004,
    3.2741870000000004,
    3.438165166666667,
    3.4757995000000004,
    3.516122,
    3.54434775,
    3.575261666666667,
    3.7365516666666667,
    3.77821825,
    3.8158525833333337,
    3.849454666666667,
    4.065852083333334,
    4.196228166666667,
    4.700259416666667,
    4.850796750000001,
    5.034936166666667
  ],
  "Bass Drum 1": [
    0.2930101666666667,
    0.8413961666666667,
    1.2513415833333335
  ],
  "High Tom": [
    0.48924633333333334,
    0.9637077500000001,
    2.4623606666666666,
    4.389776166666667
  ],
  "High Floor Tom": [
    2.2620922500000002,
    2.619618416666667
  ],
  "Low-Mid Tom": [
    3.8884330833333336,
    4.5241845000000005
  ],
  "Open Hi Hat": [
    5.030903916666667
  ],
  "Closed Hi Hat": [
    5.11692525
  ]
}