{
  "Bass Drum 1": [
    0.009548618750000001,
    0.39756976250000003,
    1.4704872875000001
  ],
  "High Floor Tom": [
    0.021701406250000003,
    1.2196190312500002,
    1.35503580625
  ],
  "Acoustic Snare": [
    0.14670150625,
    0.21267378125000003,
    0.29253495625000003,
    0.43489618125,
    0.5477434937500001,
    0.684028325,
    0.815972875
  ],
  "High Tom": [
    0.9479174250000001,
    1.0807300312500001
  ]
}