{
  "Acoustic Snare": [
    0.0,
    0.16964276666666667,
    0.33928553333333333,
    0.5200890083333334,
    0.6919639166666667,
    0.8604906125,
    1.0412940875,
    1.2142850666666667,
    1.3962046125,
    1.5848205833333333,
    1.7533472791666667,
    1.921873975,
    2.1171863708333336,
    2.3415166083333334,
    2.684150354166667,
    3.0234358875000003,
    3.2790161083333333,
    3.3627214208333336,
    3.4118285375,
    3.4408463791666666,
    3.7321408666666667,
    4.2388370250000005,
    4.439729775,
    4.8247742125,
    5.3080328833333335,
    5.3671846375,
    5.8828093625,
    6.188612770833333,
    6.3649519625,
    6.588166129166667,
    6.908478458333334,
    7.2622729125,
    7.425219254166667,
    7.522317416666667,
    7.984370741666667,
    8.046870708333334,
    8.328120558333334,
    8.485486545833334
  ],
  "Bass Drum 1": [
    0.12165172083333334,
    0.29910698333333335,
    0.5033479458333333,
    0.6808032083333334,
    0.8627227541666667,
    1.0546869375,
    1.2410707666666667,
    1.4229903125,
    1.6082580708333334,
    1.9397311083333333,
    2.122766725,
    2.5055790208333333,
    3.1919625833333334,
    3.5401766833333332,
    4.2890602125,
    4.477676183333333,
    4.649551091666667,
    5.157363320833333,
    5.7020058875,
    6.222094895833333,
    6.406246583333334,
    6.729907125,
    7.2555764875,
    7.4363799625,
    7.793522629166667,
    8.297986645833333,
    8.515620458333334
  ],
  "High Floor Tom": [
    0.16964276666666667,
    0.33593732083333333,
    0.5100443708333333,
    0.6774549958333334,
    0.8526781166666667,
    1.03124945,
    1.2053565,
    1.3828117625,
    1.56696345,
    1.7388383583333333,
    1.9051329125
  ],
  "Crash Cymbal 1": [
    2.1015613791666667,
    2.6774539291666666
  ],
  "Ride Cymbal 1": [
    3.2154000708333332,
    3.5401766833333332,
    3.7377212208333335,
    4.118301375,
    4.3024530625,
    4.465399404166667,
    4.811381362500001,
    5.1595954625000005,
    5.344863220833333,
    5.716514808333334,
    5.893970070833333,
    6.220978825,
    6.414059079166667,
    6.9140588125,
    7.2622729125,
    7.452004954166667,
    7.803567266666667,
    7.991067166666667,
    8.335933054166667,
    8.5212008125
  ]
}