{
  "Acoustic Snare": [
    0.0,
    0.2521549875,
    0.5183185854166666,
    0.7769390854166667,
    1.0323268291666667,
    1.2790938895833335,
    1.5528005854166667,
    1.6756453229166668
  ],
  "High Floor Tom": [
    0.00969826875,
    0.25538774375,
    0.5161634145833334,
    0.7790942562500001,
    1.0355595854166668,
    1.2823266458333333,
    1.55495575625,
    1.6767229083333335
  ],
  "Bass Drum 1": [
    1.8178865979166667
  ]
}