{
  "Acoustic Snare": [
    0.2587211458333334,
    0.8168611458333335,
    1.3755825416666667,
    1.949420229166667,
    2.5075602291666668,
    3.0598862708333336,
    3.6069797500000003,
    4.1732592916666675,
    4.734306270833334,
    5.3110509375,
    5.8796560625000005,
    6.421516979166667,
    6.962215104166668,
    7.500587645833334,
    8.056983458333335,
    8.5901234375,
    8.845937604166668,
    9.186054166666668,
    9.761054645833335,
    10.322101625000002,
    10.879078833333335,
    11.440125812500002,
    11.991870458333334,
    12.550010458333334,
    12.808731604166669,
    12.900010750000002,
    12.995941062500002,
    13.084894625000002,
    13.172685395833335,
    13.265708729166668,
    13.667453250000001,
    14.217453708333334,
    14.773268125000001,
    15.346524416666668,
    15.600594395833335,
    15.645943270833335,
    17.043037458333334,
    17.06106072916667,
    17.34187491666667,
    17.622107708333335,
    18.802922645833334,
    18.96396929166667,
    19.177922958333337,
    19.238969520833336
  ],
  "Open Hi Hat": [
    0.2622095208333334,
    0.5517446458333334,
    0.8197681250000001,
    1.0947683541666668,
    1.3767453333333335,
    1.6627920833333336,
    1.9517458125000002,
    2.233722791666667,
    2.5122113958333334,
    2.7784906875,
    3.0598862708333336,
    3.346514416666667,
    3.618607666666667,
    3.8936078958333336,
    4.459306041666667,
    4.745352791666667,
    5.022097208333334,
    5.3186090833333335,
    5.594772104166667,
    5.880818854166668,
    6.152330708333334,
    6.422679770833334,
    6.696517208333334,
    6.968610458333334,
    7.227913000000001,
    7.504657416666667,
    7.780239041666667,
    8.05814625,
    9.184891375000001,
    9.472682312500002,
    9.763380229166668,
    10.037217666666669,
    10.324427208333335,
    10.601171625000001,
    10.880823020833335,
    11.154660458333334,
    11.442451395833334,
    11.716288833333335,
    11.988382083333335,
    12.268033479166668,
    12.548266270833334,
    13.666871854166668,
    13.93256975,
    14.216872312500001,
    14.4889655625,
    14.776756500000001,
    15.060477666666669,
    15.345943020833335
  ],
  "Bass Drum 1": [
    0.5418609166666667,
    0.7174424583333334,
    1.0715125208333334,
    1.65348975,
    1.855234104166667,
    2.228490229166667,
    2.755234854166667,
    2.966281541666667,
    3.3331423125,
    3.5098866458333338,
    3.8720962500000002,
    4.028491729166667,
    4.446515333333334,
    4.994771604166667,
    5.158143833333334,
    5.5843069791666675,
    5.732562916666668,
    6.1343074375,
    6.293609895833334,
    6.679656729166667,
    6.895354583333334,
    7.202331583333334,
    7.408145708333334,
    7.752913437500001,
    7.934308937500001,
    8.330820895833334,
    8.889542291666668,
    9.061635458333335,
    9.459310208333335,
    9.653496416666668,
    10.013961833333335,
    10.229659687500002,
    10.5680320625,
    10.768032229166668,
    11.133148812500002,
    11.329079208333335,
    11.681986479166667,
    11.878498270833335,
    12.236056708333335,
    12.432568500000002,
    12.801754854166669,
    13.373848354166668,
    13.593034583333335,
    13.926174395833335,
    14.1348955,
    14.472686479166669,
    14.677337812500001,
    15.050593937500002,
    15.229082458333336,
    15.619780458333334,
    15.905245812500002,
    16.202920479166668
  ],
  "Crash Cymbal 1": [
    4.167445333333334,
    8.887216708333334,
    13.372104166666668,
    17.622689104166668
  ],
  "High Tom": [
    8.331402291666668,
    8.407565145833335,
    8.488379166666668,
    15.918617916666669
  ],
  "Closed Hi Hat": [
    16.175594875
  ],
  "Low-Mid Tom": [
    16.2000135,
    16.340129895833336
  ],
  "High Floor Tom": [
    16.668037145833335,
    16.776758166666667,
    17.341293520833336
  ]
}