{
  "Bass Drum 1": [
    0.07619053333333334,
    0.15595249791666668,
    13.144057477083335,
    13.711915045833335,
    14.291677385416667,
    14.865487339583334,
    15.422630614583333,
    15.992869137500001,
    16.566679091666668,
    17.13929856875,
    17.71667995416667,
    18.300013725,
    18.870252247916667,
    19.433347908333335,
    20.00953881666667,
    20.584539247916666,
    21.14525395416667,
    21.74644488125,
    22.300016725000003,
    22.88811240416667,
    23.421446137500002,
    23.991684660416666,
    24.56073270625,
    25.140495045833333,
    25.744066927083335,
    26.32501974375,
    26.869067770833336,
    27.458353927083333,
    28.040497220833334,
    28.597640495833335,
    29.188117129166667,
    29.73454611041667,
    30.303594156250004,
    30.875023156250002,
    31.442880725000002,
    32.008357339583334,
    32.58335777083334,
    33.16788201875,
    34.32383526666667,
    34.890502358333336,
    35.454788495833334,
    36.55955122916667,
    37.128599275,
    38.87502915625,
    39.42622004583333,
    40.011934770833335,
    41.15955467916667,
    52.61075374375,
    54.88218401875,
    73.17743583541667
  ],
  "Ride Cymbal 1": [
    0.07619053333333334,
    0.3023811791666667,
    0.4059526854166667,
    0.6226195145833334,
    0.7404767458333333,
    0.9369054645833333,
    1.0547626958333334,
    1.2095247166666667,
    1.3404771958333335,
    1.4976201708333334,
    1.7380965416666667,
    2.02857295,
    2.3059541104166668,
    2.5880971791666667,
    2.7750020812500003,
    2.8690497708333336,
    3.0821451687500003,
    3.1500023625,
    3.3333358333333334,
    3.4369073395833336,
    3.73214565625,
    3.9190505583333337,
    4.023812541666667,
    4.2785746375,
    4.4607176312500005,
    4.57500343125,
    4.873813179166667,
    5.098813347916667,
    5.177384835416667,
    5.43928979375,
    5.622623264583334,
    5.7250042937500005,
    5.93214730625,
    6.016671179166667,
    6.1142903,
    6.1928617875,
    6.284528522916667,
    6.4785762875,
    6.61071924375,
    6.873814679166667,
    7.1404815458333335,
    7.3500055125,
    7.436910339583334,
    7.7309581791666675,
    7.93929166875,
    8.0357203125,
    8.30357765625,
    8.486911127083333,
    8.597625495833334,
    8.885720950000001,
    9.083340145833334,
    9.172625927083335,
    9.465483289583334,
    9.570245272916667,
    9.6500072375,
    9.757150175000001,
    10.058340877083333,
    10.254769595833334,
    10.322626789583333,
    10.579769839583333,
    10.761912833333334,
    10.870246247916667,
    11.1642940875,
    11.34643708125,
    11.450008587500001,
    11.730961179166668,
    11.891675585416667,
    12.009532816666667,
    12.279771114583333,
    12.463104585416668,
    12.561914183333334,
    12.870247747916668,
    13.015485952083335,
    13.144057477083335,
    13.448819610416667,
    13.591676860416667,
    13.709534091666667,
    14.001200977083334,
    14.138105841666668,
    14.273820229166667,
    14.580963316666667,
    14.732153906250002,
    14.853582568750001,
    15.148820885416667,
    15.31072576875,
    15.434535385416668,
    15.71072606875,
    15.876202383333334,
    15.991678660416667,
    16.295250316666667,
    16.465488539583333,
    16.573821954166668,
    16.883345995833334,
    17.03096515416667,
    17.154774770833335,
    17.453584518750002,
    17.60596558541667,
    17.725013293750003,
    18.011918270833334,
    18.16668029166667,
    18.286918477083333,
    18.586918702083334,
    18.721442612500002,
    18.848823660416667,
    19.152395316666667,
    19.289300181250002,
    19.419062183333335,
    20.586920202083334,
    20.87382517916667,
    21.083349145833335,
    21.190492083333336,
    21.461920858333336,
    21.633349558333336,
    21.736921064583335,
    22.01073079375,
    22.194064264583336,
    22.31787388125,
    22.583350270833336,
    22.776207558333336,
    22.884540972916668,
    23.159541179166666,
    23.311922245833333,
    23.423827091666666,
    23.71073206875,
    23.820255960416667,
    23.980970366666668,
    24.2785896375,
    24.4500183375,
    24.548827935416668,
    24.847637683333335,
    24.985733025000002,
    25.126209320833336,
    25.43454288541667,
    25.62501921875,
    25.730971679166668,
    26.015495702083335,
    26.219067283333334,
    26.32501974375,
    26.603591381250002,
    26.801210577083335,
    26.879782064583335,
    27.16668704166667,
    27.3071633375,
    27.43930629375,
    27.7500208125,
    27.8285923,
    27.9428781,
    28.02383054166667,
    28.31787838125,
    28.495259466666667,
    28.61311669791667,
    28.884545472916667,
    29.007164612500002,
    29.077402760416668,
    29.208355239583334,
    29.451212564583336,
    29.611926970833334,
    29.73216515625,
    30.027403472916667,
    30.307165587500002,
    30.592880087500003,
    30.87026124791667,
    31.155975747916667,
    31.432166431250003,
    31.72026188541667,
    32.00121447708334,
    32.28216706875,
    32.46907197083333,
    32.854786545833335,
    33.02740572291667,
    33.14050104583333,
    33.422644114583335,
    34.30121620208334,
    34.59050213333334,
    34.77145465,
    34.892883312500004,
    35.16907399583334,
    35.320264585416666,
    35.442883725,
    36.565503614583335,
    36.844075252083336,
    37.03455158541667,
    37.142885,
    37.43336140833333,
    37.614313925000005,
    37.729790202083336,
    38.01669517916667,
    38.859552954166666,
    39.151219839583334,
    39.334553310416666,
    39.43812481666667,
    39.722648839583336,
    39.87502990625,
    39.99645856875,
    41.14526895416667,
    41.436935839583334,
    41.633364558333334,
    41.72026938541667,
    42.0071743625,
    42.57622240833334,
    43.43455638541667,
    43.72384231666667,
    43.89884244791667,
    44.01908063333334,
    44.2928903625,
    44.58693820208334,
    45.75955812916667,
    46.04884406041667,
    46.20836798958334,
    46.317891881250006,
    46.57979683958334,
    46.88813040416667,
    47.144082977083336,
    48.03336935833334,
    48.28336954583334,
    48.49408398958334,
    48.59527454166667,
    48.872655702083335,
    49.4286085,
    49.60837053958333,
    50.27979961458334,
    50.56075220625,
    50.76313331041667,
    50.87503815625,
    51.152419316666666,
    51.461943358333336,
    52.622658514583335,
    52.90242062916667,
    53.05599217291667,
    53.74527840416667,
    54.865517339583334,
    55.164327087500006,
    55.34885103541667,
    55.447660633333335,
    55.72385131666667,
    56.029803927083336,
    57.15837620208334,
    57.43932879375,
    57.64170989791667,
    57.75480522083334,
    58.01313874791667,
    58.300043725,
    59.41790170625001,
    59.703616206250004,
    59.892902062500006,
    59.98694975208333,
    60.28814045416667,
    60.60599783541667,
    61.753617743750006,
    62.014332225000004,
    62.18099901666667,
    62.282189568750006,
    62.57266597708334,
    62.869094770833335,
    64.00123847708333,
    64.19528624166666,
    64.48576265,
    64.79766764583334,
    64.90957249166667,
    65.16195363333334,
    65.45243004166667,
    65.72623977083333,
    66.01433522500001,
    66.32504974375,
    66.48219271875,
    66.76314531041668,
    67.04290742500001,
    67.31790763125001,
    67.59171736041667,
    67.89171758541667,
    68.00124147708334,
    68.28219406875,
    68.59767049583334,
    68.7643372875,
    69.05124226458334,
    69.34886153541667,
    69.585766475,
    69.87624288333333,
    70.15957642916668,
    70.28100509166667,
    70.55600529791667,
    70.88814840416667,
    71.03695803958334,
    71.29767252083333,
    71.57505368125,
    71.87743486041667,
    72.18219699375001,
    72.46672101666667,
    72.57624490833334,
    72.87505465625,
    73.18934060625
  ],
  "Acoustic Snare": [
    0.7095243416666667
  ],