{
  "Acoustic Snare": [
    0.0,
    0.58125,
    1.17875,
    1.65875,
    1.71,
    1.8025,
    1.94875,
    3.02375,
    3.46625,
    3.52875,
    3.58875,
    3.76125,
    4.195,
    4.5875,
    4.65625,
    4.7275,
    5.36625,
    5.51125,
    5.97125,
    6.5675,
    6.97375,
    7.0600000000000005,
    7.47125,
    7.765000000000001,
    8.23125,
    8.6775,
    9.57375,
    10.1925,
    10.80125
  ],
  "Closed Hi Hat": [
    0.0,
    0.28250000000000003,
    0.58875,
    0.8562500000000001,
    1.85,
    2.3775,
    2.69625,
    3.0275,
    3.31625,
    3.6025,
    3.9025000000000003,
    4.195,
    4.4875,
    4.785,
    5.07,
    5.3775,
    5.67375,
    5.9725,
    6.26125,
    6.5687500000000005,
    6.86125,
    7.18125,
    7.4725,
    7.765000000000001,
    8.0725,
    8.38875,
    8.68375,
    8.965,
    9.27,
    9.5825,
    9.883750000000001,
    10.19375
  ],
  "Bass Drum 1": [
    0.30625,
    0.5325,
    0.9925,
    1.12125,
    1.485,
    2.4175,
    2.8375,
    2.9162500000000002,
    3.32625,
    4.05625,
    4.36625,
    4.80375,
    5.0825000000000005,
    5.8225,
    6.26875,
    6.43625,
    6.7275,
    7.19125,
    7.91375,
    8.5375,
    8.981250000000001,
    9.11625,
    9.435,
    9.88625,
    10.0525,
    10.51375,
    11.1075
  ],
  "Open Hi Hat": [
    1.17875,
    1.4775,
    10.49125,
    10.805
  ],
  "High Tom": [
    2.0975,
    2.2475
  ],
  "Crash Cymbal 1": [
    2.4
  ]
}