{
  "Ride Cymbal 1": [
    0.0,
    0.6355749104166667,
    0.94615085,
    1.1115349416666667,
    3.9115260750000003,
    4.333640122916667,
    4.73075425,
    5.170175935416666,
    5.5855592354166665,
    5.9942117875,
    6.396133591666667,
    6.82209378125,
    7.233630939583334,
    8.251896945833334,
    8.56151135,
    8.90477949375,
    9.505739129166667,
    9.837468847916666,
    10.438428483333334,
    10.80285040625,
    11.106695597916667,
    11.415348466666666,
    11.704770627083333,
    12.018231172916666,
    12.345153214583334,
    12.6403445875,
    12.9403436375,
    13.249958041666666,
    13.565341658333333,
    13.875917597916667,
    14.171108970833334,
    14.493223335416667,
    14.960529547916666,
    15.117259820833334,
    15.384566666666666,
    16.823985185416667,
    17.260522264583333,
    17.678790170833334,
    18.079750439583332,
    18.483595314583333,
    18.641287122916665,
    18.87494022916667,
    19.285515852083332,
    19.43936151875,
    19.69897608125,
    20.113397845833333,
    21.20474054375,
    23.42588735625,
    23.741270972916666,
    24.2018464375,
    24.356653639583335,
    24.634537375,
    25.047997604166667,
    25.457611691666667,
    26.29895518125,
    27.1326063875,
    28.092218733333333,
    28.651832345833334,
    29.55279103125,
    29.621060045833335,
    31.08547848541667,
    31.535477060416667,
    31.969129533333334,
    32.38162822708333,
    35.999886000000004,
    36.60853791875,
    37.223920585416664,
    37.3325740875,
    37.54699648541667,
    37.8518032125,
    38.942184375000004,
    39.38352913125,
    39.80660471458334,
    40.22294955,
    40.64506359791667,
    41.046023866666665,
    41.46525330833333,
    41.905636529166664,
    42.31525061666667
  ],
  "Acoustic Snare": [
    0.30865286875000003,
    0.7846129000000001,
    1.3605726145833335,
    1.4365339125,
    1.4865337541666668,
    1.5567258395833334,
    1.8653787083333333,
    2.1942238208333333,
    2.349992558333333,
    2.5201843270833333,
    2.8336448729166666,
    3.1384516000000002,
    3.288451125,
    3.4374891145833333,
    3.5874886395833334,
    3.811526391666667,
    4.128833079166666,
    4.446139766666667,
    4.648062204166667,
    4.9519073958333335,
    5.289406327083333,
    5.502867189583333,
    5.790366279166666,
    6.10094221875,
    6.311518475,
    6.5826714625000005,
    6.916324252083333,
    7.13363125625,
    7.3490151895833336,
    7.633629672916666,
    7.790359945833333,
    7.953820966666667,
    8.389396510416667,
    9.041317522916668,
    9.199970866666666,
    9.66631554375,
    11.5557326375,
    11.871116254166667,
    12.189384477083333,
    12.488421991666668,
    12.7845749,
    13.094189304166667,
    13.412457527083333,
    13.718225789583334,
    14.0307248,
    14.329762314583334,
    14.63937671875,
    14.873991360416667,
    15.183605764583334,
    15.496104775000001,
    16.744177745833333,
    17.04898447291667,
    17.357637341666667,
    17.57590588125,
    17.891289497916667,
    18.196096225,
    18.403787875,
    18.681671610416668,
    18.992247550000002,
    19.19705459375,
    19.473015258333334,
    19.798975764583332,
    20.0133981625,
    20.24128205625,
    20.559550279166668,
    20.727818977083334,
    20.883587714583335,
    21.039356452083332,
    22.337429264583335,
    22.509544104166668,
    22.811466225,
    23.113388345833332,
    23.2556955875,
    23.906655064583333,
    24.115308250000002,
    24.422999583333333,
    24.743190877083332,
    24.959536345833335,
    25.25568925416667,
    25.5749190125,
    25.777802985416667,
    25.885494952083334,
    26.088378925,
    26.7056846625,
    26.91626091875,
    27.252798314583334,
    27.35472106875,
    27.547028152083335,
    27.655681654166667,
    27.812411927083335,
    28.2460644,
    28.374910145833333,
    28.933562222916667,
    29.247984304166668,
    29.3999069,
    30.02586645625,
    30.179712122916666,
    30.46528814166667,
    30.78740250625,
    30.93163281875,
    31.245093364583333,
    31.465284975,
    31.75663020625,
    32.07393689375,
    32.28451315,
    32.59989676666667,
    32.7979730625,
    32.92104959583333,
    33.1210489625,
    33.42393261875,
    33.62104737916667,
    33.729700881250004,
    33.94989249166667,
    34.06046906458334,
    34.25277614791667,
    34.50758303333333,
    34.61239039375,
    34.706620864583336,
    34.80181287083333,
    34.888351058333335,
    35.01238912708333,
    35.349888058333335,
    35.51815675625,
    35.67488702916667,
    36.14027017083333,
    36.45949992916667,
    36.91911385833333,
    37.363343220833336,
    38.005648879166664,
    38.17199450625,
    38.31237867708333,
    38.45468591875,
    38.619108475,
    38.85853079375,
    39.19314511875,
    39.48352881458334,
    39.701797354166665,
    40.016219435416666,
    40.339295335416665,
    40.556602339583335,
    40.82294765,
    41.155638904166665,
    41.369099766666665,
    41.6767911,
    42.00852081875,
    42.21525093333334,
    42.52967301458333,
    42.565249825
  ],
  "Open Hi Hat": [
    0.48172924375,
    2.01633976875,
    2.18941614375,
    8.1057435625,
    9.368239564583334,
    10.290352029166668,
    10.6211202125,
    11.889385427083333,
    14.050917043750001,
    16.645139597916668,
    21.333586289583334,
    21.717238920833335,
    22.03839175,
    22.17685285,
    23.596079125,
    25.369150433333335,
    26.2095323875,
    26.398954864583335,
    26.5903004125,
    27.030683633333332,
    28.528755812500002,
    29.107600133333335,
    30.636441445833334,
    31.865283708333333,
    32.69989645,
    34.38739110625,
    35.843155727083335,
    37.06430570625,
    39.27006795208333,
    40.110449906250004,
    40.939293435416666,
    41.78929074375
  ],
  "Bass Drum 1": [
    1.0788427375,
    1.2403806875,
    1.7134561125,
    2.6788376708333335,
    3.7326804875,
    4.037487214583334,
    4.5288318125,
    4.838446216666667,
    5.3865214041666665,
    5.6961358083333336,
    6.195172689583333,
    6.500940952083333,
    7.033631572916667,
    8.72593390625,
    9.97208380625,
    10.123044866666667,
    14.796106991666667,
    15.110529072916666,
    16.969177033333334,
    17.4287909625,
    17.782635995833335,
    18.27974980625,
    18.58551806875,
    19.08455495,
    19.380707858333334,
    19.90089851875,
    22.630697566666665,
    23.59319451875,
    24.036462345833332,
    24.3287691125,
    24.844152095833334,
    25.16626646041667,
    25.682610979166668,
    25.997033060416666,
    26.510492972916666,
    26.81626123541667,
    28.807601083333335,
    29.697982879166666,
    29.856636222916666,
    30.312404010416667,
    31.383554464583334,
    31.648938239583334,
    32.16816736458333,
    32.46624334375,
    33.047972270833334,
    33.31912525833334,
    33.87296965833333,
    34.17008410208334,
    36.31526961666667,
    36.74507594791667,
    37.70853443541667,
    38.775838747916666,
    39.04314559375,
    39.596028458333336,
    39.89314290208333,
    40.442179625,
    40.734486391666664,
    41.25083091041667,
    41.551791495833335,
    42.110443572916665
  ],
  "Closed Hi Hat": [
    2.1990314979166667,
    2.81249109375,
    3.71248824375,
    8.885548785416667,
    10.557658875,
    11.069195716666666,
    11.396117758333334,
    11.70861676875,
    12.02015424375,
    12.315345616666667,
    12.621113879166668,
    12.933612889583333,
    13.233611939583334,
    13.54322634375,
    13.862456102083334,
    14.166301293750001,
    14.481684910416666,
    14.781683960416666,
    15.08360608125,
    15.404758910416668,
    15.717257920833333,
    16.0326415375,
    16.346102083333335,
    16.66437030625,
    22.20858351875,
    23.735501760416668,
    28.92971608125,
    30.4556727875,
    37.83930325208333
  ],