{
  "Acoustic Snare": [
    1.2395833333333333,
    1.35625
  ],
  "High Floor Tom": [
    1.46875,
    1.5854166666666667,
    1.7,
    1.83125
  ]
}