{
  "Bass Drum 1": [
    0.0,
    0.0346153875,
    0.07692308333333334,
    1.5942309020833334,
    1.8153847666666667,
    1.8711540020833333,
    3.6442310729166665,
    5.305769672916667,
    5.507692766666667,
    5.565385079166667,
    6.64038516875,
    6.696154404166666,
    7.351923689583333,
    7.405769847916667,
    7.444231389583333,
    8.930769975,
    9.161539225,
    9.257693079166666,
    11.025000918749999,
    12.682693364583333,
    12.907693383333333,
    13.001924160416667,
    14.02500116875,
    14.776924308333333,
    14.863462777083333,
    16.355770593749998,
    16.565385995833335,
    16.623078308333334,
    16.659616772916667,
    18.400001533333334,
    20.0423093625,
    20.276924766666667,
    20.334617079166666,
    20.375001697916666,
    21.440386402083334,
    22.140386460416668,
    22.230771083333334,
    23.74038659375,
    23.9653866125,
    24.059617389583334,
    25.786540610416665,
    27.405771514583332,
    27.6346176875,
    27.690386922916666,
    27.730771541666666,
    28.763463935416667,
    29.5038486125,
    29.598079389583333,
    31.123079516666667,
    31.353848766666665,
    31.411541079166668,
    31.450002620833335,
    33.1961566125,
    34.825002902083334,
    35.050002920833336,
    35.10577215625,
    35.146156775,
    36.19038763125,
    36.24423378958333,
    36.88077230416667,
    38.48461859166667,
    38.71538784166667,
    38.77115707708333,
    40.60577261458333,
    42.221157364583334,
    42.45384969166667,
    42.50961892708333,
    43.590388247916664,
    43.67500363958333,
    44.27692676666667,
    45.878849977083334,
    46.11154230416667,
    46.16731153958333,
    47.96346553541667,
    49.60192721041667,
    49.826927229166664,
    49.884619541666666,
    50.9538504,
    51.676927383333336,
    53.275004439583334,
    53.50192753541667,
    53.55769677083333,
    55.35961999791667,
    56.969235516666664,
    57.207697075,
    57.2653893875,
    58.35577409375
  ],
  "Closed Hi Hat": [
    0.0,
    0.45192311458333334,
    0.8903846895833333,
    1.3461539583333333,
    1.8192309208333333,
    2.2769232666666666,
    2.7211540729166668,
    3.192307958333333,
    3.6615387666666668,
    4.1423080375,
    4.5846157666666665,
    5.05961580625,
    5.534615845833334,
    5.9596158812499995,
    7.328846764583333,
    7.357692920833333,
    7.825000652083333,
    8.257692995833333,
    8.72884688125,
    9.180769995833334,
    9.655770035416667,
    10.098077764583334,
    10.57500088125,
    11.044231689583333,
    11.5269240375,
    11.992308691666667,
    12.4500010375,
    12.921154922916667,
    13.361539575,
    14.771155077083334,
    14.782693539583333,
    15.2423089625,
    15.676924383333333,
    16.157693654166668,
    16.590385997916666,
    17.053847575,
    17.496155304166667,
    17.9653861125,
    18.413463072916667,
    18.903847729166667,
    19.361540075,
    19.821155497916667,
    20.292309383333333,
    20.753847883333332,
    22.13461722916667,
    22.1423095375,
    22.6269249625,
    23.051924997916668,
    23.5269250375,
    23.984617383333333,
    24.4500020375,
    24.8884636125,
    25.340386727083335,
    25.81730984375,
    26.27884834375,
    26.738463766666666,
    27.180771495833334,
    27.64038691875,
    28.10769465,
    29.490387072916665,
    29.50961784375,
    29.99423326875,
    30.4500025375,
    30.919233345833334,
    31.365387229166668,
    31.8346180375,
    32.28077192083333,
    32.74423349791667,
    33.20961815208333,
    33.67692588333333,
    34.132695152083336,
    34.590387497916666,
    35.050002920833336,
    35.513464497916665,
    36.8653876875,
    36.8884646125,
    37.342310804166665,
    37.801926227083335,
    38.27692626666666,
    38.730772458333334,
    39.19808018958334,
    39.661541766666666,
    40.15961873125,
    40.623080308333336,
    41.100003425,
    41.5500034625,
    41.9884650375,
    42.44423430625,
    42.91731126875,
    44.25769599583333,
    44.284619075,
    44.746157575,
    45.67500380625,
    46.126926920833334,
    46.573080804166665,
    47.038465458333334,
    47.51346549791667,
    47.975003997916666,
    48.45385019166667,
    48.909619460416664,
    49.37885026875,
    49.83846569166666,
    50.269234958333335,
    51.67308122916667,
    52.14808126875,
    52.60961976875,
    53.090389039583336,
    53.528850614583334,
    53.986542960416664,
    54.434619920833335,
    54.90961996041666,
    55.371158460416666,
    55.8346200375,
    56.307697,
    56.77692780833333,
    57.22500476875,
    57.669235575
  ],
  "Acoustic Snare": [
    0.900000075,
    0.9903846979166666,
    2.7269233041666667,
    2.8307694666666667,
    2.9884617875,
    4.157692654166667,
    4.592308075,
    4.705769622916667,
    4.894231177083333,
    6.21346205625,
    6.42115438125,
    8.263462227083334,
    10.10192391875,
    10.357693170833333,
    11.99423176875,
    12.076924083333333,
    13.601924210416666,
    13.815385766666667,
    15.673078229166666,
    17.500001458333333,
    19.361540075,
    20.996155595833333,
    21.21346330625,
    23.050001920833335,
    24.8884636125,
    25.001925160416665,
    26.742309920833332,
    28.326925437499998,
    28.550002379166667,
    30.44423330625,
    32.28077192083333,
    34.13654130625,
    35.73846451666667,
    35.96923376666667,
    37.801926227083335,
    39.667310997916665,
    41.55577269375,
    43.138465133333334,
    43.363465152083336,
    45.198080689583335,
    45.2884653125,
    47.0423116125,
    48.48077327083333,
    48.909619460416664,
    50.4923119,
    50.72500422708333,
    52.617312077083334,
    54.461543,
    56.307697,
    57.89038943958333,
    58.128850997916665
  ],
  "Open Hi Hat": [
    6.671154402083333,
    6.80192364375,
    14.061539633333334,
    21.451924864583333,
    28.8000024,
    36.215387633333336,
    43.60192671041666,
    45.203849920833335,
    50.97115809375,
    51.6807735375,
    58.382697172916664
  ]
}