{
  "Closed Hi Hat": [
    0.7666666666666667,
    0.9450000000000001,
    1.01,
    1.0533333333333335,
    1.1066666666666667,
    1.1633333333333333,
    1.3566666666666667,
    1.57,
    1.7633333333333334,
    1.9766666666666668,
    2.1783333333333337,
    2.586666666666667,
    2.7783333333333333,
    2.876666666666667,
    2.97,
    3.0766666666666667,
    3.1750000000000003,
    3.3683333333333336,
    3.58,
    3.7683333333333335,
    3.991666666666667,
    4.136666666666667,
    4.19,
    4.408333333333333,
    6.15
  ],
  "Bass Drum 1": [
    1.56,
    2.1583333333333337,
    2.776666666666667,
    3.365,
    3.765
  ],
  "Acoustic Snare": [
    2.371666666666667,
    4.408333333333333
  ]
}