{
  "Crash Cymbal 1": [
    0.33198858333333336
  ],
  "Acoustic Snare": [
    0.33467675,
    0.49596675,
    0.6666653333333333,
    0.7661275000000001,
    0.8561810833333334,
    0.9569873333333334,
    1.0510731666666668,
    1.15725575,
    1.2432770833333333,
    1.3467715,
    1.4462336666666669,
    1.5604807500000002,
    2.8736501666666667,
    3.0497250833333336,
    3.1572517500000004,
    3.208326916666667,
    3.2513375833333336,
    3.37499325,
    3.4045630833333336,
    3.4301006666666667,
    3.470423166666667,
    3.52015425,
    3.643809916666667,
    3.6989173333333336,
    3.741928,
    3.7795623333333337,
    3.8104762500000002,
    3.8413901666666668,
    4.022841416666667,
    4.168002416666667,
    4.676065916666667,
    4.998645916666667
  ],
  "Closed Hi Hat": [
    0.5389774166666667
  ],
  "High Tom": [
    1.693545,
    1.7889749166666669,
    1.8924693333333336,
    1.9825229166666667,
    4.360206333333333
  ],
  "High Floor Tom": [
    2.0887055,
    2.204296666666667,
    2.3158555833333336,
    2.422038166666667,
    2.5255325833333333,
    4.827947333333333
  ],
  "Ride Cymbal 1": [
    2.877682416666667
  ],
  "Low-Mid Tom": [
    4.502679166666667
  ],
  "Open Hi Hat": [
    5.006710416666667
  ]
}