{
  "Acoustic Snare": [
    0.02232140625,
    0.20982121874999998,
    0.36904724999999994,
    1.0699394062499998,
    1.2633915937499998,
    1.4330342812499999
  ],
  "Bass Drum 1": [
    0.5535708749999999,
    1.6249983749999999
  ],
  "High Tom": [
    0.7157730937499999,
    2.12946215625,
    2.3214262499999996
  ],
  "High Floor Tom": [
    1.7857124999999998
  ],
  "Closed Hi Hat": [
    2.1235097812499997
  ]
}