{
  "Acoustic Snare": [
    0.03396739583333334,
    0.3858696166666667,
    0.9701088250000001
  ],
  "High Tom": [
    0.47282615,
    1.3057066958333334,
    1.4551632375,
    1.7649458875000001,
    1.9375002583333334
  ],
  "High Floor Tom": [
    0.5502718125
  ],
  "Bass Drum 1": [
    0.6399457375000001
  ]
}