{
  "Closed Hi Hat": [
    0.75,
    0.9383333333333334,
    1.0050000000000001,
    1.0933333333333335,
    1.1516666666666668,
    1.2483333333333335,
    1.3450000000000002,
    1.4033333333333333,
    1.445,
    1.4933333333333334,
    1.5533333333333335,
    1.7533333333333334,
    1.945,
    2.1533333333333333,
    2.5516666666666667,
    3.1483333333333334,
    3.181666666666667,
    3.3783333333333334,
    3.581666666666667,
    3.7833333333333337,
    3.9833333333333334,
    4.171666666666667,
    4.23,
    4.288333333333334,
    4.34,
    4.3950000000000005,
    4.505,
    4.576666666666667,
    4.631666666666667,
    4.673333333333334,
    4.718333333333334,
    4.756666666666667
  ],
  "Bass Drum 1": [
    2.165,
    2.7600000000000002,
    3.376666666666667,
    3.5883333333333334,
    4.778333333333333
  ],
  "Acoustic Snare": [
    2.3583333333333334,
    3.9800000000000004
  ],
  "Open Hi Hat": [
    2.756666666666667
  ],
  "Crash Cymbal 1": [
    4.776666666666667
  ]
}