{
  "Closed Hi Hat": [
    0.01041665625,
    0.7083326249999999,
    1.9389861562499997
  ],
  "Acoustic Snare": [
    0.0327380625,
    0.1458331875,
    0.25744021874999995,
    0.363094875,
    0.46279715624999995,
    0.6874993125,
    0.8214277499999999,
    0.9136895624999999,
    1.0282727812499999,
    1.1428559999999999,
    1.267855875,
    1.4062485937499998,
    1.58333175
  ],
  "High Tom": [
    1.7470220624999997,
    1.9255933124999998,
    2.1011883749999996
  ],
  "Bass Drum 1": [
    2.27380725
  ],
  "High Floor Tom": [
    2.446426125
  ]
}