{
  "Acoustic Snare": [
    0.009510870833333334,
    0.3328804791666667,
    0.9578805625,
    1.9239133000000002
  ],
  "High Tom": [
    0.4361413625
  ],
  "High Floor Tom": [
    0.513587025,
    1.3070653916666668,
    1.4660328041666668,
    1.6154893458333335
  ],
  "Bass Drum 1": [
    0.6222826916666667,
    1.7676632791666667
  ],
  "Closed Hi Hat": [
    1.2744566916666666
  ]
}