{
  "Closed Hi Hat": [
    0.05,
    0.135,
    0.2016666666666667,
    0.255,
    0.315,
    0.3616666666666667,
    0.5416666666666667,
    0.7433333333333334,
    0.9433333333333334,
    1.1416666666666668,
    1.3483333333333334,
    1.4700000000000002,
    1.5616666666666668,
    1.6533333333333335,
    1.76,
    1.8350000000000002,
    1.8783333333333334,
    1.9266666666666667,
    1.9833333333333334,
    2.1616666666666666,
    2.3683333333333336,
    2.5583333333333336,
    2.7583333333333333,
    2.941666666666667,
    3.1633333333333336,
    3.3533333333333335,
    3.5500000000000003,
    3.74,
    3.9583333333333335,
    4.141666666666667,
    4.376666666666667,
    4.463333333333334,
    4.576666666666667,
    4.648333333333333,
    4.7,
    4.755,
    4.8100000000000005,
    4.991666666666667,
    5.186666666666667,
    5.376666666666667,
    5.593333333333334,
    5.791666666666667,
    6.390000000000001,
    6.413333333333334,
    6.6033333333333335,
    6.785,
    6.981666666666667,
    7.180000000000001,
    7.371666666666667,
    7.4316666666666675,
    7.48,
    7.583333333333334,
    7.673333333333334,
    7.778333333333334,
    7.840000000000001,
    7.9316666666666675,
    7.996666666666667,
    8.163333333333334,
    8.371666666666668,
    8.561666666666667,
    8.770000000000001,
    8.958333333333334,
    9.155000000000001,
    9.351666666666667,
    9.566666666666666,
    9.76,
    9.826666666666668,
    9.876666666666667,
    9.936666666666667,
    9.99,
    10.183333333333334,
    10.386666666666667,
    10.588333333333335,
    10.978333333333333,
    11.178333333333335,
    11.381666666666668,
    12.213333333333335
  ],
  "Bass Drum 1": [
    0.525,
    0.7300000000000001,
    1.1500000000000001,
    2.1383333333333336,
    2.5633333333333335,
    3.036666666666667,
    3.1983333333333337,
    3.7600000000000002,
    4.995,
    5.386666666666667,
    5.796666666666667,
    5.99,
    6.416666666666667,
    6.985,
    8.201666666666668,
    8.568333333333333,
    8.965,
    9.360000000000001,
    9.556666666666667,
    10.178333333333335,
    10.961666666666668,
    11.181666666666667,
    11.788333333333334,
    12.576666666666668
  ],
  "Acoustic Snare": [
    0.7383333333333334,
    2.371666666666667,
    3.9450000000000003,
    5.593333333333334,
    7.173333333333334,
    8.770000000000001,
    10.383333333333335,
    10.780000000000001,
    11.16,
    11.373333333333335,
    11.585,
    11.986666666666668,
    12.233333333333334,
    12.406666666666668
  ],
  "Open Hi Hat": [
    5.985,
    11.573333333333334,
    11.780000000000001,
    11.996666666666668
  ],
  "High Tom": [
    10.775
  ],
  "Low-Mid Tom": [
    12.193333333333333
  ],
  "High Floor Tom": [
    12.39
  ]
}