{
  "Closed Hi Hat": [
    0.0,
    0.043154718749999994,
    0.70982071875,
    1.4107128749999998,
    2.1101169375
  ],
  "High Tom": [
    0.029761874999999997,
    0.21279740625,
    1.0744036874999998,
    1.2663677812499998,
    1.4255938124999998
  ],
  "High Floor Tom": [
    0.37202343749999994,
    0.7023802499999999,
    1.7604149062499999
  ],
  "Bass Drum 1": [
    1.5937484062499998
  ],
  "Acoustic Snare": [
    2.113093125,
    2.29910484375
  ]
}