{
  "Crash Cymbal 1": [
    0.0,
    0.9633153458333333,
    1.9755437416666668
  ],
  "Acoustic Snare": [
    0.0,
    0.9605979541666667,
    1.9714676541666667,
    2.048913316666667
  ],
  "High Tom": [
    0.44021745,
    1.4538045416666667
  ],
  "High Floor Tom": [
    0.5013587625,
    1.5258154208333334
  ],
  "Bass Drum 1": [
    0.6168479083333334,
    1.6331523916666668
  ]
}