{
  "Bass Drum 1": [
    0.0,
    0.5416666666666667,
    1.1600000000000001,
    1.7716666666666667,
    2.2033333333333336,
    3.1900000000000004,
    3.791666666666667,
    4.390000000000001,
    4.983333333333333,
    5.195,
    6.405,
    7.583333333333334,
    8.208333333333334,
    8.395000000000001,
    9.003333333333334,
    9.42,
    9.595,
    10.176666666666668,
    11.173333333333334,
    11.950000000000001,
    12.06,
    12.73,
    14.566666666666668,
    14.973333333333334,
    15.178333333333335,
    15.778333333333334,
    15.966666666666669,
    16.566666666666666,
    18.585,
    18.775000000000002,
    19.206666666666667,
    19.78666666666667,
    20.378333333333334,
    22.361666666666668,
    22.756666666666668,
    23.583333333333336,
    23.695,
    24.791666666666668,
    24.900000000000002,
    25.593333333333334
  ],
  "Closed Hi Hat": [
    0.0,
    0.15166666666666667,
    0.21000000000000002,
    0.23500000000000001,
    0.28833333333333333,
    0.3516666666666667,
    0.5416666666666667,
    0.7633333333333334,
    0.9516666666666668,
    1.1683333333333334,
    1.2733333333333334,
    1.3800000000000001,
    1.4833333333333334,
    1.58,
    1.7816666666666667,
    1.9866666666666668,
    2.1750000000000003,
    2.401666666666667,
    2.7033333333333336,
    2.7933333333333334,
    2.9200000000000004,
    2.9916666666666667,
    3.101666666666667,
    3.2033333333333336,
    3.3983333333333334,
    3.591666666666667,
    3.8000000000000003,
    3.996666666666667,
    4.175000000000001,
    4.401666666666667,
    4.57,
    4.786666666666667,
    4.991666666666667,
    5.198333333333333,
    5.381666666666667,
    5.605,
    5.795,
    5.905,
    5.996666666666667,
    6.193333333333333,
    6.305000000000001,
    6.691666666666667,
    6.785,
    6.973333333333334,
    7.201666666666667,
    7.388333333333334,
    7.606666666666667,
    7.811666666666667,
    7.908333333333334,
    8.006666666666668,
    8.205,
    8.41,
    8.603333333333333,
    8.816666666666666,
    9.008333333333335,
    9.21,
    9.406666666666668,
    9.516666666666667,
    9.608333333333334,
    9.813333333333334,
    9.996666666666668,
    10.196666666666667,
    10.398333333333333,
    10.58,
    10.776666666666667,
    10.88,
    10.961666666666668,
    11.053333333333335,
    11.16,
    11.265,
    11.348333333333334,
    11.450000000000001,
    11.55,
    11.651666666666667,
    12.258333333333335,
    12.356666666666667,
    12.450000000000001,
    13.545000000000002,
    13.590000000000002,
    13.758333333333335,
    13.861666666666668,
    13.961666666666668,
    14.061666666666667,
    14.270000000000001,
    14.38,
    14.576666666666668,
    14.761666666666668,
    14.956666666666667,
    15.181666666666668,
    15.361666666666668,
    15.571666666666667,
    15.758333333333335,
    15.97,
    16.14666666666667,
    16.353333333333335,
    16.55166666666667,
    16.758333333333333,
    16.950000000000003,
    17.168333333333333,
    17.325000000000003,
    17.381666666666668,
    17.991666666666667,
    18.19,
    18.58666666666667,
    19.18,
    19.383333333333333,
    19.580000000000002,
    19.77166666666667,
    19.98,
    20.165000000000003,
    20.37166666666667,
    20.565,
    20.763333333333335,
    20.951666666666668,
    21.163333333333334,
    21.348333333333336,
    21.455000000000002,
    21.74666666666667,
    21.87,
    21.96,
    22.063333333333336,
    22.16,
    22.255000000000003,
    22.361666666666668,
    22.55666666666667,
    22.651666666666667,
    22.770000000000003,
    22.965,
    23.066666666666666,
    23.168333333333337,
    23.265,
    23.888333333333335,
    23.983333333333334,
    24.076666666666668,
    24.183333333333334,
    24.278333333333336,
    24.37166666666667,
    24.475,
    25.065
  ],
  "Acoustic Snare": [
    0.7633333333333334,
    2.1483333333333334,
    2.3933333333333335,
    3.981666666666667,
    5.593333333333334,
    7.198333333333334,
    8.568333333333333,
    8.81,
    10.381666666666668,
    11.738333333333333,
    12.168333333333335,
    12.55,
    12.638333333333334,
    13.576666666666668,
    15.178333333333335,
    16.348333333333333,
    16.50166666666667,
    16.746666666666666,
    17.575000000000003,
    18.093333333333334,
    18.39,
    19.693333333333335,
    19.970000000000002,
    21.563333333333336,
    23.373333333333335,
    23.46666666666667,
    23.793333333333337,
    24.57,
    24.671666666666667,
    25.171666666666667,
    25.27166666666667,
    25.393333333333334
  ],
  "Open Hi Hat": [
    6.413333333333334,
    18.788333333333334
  ],
  "Crash Cymbal 1": [
    12.743333333333334,
    19.208333333333336,
    25.583333333333336
  ],
  "Low-Mid Tom": [
    24.975
  ]
}