{
  "Acoustic Snare": [
    1.7053574270833334,
    1.7928574416666667,
    1.8500003083333334,
    1.9178574625,
    2.0125003354166666,
    2.1142860666666667,
    2.42678611875,
    2.5321432791666667,
    2.6464290125,
    2.7500004583333335
  ],
  "High Tom": [
    2.326786102083333,
    2.857143333333333
  ],
  "High Floor Tom": [
    2.969643352083333,
    3.1714291
  ],
  "Low-Mid Tom": [
    3.0714290833333333,
    3.278571975
  ]
}