{
  "High Tom": [
    0.019345218749999997,
    0.20535693749999998,
    1.08779653125,
    1.2946415624999998
  ],
  "Closed Hi Hat": [
    0.0327380625,
    0.34672584375,
    1.3883914687499999
  ],
  "High Floor Tom": [
    0.5491065937499999,
    1.4464271249999998,
    1.6264864687499998
  ],
  "Bass Drum 1": [
    0.7217254687499999,
    1.7767839374999999,
    2.3482119375
  ],
  "Acoustic Snare": [
    2.1502954687499996,
    2.1964263749999997
  ]
}