{
  "Acoustic Snare": [
    0.010869566666666667,
    0.9510870833333334
  ],
  "Crash Cymbal 1": [
    0.010869566666666667,
    0.9687501291666667
  ],
  "High Tom": [
    0.4687500625,
    1.2975545208333334,
    1.4361414958333334,
    1.5883154291666668,
    1.7500002333333333
  ],
  "High Floor Tom": [
    0.5448370291666667,
    1.915761125,
    2.078804625
  ],
  "Bass Drum 1": [
    0.6250000833333333
  ]
}