{
  "Acoustic Snare": [
    0.0035714291666666667,
    0.19642860416666666,
    0.4285715,
    0.6553572520833333,
    0.8696430020833333,
    1.2857145,
    1.7178574291666666,
    2.1428575,
    2.5785718583333335,
    3.0125005020833333
  ],
  "High Floor Tom": [
    0.0035714291666666667,
    0.19642860416666666,
    0.4321429291666667,
    0.6535715375
  ],
  "Ride Cymbal 1": [
    0.8750001458333333,
    3.2250005375
  ],
  "Crash Cymbal 1": [
    1.29107164375,
    1.50535739375,
    1.7285717166666668,
    1.9267860354166666,
    2.150000358333333,
    2.36250039375,
    2.5892861458333334,
    2.798214752083333
  ],
  "Bass Drum 1": [
    3.264286258333333
  ]
}