{
  "Closed Hi Hat": [
    0.7533333333333334,
    2.805,
    2.89,
    3.686666666666667,
    3.8866666666666667,
    3.9783333333333335,
    4.075,
    7.863333333333334,
    9.438333333333334,
    10.308333333333334,
    10.678333333333335
  ],
  "Acoustic Snare": [
    2.375,
    2.986666666666667,
    3.0933333333333337,
    3.2883333333333336,
    3.606666666666667,
    4.181666666666667,
    4.278333333333333,
    4.471666666666667,
    4.573333333333333,
    5.243333333333334,
    5.348333333333334,
    5.443333333333333,
    5.541666666666667,
    5.633333333333334,
    5.713333333333334,
    5.816666666666667,
    5.921666666666667,
    6.013333333333334,
    7.960000000000001,
    8.020000000000001,
    8.07,
    8.121666666666668,
    8.185,
    8.291666666666668,
    8.485000000000001,
    8.588333333333335,
    8.686666666666667,
    8.97,
    9.06,
    9.33,
    9.975000000000001,
    10.073333333333334,
    10.183333333333334,
    10.278333333333334,
    10.391666666666667,
    10.578333333333333,
    10.681666666666667,
    10.755,
    10.83,
    10.906666666666668,
    10.988333333333333,
    11.053333333333335
  ],
  "Bass Drum 1": [
    2.591666666666667,
    2.705,
    3.4183333333333334,
    3.5033333333333334,
    4.985,
    5.08,
    6.276666666666667,
    6.355,
    9.680000000000001,
    11.15
  ],
  "High Tom": [
    3.1966666666666668,
    4.375,
    4.66,
    4.833333333333334,
    8.780000000000001,
    8.876666666666667,
    9.23,
    9.416666666666668,
    9.601666666666667
  ],
  "Low-Mid Tom": [
    4.746666666666667,
    6.121666666666667,
    9.151666666666667,
    10.486666666666668
  ],
  "High Floor Tom": [
    5.165,
    6.216666666666667,
    9.506666666666668,
    9.895000000000001
  ],
  "Crash Cymbal 1": [
    6.328333333333334,
    11.156666666666668
  ]
}