{
  "Bass Drum 1": [
    0.0,
    0.5327375624999999,
    1.0342251562499998,
    1.5595222499999999,
    2.0729145937499998,
    2.2559501249999996
  ],
  "Acoustic Snare": [
    0.18303553124999997,
    0.20833312499999998,
    0.333333,
    0.38244009374999993,
    0.6785707499999999,
    0.70386834375,
    0.851189625,
    0.8913681562499999,
    1.2425582812499998,
    1.2589273124999998,
    1.3928557499999998,
    1.4374985624999999,
    1.7321411249999998,
    1.7470220624999997,
    1.9166647499999998,
    1.9449385312499998,
    2.4434499374999996
  ],
  "High Floor Tom": [
    2.4077356874999998
  ]
}