{
  "Acoustic Snare": [
    0.0,
    0.9456523
  ],
  "Crash Cymbal 1": [
    0.0013586958333333334,
    0.9470109958333334,
    2.2500003
  ],
  "High Tom": [
    0.40896744583333333,
    1.2798914750000001,
    1.4279893208333334,
    1.5910328208333333,
    1.7622284958333334
  ],
  "High Floor Tom": [
    0.48369571666666666,
    1.915761125,
    2.0774459291666667
  ],
  "Bass Drum 1": [
    0.5896739916666667,
    2.2377720375
  ]
}