{
  "Closed Hi Hat": [
    0.0,
    0.765,
    1.9566666666666668,
    2.065,
    2.726666666666667,
    2.9233333333333333,
    4.668333333333334,
    8.798333333333334,
    9.265
  ],
  "Acoustic Snare": [
    0.9566666666666668,
    1.0616666666666668,
    1.1500000000000001,
    1.2433333333333334,
    1.5733333333333335,
    1.6616666666666668,
    1.76,
    1.8416666666666668,
    2.1583333333333337,
    2.256666666666667,
    2.3383333333333334,
    2.6300000000000003,
    3.0116666666666667,
    3.1183333333333336,
    3.2133333333333334,
    3.3133333333333335,
    3.5050000000000003,
    3.5933333333333337,
    3.7033333333333336,
    3.796666666666667,
    3.891666666666667,
    4.141666666666667,
    4.23,
    4.355,
    4.638333333333334,
    4.7283333333333335,
    4.786666666666667,
    4.855,
    4.953333333333334,
    5.258333333333334,
    5.58,
    5.676666666666667,
    5.765000000000001,
    5.880000000000001
  ],
  "Bass Drum 1": [
    1.3566666666666667,
    1.475,
    2.47,
    2.5483333333333333,
    6.221666666666667,
    6.316666666666667
  ],
  "High Tom": [
    3.411666666666667,
    4.418333333333334,
    5.055000000000001,
    5.161666666666667,
    5.36,
    5.971666666666667
  ],
  "Low-Mid Tom": [
    4.043333333333334,
    5.473333333333334,
    6.088333333333334
  ],
  "High Floor Tom": [
    6.196666666666667
  ],
  "Crash Cymbal 1": [
    6.305000000000001,
    6.521666666666667
  ]
}