{
  "Acoustic Snare": [
    0.04107143541666667,
    0.14642859583333334,
    0.68035725625,
    0.8982144354166667,
    1.0910716104166667,
    1.51607168125,
    1.6303574145833333,
    1.83750030625,
    2.1660717895833335,
    2.25535751875,
    2.451786122916667,
    2.680357589583333,
    2.7321433125,
    2.807143325,
    2.9035719125,
    3.0142862166666666,
    3.1214290916666667
  ],
  "Closed Hi Hat": [
    0.2571429,
    0.3553572020833333,
    0.7803572729166667,
    0.98571445,
    1.1982144854166668,
    1.307143075,
    1.41428595
  ],
  "Bass Drum 1": [
    0.41964292708333334,
    0.5464286625,
    1.92857175,
    2.0428574833333335
  ],
  "High Tom": [
    1.7321431458333334
  ],
  "Low-Mid Tom": [
    2.5732147145833335
  ],
  "High Floor Tom": [
    3.217857679166667,
    3.321429125
  ]
}