{
  "Closed Hi Hat": [
    0.0
  ],
  "Acoustic Snare": [
    0.20684503124999998,
    0.37053534374999997,
    0.7023802499999999,
    0.8913681562499999,
    1.4062485937499998,
    1.6562483437499997,
    1.8883909687499998,
    2.1473192812499997,
    2.3601166874999997
  ],
  "High Tom": [
    0.20982121874999998,
    0.3601186875,
    0.6934516875,
    0.8839276875
  ],
  "Bass Drum 1": [
    0.5059518749999999,
    1.047618,
    1.25148684375,
    1.5372008437499998,
    1.7633910937499997,
    1.9806527812499999
  ],
  "High Floor Tom": [
    1.4107128749999998,
    1.6473197812499998,
    1.8973195312499997,
    2.1383907187499998
  ]
}