{
  "Acoustic Snare": [
    0.006793479166666666,
    0.9456523,
    1.9089676458333333,
    1.956522
  ],
  "Crash Cymbal 1": [
    0.0122282625,
    0.9510870833333334
  ],
  "High Tom": [
    0.448369625,
    1.2744566916666666,
    1.4320654083333333,
    1.5910328208333333,
    1.7500002333333333
  ],
  "High Floor Tom": [
    0.5217392000000001
  ],
  "Bass Drum 1": [
    0.6385870416666667,
    2.0910328875
  ]
}