{
  "Acoustic Snare": [
    0.03571429166666667,
    0.10892858958333333,
    0.16785717083333335,
    0.22857146666666667,
    0.31607148125,
    0.40535721041666667,
    0.5142858,
    0.7357144083333333,
    0.7910715604166667,
    0.8392858541666667,
    0.9500001583333333,
    1.0410716020833333,
    1.7553574354166668,
    1.85892888125,
    1.9785717583333333,
    2.5392861375,
    2.7410718854166665,
    2.851786189583333,
    2.9500004916666667,
    3.0678576541666667
  ],
  "High Tom": [
    0.6250001041666666,
    1.1535716208333333,
    1.3678573708333333,
    2.0892860625,
    2.3142861
  ],
  "Low-Mid Tom": [
    1.264285925,
    1.6625002770833333
  ],
  "Bass Drum 1": [
    1.4607145291666668,
    1.5517859729166668,
    2.18571465,
    2.3910718270833335
  ],
  "Closed Hi Hat": [
    2.03035748125,
    2.207143225,
    2.439286120833333,
    3.1607148125
  ],
  "High Floor Tom": [
    3.16607195625,
    3.269643402083333
  ]
}