{
  "Closed Hi Hat": [
    0.0,
    0.714285
  ],
  "Bass Drum 1": [
    0.023809499999999997,
    0.5535708749999999,
    1.0446418124999999,
    1.2648796875,
    1.5312484687499999,
    1.7604149062499999,
    1.9702361249999998
  ],
  "High Tom": [
    0.19940456249999997,
    0.35863059374999995,
    0.6994040624999999,
    0.8928562499999999
  ],
  "Acoustic Snare": [
    0.20238074999999997,
    0.36755915624999996,
    0.7083326249999999,
    0.8988086249999999,
    1.40327240625,
    1.636903125,
    1.8616052812499997,
    2.1056526562499998
  ],
  "High Floor Tom": [
    1.3958319375,
    1.6443435937499997,
    1.8675576562499998,
    2.0907717187499997
  ]
}