{
  "Bass Drum 1": [
    0.0,
    0.31521743333333335,
    0.6453805208333333,
    0.9578805625,
    1.2866849541666667,
    1.6168480416666666,
    1.9470111291666667,
    2.258152475
  ],
  "Acoustic Snare": [
    0.0013586958333333334,
    0.3220109125,
    0.644021825,
    0.9578805625,
    1.2894023458333335,
    1.6290763041666667,
    1.7948371958333333,
    1.9429350416666666,
    2.1005437583333335,
    2.2486416041666666,
    2.4008155375
  ],
  "High Floor Tom": [
    0.0013586958333333334,
    0.3138587375,
    0.6480979125,
    0.9701088250000001,
    1.2989132166666666
  ]
}