{
  "Closed Hi Hat": [
    0.23392861041666665,
    0.32321433958333334,
    1.7053574270833334,
    1.8089288729166666,
    2.01428605,
    2.1125003520833334,
    2.2178575125,
    2.5607147125,
    2.6678575875,
    2.7750004625
  ],
  "Acoustic Snare": [
    0.4321429291666667,
    0.5428572333333334,
    0.63750010625,
    0.7517858395833333,
    1.1821430541666667,
    1.3839288020833334,
    1.4857145333333333,
    1.5964288375,
    1.9053574604166668,
    2.4607146958333335,
    2.864286191666667,
    2.9767862104166665,
    3.0750005125
  ],
  "Bass Drum 1": [
    0.8607144291666666,
    0.9750001625,
    2.257143233333333,
    3.3178576958333332
  ],
  "High Tom": [
    1.0750001791666666,
    3.1750005291666668
  ]
}