{
  "Closed Hi Hat": [
    0.0,
    1.04315371875,
    2.1086288437499996
  ],
  "Acoustic Snare": [
    0.20089265624999997,
    0.36160678124999995,
    0.40476149999999994,
    0.44196384375,
    0.51934471875,
    1.2648796875,
    1.3735105312499998,
    1.4434509374999998,
    1.5133913437499997,
    1.5892841249999998
  ],
  "Bass Drum 1": [
    0.5624994375,
    1.6458316874999999
  ],
  "High Floor Tom": [
    0.7127969062499999,
    1.7812482187499998
  ],
  "High Tom": [
    2.2976167499999995
  ]
}