{
  "Acoustic Snare": [
    0.00968309375,
    0.65228840625,
    0.84242915625,
    0.8714784375,
    4.21214578125,
    5.87411678125,
    7.5580948125,
    9.24911509375,
    10.94277621875,
    11.5827406875,
    12.633796499999999,
    14.327457625,
    15.35826696875,
    16.3521045,
    16.4647805,
    16.5721748125,
    17.774639,
    19.40756071875,
    21.1038626875,
    22.7834393125,
    23.12234759375,
    24.50967084375,
    24.83185378125,
    26.1496348125,
    26.68924721875,
    26.792240125,
    26.848578125,
    26.91283865625,
    26.978859749999998,
    27.66459884375,
    27.8732255,
    29.1601966875,
    29.4735768125,
    29.67868234375,
    29.79487946875,
    29.89435125,
    29.99910471875
  ],
  "Bass Drum 1": [
    0.20422525,
    0.56954196875,
    1.0580980625,
    1.4595063125,
    1.6954216874999999,
    3.3468293125,
    3.99735715625,
    6.735912125,
    7.13996121875,
    7.56953846875,
    8.0052776875,
    8.41284790625,
    8.82658009375,
    9.24911509375,
    9.67693178125,
    10.088023125,
    10.5158398125,
    10.95157903125,
    11.3679520625,
    11.792247625,
    12.197177,
    12.6285148125,
    13.0563315,
    13.4982326875,
    13.911964875,
    14.3239365,
    14.7764010625,
    15.15052059375,
    15.5756964375,
    15.999991999999999,
    16.440132625,
    16.88995634375,
    17.34594203125,
    17.764955906249998,
    18.169005,
    18.57481465625,
    18.98678628125,
    19.408441,
    19.84770134375,
    20.264074375,
    20.6989333125,
    21.11530634375,
    21.50615121875,
    21.9207636875,
    22.36002403125,
    22.79576325,
    23.22093909375,
    23.6214670625,
    24.08009359375,
    24.5263961875,
    24.9348466875,
    25.323930999999998,
    25.75350825,
    26.17340240625,
    26.57833178125,
    27.04224,
    27.45861303125,
    27.657556593749998,
    27.88731,
    28.063366249999998,
    28.29488021875,
    28.66283778125,
    30.20332996875,
    30.39699184375
  ],
  "Closed Hi Hat": [
    0.29841534375,
    1.25264021875,
    2.911970375,
    3.36003353125,
    3.64876578125,
    4.54137096875,
    4.96566653125,
    5.36355365625,
    6.21566590625,
    6.62587696875,
    7.03784859375,
    7.9058059062499995,
    8.20422125,
    9.58186140625,
    9.87763590625,
    10.4876708125,
    10.9207691875,
    11.27464225,
    14.6425983125,
    14.95157703125,
    16.7746395,
    17.32305471875,
    17.7323855,
    18.06249096875,
    18.3714696875,
    18.79136384375,
    19.38291284375,
    20.2517504375,
    20.68220796875,
    21.0897781875,
    21.468299124999998,
    21.71037646875,
    22.323932499999998,
    22.7587914375,
    23.23238275,
    24.0510443125,
    24.4982271875,
    24.933086125,
    25.09945928125,
    25.30280425,
    25.529916812499998,
    25.7306209375,
    26.1390714375,
    26.559845875,
    27.43220459375,
    27.86530296875,
    28.27551403125,
    28.656675812499998,
    30.0193511875,
    31.2447026875,
    31.668998249999998,
    32.08889240625,
    32.52551190625
  ],
  "High Tom": [
    0.40052796875,
    0.433098375,
    11.989430625,
    16.0087948125,
    19.84770134375,
    20.04928575,
    23.3432981875,
    23.52375584375,
    28.15755634375,
    30.10121734375
  ],
  "Low-Mid Tom": [
    1.070422,
    23.24030528125,
    27.66107771875,
    28.4594928125
  ],
  "High Floor Tom": [
    1.278168375,
    13.27376096875,
    16.67164659375,
    27.6601974375,
    28.7869574375,
    30.2094919375
  ],
  "Crash Cymbal 1": [
    1.70510478125,
    13.503514375,
    16.89435775,
    20.26847578125,
    23.62762903125,
    27.05896534375,
    29.165478375,
    29.580971124999998,
    30.40403409375
  ],
  "Ride Cymbal 1": [
    3.3644349375,
    3.55721653125,
    3.7623220625,
    3.9735895625,
    4.22270915625,
    4.651406125,
    4.88115953125,
    5.07834253125,
    5.2816875,
    5.4867930312499995,
    5.68397603125,
    5.890842125,
    6.3239405,
    6.5308065937499995,
    6.7411938125,
    6.93925709375,
    7.151404875,
    7.3503484375,
    7.57834128125,
    7.7904890625,
    8.00263684375,
    8.419009875,
    8.62235484375,
    8.839784312499999,
    9.26672071875,
    9.482389625,
    9.6848543125,
    10.0968259375,
    10.2975300625,
    10.5193609375,
    10.739431249999999,
    10.9630226875,
    11.17693103125,
    11.38291684375,
    11.7904870625,
    12.2095009375,
    12.41460646875,
    12.64700071875,
    12.8679513125,
    13.07745825,
    13.28608490625,
    13.9242888125,
    14.13115490625,
    14.341542125,
    14.54136596875,
    14.74559121875,
    15.1637248125,
    15.577456999999999,
    15.79136534375,
    16.21742146875,
    17.35122371875,
    17.56073065625,
    17.78256153125,
    17.989427625,
    18.17516696875,
    18.58361746875,
    18.9999905,
    19.2165396875,
    19.42868746875,
    19.64347609375,
    19.8538633125,
    20.05544771875,
    20.47622215625,
    20.700693875,
    20.904919125,
    21.12234859375,
    21.31248934375,
    21.51671459375,
    21.93396790625,
    22.37586909375,
    22.58889715625,
    22.80016465625,
    23.01671384375,
    24.30280475,
    24.73150171875,
    24.92252275,
    25.32129015625,
    25.7517476875,
    25.963015187499998,
    26.1778038125,
    26.390831875,
    26.59417684375,
    27.6566763125,
    28.0827324375,
    28.4700561875,
    28.883788374999998
  ],
  "Open Hi Hat": [
    21.40844,
    22.14347484375,
    30.3045623125
  ]
}