{
  "High Floor Tom": [
    0.0122282625,
    0.3301630875,
    0.6589674791666666,
    0.9796196958333334,
    2.2554350833333334,
    2.415761191666667
  ],
  "Bass Drum 1": [
    0.013586958333333333,
    0.326087,
    0.6548913916666667,
    0.9769023041666667,
    1.3097827833333333,
    1.6331523916666668,
    1.9524459125
  ],
  "Acoustic Snare": [
    0.024456525,
    0.3301630875,
    0.6576087833333334,
    0.9809783916666667,
    1.3165762625,
    1.4714675875,
    1.6372284791666667,
    1.7948371958333333
  ],
  "High Tom": [
    1.9470111291666667,
    2.095108975
  ]
}