{
  "Acoustic Snare": [
    0.0,
    0.08214287083333334,
    0.23214289583333333,
    0.38571435,
    0.5339286604166666,
    0.6946429729166667,
    0.8375001395833334,
    0.9839287354166667,
    1.1321430458333333,
    1.26964306875,
    1.4071430916666667,
    1.564285975,
    1.7107145708333333,
    1.74107171875,
    1.8553574520833334,
    2.0107146208333333,
    2.035714625,
    2.157143216666667,
    2.2892860958333334,
    2.4410718354166665,
    2.5785718583333335,
    2.7196433104166666,
    2.87142905,
    3.0178576458333333,
    3.1625005270833335,
    3.1946433895833333,
    3.2982148354166667
  ],
  "High Tom": [
    0.008928572916666667,
    0.14107145208333333,
    0.37678577708333333,
    0.6089286729166666
  ],
  "Low-Mid Tom": [
    0.8482144270833334,
    1.0517858895833334,
    1.2821430708333332,
    1.49464310625
  ],
  "High Floor Tom": [
    1.73035743125,
    1.950000325,
    2.16964321875,
    2.3875003979166665,
    2.616071864583333,
    2.8196433270833334,
    3.0250005041666665,
    3.23035768125
  ]
}