{
  "Closed Hi Hat": [
    0.0,
    1.0282727812499999,
    2.1160693124999996,
    2.3377952812499996
  ],
  "High Tom": [
    0.18601171874999997,
    1.2633915937499998,
    2.1339264374999996,
    2.32291434375
  ],
  "Acoustic Snare": [
    0.24851165624999996,
    0.32291634374999995,
    0.38690437499999997,
    0.47023762499999994,
    1.3541653125,
    1.4270819062499998,
    1.4836294687499998,
    1.5580341562499997
  ],
  "Bass Drum 1": [
    0.5252970937499999,
    1.6235102812499997
  ],
  "High Floor Tom": [
    0.6741064687499999,
    1.7559506249999999
  ]
}