{
  "High Floor Tom": [
    0.88116153125,
    3.82658259375,
    4.41813159375
  ],
  "Acoustic Snare": [
    1.01144315625,
    1.73503434375,
    1.8820413125,
    2.03256940625,
    2.17517496875,
    3.0871463437499997,
    3.221829375,
    3.51672359375,
    3.96918815625,
    4.57130053125,
    4.6989413125,
    5.11531434375,
    5.26320159375
  ],
  "Bass Drum 1": [
    1.186619125,
    1.3468303125,
    2.62675925,
    2.78609015625,
    4.15404721875,
    4.2940119375
  ],
  "Low-Mid Tom": [
    1.47183025,
    2.9445407812499997,
    4.97887075
  ],
  "High Tom": [
    1.60299215625,
    2.3239425,
    2.47447059375,
    3.37411803125,
    3.6742939375,
    4.8362651875,
    5.41460996875
  ]
}