{
  "Bass Drum 1": [
    0.0,
    0.32472830416666665,
    0.9796196958333334
  ],
  "Open Hi Hat": [
    0.0013586958333333334,
    0.3383152625,
    0.6644022625,
    0.986413175,
    1.3152175666666668
  ],
  "Acoustic Snare": [
    0.652174,
    0.73369575,
    1.3057066958333334,
    1.6263589125,
    1.7717393666666668,
    1.9388589541666668,
    2.0964676708333334,
    2.2486416041666666,
    2.4076090166666666
  ],
  "Closed Hi Hat": [
    2.2622285625000003
  ]
}