{
  "High Tom": [
    0.20892860625,
    0.3142857666666667,
    1.0464287458333332,
    1.1535716208333333,
    1.3785716583333334,
    1.5767859770833332,
    1.69821456875,
    1.81607173125,
    1.90178603125,
    2.0000003333333334
  ],
  "Acoustic Snare": [
    0.42321435625,
    0.5446429479166667,
    0.6285715333333334,
    0.7375001229166667,
    0.8285715666666666,
    0.9196430104166666,
    1.264285925,
    1.4767859604166667,
    2.10000035,
    2.208928939583333,
    2.3053575270833333,
    2.4089289729166667,
    2.635714725,
    2.7303575979166665,
    2.83392904375,
    2.9375004895833334,
    3.04821479375
  ],
  "Low-Mid Tom": [
    2.521428991666667
  ],
  "High Floor Tom": [
    3.1482148104166665,
    3.25178625625
  ]
}