{
  "Bass Drum 1": [
    0.0,
    0.33928537499999994,
    0.6785707499999999,
    1.0505941874999998,
    1.4270819062499998,
    2.2827358125
  ],
  "High Floor Tom": [
    0.007440468749999999,
    0.34523774999999995,
    0.6919635937499999,
    1.047618,
    1.42857,
    1.6130936249999999,
    1.7648791874999998,
    1.9583313749999998,
    2.1101169375
  ],
  "High Tom": [
    0.01041665625,
    0.34970203124999993,
    0.6874993125,
    1.0386894375,
    1.4270819062499998,
    1.59970078125,
    1.7782720312499998,
    1.9449385312499998,
    2.1220216874999998
  ],
  "Closed Hi Hat": [
    1.7619029999999998,
    2.095236,
    2.13541453125
  ],
  "Acoustic Snare": [
    2.4107118749999996,
    2.4523784999999996
  ]
}