{
  "Acoustic Snare": [
    0.85651365625,
    0.9806333125,
    1.6804569062499999,
    1.79489346875,
    1.93397790625,
    2.06778065625,
    2.362674875,
    2.503519875,
    3.49559684375,
    3.6320404375,
    4.22535,
    4.362673875,
    4.5123216875,
    4.65492725,
    5.34066634375,
    5.609152125,
    5.75263796875,
    6.73503184375,
    6.883799375,
    7.045771125,
    7.16196825,
    7.5633764999999995,
    7.6989398125,
    7.83186228125,
    7.982390375
  ],
  "Closed Hi Hat": [
    0.98327415625,
    8.11971425
  ],
  "Bass Drum 1": [
    1.15756984375,
    1.2869711875,
    3.0457731249999997,
    3.1918998125,
    6.2940109374999995,
    6.4454193125,
    8.3080944375,
    8.411967624999999
  ],
  "High Tom": [
    1.41461196875,
    1.55369640625,
    2.221829875,
    2.6426043125,
    2.93573796875,
    3.7931319062499997,
    4.09770921875,
    4.79489196875,
    4.8609130625,
    5.90844775,
    6.17869409375
  ],
  "Low-Mid Tom": [
    2.778167625,
    3.94982196875,
    4.93749753125,
    5.07482140625,
    5.47975078125,
    7.4278131875
  ],
  "High Floor Tom": [
    3.33890678125,
    5.211265,
    6.0431307812499995,
    6.6003488125,
    8.26143953125,
    9.6478825
  ],
  "Crash Cymbal 1": [
    8.4066859375
  ]
}