{
  "Acoustic Snare": [
    0.0,
    0.10775854166666667,
    0.22737052291666668,
    0.35237043125,
    0.47413758333333333,
    0.59805990625,
    0.72737015625,
    0.8566804062500001,
    0.98599065625,
    1.1174560770833333
  ],
  "High Tom": [
    1.2413784,
    1.3663783083333334
  ],
  "Closed Hi Hat": [
    1.38038691875,
    1.4719816791666667
  ],
  "High Floor Tom": [
    1.4946109729166668
  ]
}