{
  "Bass Drum 1": [
    0.011075954166666667,
    0.36629762708333335,
    0.6906648562500001,
    1.1170890916666667,
    1.4659816479166667,
    1.8560134625000002,
    2.2294313458333335,
    2.6044315083333336,
    2.9865519270833336,
    3.3750014625,
    3.765033277083334,
    4.140824579166667,
    4.520571579166667,
    4.909021114583334,
    5.296679510416667,
    5.692249302083334,
    6.071996302083334,
    6.46281925625,
    6.855224489583334,
    7.216775279166668,
    7.603642535416667,
    8.00079460625,
    8.348896022916668,
    8.726269604166667,
    9.093358370833334,
    9.474687650000002,
    9.872630860416667,
    10.278485466666668,
    10.642409675000001,
    10.995257929166668,
    11.342568206250002,
    11.74604939375,
    12.166935652083334,
    12.537980116666668,
    12.915353697916668,
    13.303803233333335,
    13.670100860416667,
    14.048265581250002,
    14.435923977083334,
    14.800639325,
    15.200164814583335,
    15.575164977083334,
    15.928804370833335,
    16.310924789583336,
    16.713614837500003,
    17.098899814583334,
    17.4731088375,
    17.833868487500002
  ],
  "Acoustic Snare": [
    0.29193050625000005,
    0.37341788333333337,
    0.5775318958333334,
    0.6653483895833334,
    0.7539560229166667,
    0.9422472437500001,
    1.7713615270833336,
    1.8481020666666668,
    2.068830010416667,
    2.1582287833333336,
    2.2341781833333334,
    2.4295896604166667,
    3.288767247916667,
    3.3710457645833336,
    3.577533195833334,
    3.6811724812500004,
    3.7579130208333336,
    3.9541156375,
    4.844938808333334,
    4.9224704875,
    5.12421108125,
    5.223103529166667,
    5.294306091666667,
    5.500793522916667,
    5.876584825,
    6.3750027625,
    6.454907860416667,
    6.659813012500001,
    6.7547497625,
    6.863927025000001,
    7.049844827083334,
    7.717566635416667,
    7.794307175000001,
    7.876585691666667,
    7.979433837500001,
    8.18354785,
    8.275320041666667,
    8.365509954166667,
    8.5443075,
    9.41535218125,
    9.493675000000001,
    9.699371291666667,
    9.791143483333334,
    9.872630860416667,
    10.071206895833335,
    10.929593343750001,
    11.010289581250001,
    11.220732710416668,
    11.31408718125,
    11.398739116666668,
    11.5822835,
    12.455701600000001,
    12.528486441666669,
    12.72864475625,
    12.812505552083335,
    12.895575208333334,
    13.106809477083335,
    13.968360483333335,
    14.047474441666669,
    14.239721360416668,
    14.331493552083336,
    14.416145487500001,
    14.611556964583334,
    15.4889307625,
    15.569627000000002,
    15.77611443125,
    15.8686777625,
    15.932760068750001,
    16.153488012500002,
    17.0269061125,
    17.106020070833335,
    17.3117163625,
    17.3971594375,
    17.47469111666667,
    17.67880512916667
  ],
  "High Tom": [
    1.129747325,
    1.2041144458333335,
    1.31012715,
    1.3829119916666668,
    2.628956835416667,
    2.7017416770833336,
    2.8101278,
    2.8750012458333334,
    4.156647370833333,
    4.235761329166667,
    4.339400614583334,
    4.435128504166667,
    5.713610070833334,
    5.776110097916667,
    5.8924076166666675,
    5.977059552083334,
    7.249212002083334,
    7.334655077083334,
    7.436712083333334,
    7.5181994604166675,
    8.746048093750002,
    8.829908889583335,
    8.92642791875,
    9.011079854166667,
    10.251586720833334,
    10.359181704166668,
    11.780859535416667,
    11.863929191666667,
    13.309341210416667,
    13.375796935416668,
    13.490512175000001,
    13.598898297916667,
    14.829120350000002,
    14.911398866666667,
    15.017411570833335,
    15.095734389583335,
    16.35522860625,
    16.452538775,
    16.548266664583334,
    16.627380622916668,
    17.878963443750003,
    17.941463470833334,
    18.04668503541667,
    18.11155848125
  ],
  "Low-Mid Tom": [
    1.4810133,
    2.9794316708333337,
    4.522944997916667,
    6.071205162500001,
    7.605224814583334,
    9.0996874875,
    10.6281691625,
    11.966777337500002,
    12.0617140875,
    13.668518581250002,
    15.190671139583335,
    16.708868000000002,
    18.203330672916668
  ],
  "High Floor Tom": [
    10.45016275625,
    10.541934947916667,
    12.157441977083334
  ]
}