{
  "Bass Drum 1": [
    0.010576889583333334,
    0.3288451125,
    0.8317281354166667,
    1.1182656895833334,
    1.6288409958333334,
    1.91826315625,
    2.4384538166666667,
    2.7384528666666665,
    3.249028172916667
  ],
  "Acoustic Snare": [
    0.10769196666666667,
    0.41249869375,
    0.7173054208333334,
    0.92595860625,
    1.2076884833333335,
    1.5307643833333333,
    1.7499944583333333,
    2.02787819375,
    2.35095409375,
    2.5624918854166667,
    2.8403756208333335,
    3.1451823479166667,
    3.3519124625,
    3.60287320625,
    3.9115260750000003,
    4.07594863125
  ],
  "Ride Cymbal 1": [
    0.20673011458333335,
    0.6173057375000001,
    1.0076891166666666,
    1.419226275,
    1.8365326458333333,
    2.2365313791666668,
    2.6490300729166667,
    2.8172987708333332,
    3.0403749875,
    3.4557582875
  ],
  "Open Hi Hat": [
    0.5182675895833333,
    1.3201881270833333,
    2.134608625,
    2.9413368395833333
  ]
}