{
  "Crash Cymbal 1": [
    0.01,
    8.9675
  ],
  "Closed Hi Hat": [
    0.01875,
    0.315,
    0.61625,
    0.915,
    1.2237500000000001,
    1.5275,
    1.80875,
    2.1125,
    2.4075,
    2.70125,
    2.995,
    3.29875,
    3.5925000000000002,
    3.89625,
    4.1925,
    4.4975000000000005,
    4.79875,
    5.095,
    5.3812500000000005,
    5.68125,
    5.9875,
    6.28875,
    6.5875,
    6.905,
    7.20625,
    7.49875,
    7.79125,
    8.0725,
    8.37625,
    8.66375
  ],
  "Bass Drum 1": [
    0.0225,
    1.2125000000000001,
    1.51375,
    2.11,
    2.41125,
    3.58875,
    3.88875,
    4.3725000000000005,
    4.79875,
    5.0912500000000005,
    6.29375,
    6.76125,
    7.0725,
    7.22625,
    7.50375,
    8.19125,
    8.31125,
    8.66,
    8.97125
  ],
  "Acoustic Snare": [
    0.61375,
    1.7975,
    2.9925,
    3.44625,
    4.19125,
    4.66625,
    5.375,
    5.985,
    6.5875,
    7.7875000000000005,
    8.383750000000001
  ]
}