{
  "Acoustic Snare": [
    3.24375,
    3.497916666666667
  ],
  "Closed Hi Hat": [
    3.24375
  ],
  "Open Hi Hat": [
    3.5
  ]
}