{
  "Bass Drum 1": [
    1.2486534166666667,
    2.2258020000000003,
    3.8198848333333335,
    4.817194666666667,
    5.608859750000001,
    5.756708916666667,
    6.44756775,
    9.122293583333335,
    10.829279416666667,
    10.924709333333334,
    11.444869583333334,
    11.585998333333334,
    12.252663666666667,
    12.7499745,
    12.889759166666668,
    13.518790166666667,
    14.780884416666668,
    15.288947916666668,
    15.446205666666668,
    16.065828083333333,
    16.69754725,
    17.335986833333333,
    17.966361916666667,
    18.071200416666667,
    19.897809666666667,
    20.049691083333336,
    21.755332833333334,
    21.887053,
    22.534901166666668,
    23.201566500000002,
    23.864199583333335,
    24.497262833333334,
    25.171992666666668,
    25.802367750000002,
    26.448871833333335,
    27.065806083333335,
    27.706933833333334,
    28.372255083333336,
    28.983813,
    29.631661166666667,
    30.267412583333336,
    30.91391666666667,
    32.18676358333334,
    32.83326766666667,
    33.51202975,
    34.14106075,
    34.81175833333334,
    35.4596065,
    37.290248000000005,
    37.39911875,
    38.069816333333335,
    39.032180000000004,
    39.50932958333333,
    39.96631791666667,
    40.91658483333334,
    42.50125908333334,
    42.9918495,
    45.59533891666667,
    45.77679016666667,
    46.92194916666667,
    47.093991833333334,
    47.78485066666667,
    49.34398733333334,
    49.822481,
    50.14909325,
    50.29963058333334,
    52.66924950000001,
    52.858765250000005,
    53.857419166666666,
    55.00123408333334,
    55.32381408333334,
    58.011980750000006,
    62.86143341666667,
    63.03885241666667,
    68.36142241666667,
    69.3305065,
    70.93130975000001,
    71.89770566666667,
    73.37754141666667,
    73.51194975,
    74.483722,
    76.11006283333334,
    77.0724265,
    77.4111355,
    78.68398241666667,
    79.67188366666667,
    81.27806325,
    83.83182158333334,
    86.44203141666667,
    89.048209,
    91.78476266666667,
    92.11540716666667,
    94.02669366666667,
    94.20276858333334,
    94.85599308333335,
    95.48233591666667,
    96.41244158333333,
    96.91244058333334,
    97.40571916666667,
    97.87480425000001,
    98.02802975
  ],
  "Closed Hi Hat": [
    1.2768791666666668,
    1.4448895833333335,
    1.5618248333333333,
    1.9112865,
    2.067200166666667,
    2.2338665,
    2.38305975,
    2.547037916666667,
    2.6962311666666667,
    2.8467685,
    3.0094025833333333,
    3.1706925833333335,
    3.317197666666667,
    3.483864,
    3.6451540000000002,
    3.82660525,
    3.9878952500000002,
    4.134400333333334,
    4.497302833333333,
    4.655904666666667,
    4.817194666666667,
    4.961011583333334,
    5.129022,
    5.293000166666667,
    5.439505250000001,
    5.591386666666667,
    5.771493833333333,
    5.930095666666667,
    6.087353416666667,
    6.266116500000001,
    6.442191416666667,
    6.602137333333333,
    6.780900416666667,
    7.090039583333334,
    7.256705916666667,
    7.724446916666667,
    7.892457333333334,
    8.042994666666667,
    8.190843833333334,
    9.594066833333335,
    11.710998083333335,
    12.10078225,
    12.255351833333334,
    12.435459000000002,
    12.565835083333335,
    12.716372416666667,
    12.88303875,
    13.048361000000002,
    13.197554250000001,
    13.350779750000001,
    13.516102,
    13.673359750000001,
    14.131692166666667,
    14.166638333333335,
    14.306423,
    14.469057083333334,
    14.615562166666667,
    14.934109916666667,
    15.095399916666668,
    15.252657666666668,
    15.427388500000001,
    15.556420500000002,
    15.715022333333334,
    15.8790005,
    16.044322750000003,
    16.220397666666667,
    16.380343583333335,
    16.541633583333333,
    16.70023541666667,
    16.864213583333335,
    17.033568083333336,
    17.184105416666668,
    17.34270725,
    17.49593275,
    17.990555416666666,
    18.145125,
    18.2983505,
    19.263402333333335,
    20.592700750000002,
    21.212323166666668,
    22.189471750000003,
    22.368234833333336,
    22.534901166666668,
    22.71366425,
    22.877642416666667,
    23.049685083333333,
    23.19753425,
    23.37495325,
    23.528178750000002,
    23.70022141666667,
    23.85075875,
    24.025489583333336,
    24.186779583333333,
    24.32925241666667,
    24.694843083333335,
    24.764735416666667,
    24.844036333333335,
    25.012046750000003,
    25.34269125,
    25.47978775,
    25.630325083333336,
    25.791615083333333,
    25.94752875,
    26.120915500000002,
    26.2660765,
    26.42602241666667,
    26.60075325,
    26.748602416666667,
    26.908548333333336,
    27.072526500000002,
    27.247257333333334,
    27.392418333333335,
    27.541611583333335,
    27.869567916666668,
    28.033546083333334,
    28.178707083333336,
    28.350749750000002,
    28.49591075,
    28.83461975,
    29.18811366666667,
    29.25397375,
    29.338651000000002,
    29.49456466666667,
    29.654510583333334,
    29.81311241666667,
    30.259348083333336,
    30.284885666666668,
    30.40585316666667,
    30.88972316666667,
    31.07117441666667,
    31.231120333333337,
    31.69751725,
    31.870904000000003,
    32.02547358333334,
    32.354774,
    32.701547500000004,
    32.84939666666667,
    33.020095250000004,
    33.17332075,
    33.349395666666666,
    33.51202975,
    33.68272833333334,
    33.839986083333336,
    33.98783525,
    34.36149041666667,
    34.42466233333334,
    34.50665141666667,
    34.6692855,
    34.81982283333333,
    34.995897750000005,
    35.13568241666667,
    35.294284250000004,
    35.61552016666667,
    35.915250750000006,
    36.72976525,
    37.21632341666667,
    37.935408,
    38.07788083333334,
    38.257988000000005,
    38.40718125,
    38.56847125,
    38.719008583333334,
    38.88298675,
    39.0563735,
    39.20287858333334,
    39.3466955,
    39.50932958333333,
    39.66389916666667,
    39.821156916666666,
    39.973038333333335,
    40.1370165,
    40.44212341666667,
    40.589972583333335,
    40.75932708333334,
    40.923305250000006,
    41.08325116666667,
    41.223035833333334,
    41.39776666666667,
    41.55099216666667,
    41.70018541666667,
    41.87357216666667,
    42.02814175,
    42.33996908333334,
    42.49857091666667,
    42.659860916666666,
    42.83727991666667,
    42.9918495,
    43.146419083333335,
    43.31039725,
    43.464966833333335,
    43.77679416666667,
    43.80770808333334,
    44.11953541666667,
    45.07921091666667,
    46.43673508333334,
    48.06173183333333,
    48.237806750000004,
    48.40850533333334,
    48.564419,
    48.733773500000005,
    48.88834308333334,
    49.042912666666666,
    49.20285858333334,
    49.37355716666667,
    49.524094500000004,
    49.665223250000004,
    49.84533041666667,
    49.9918355,
    50.15178141666667,
    50.303662833333334,
    50.464952833333335,
    50.774092,
    50.93134975,
    51.58323016666667,
    51.74452016666667,
    51.907154250000005,
    52.06037975,
    52.22301383333334,
    52.37623933333334,
    52.53752933333334,
    52.70016341666667,
    52.860109333333334,
    53.021399333333335,
    53.17328075,
    53.35876425,
    53.50930158333334,
    53.68403241666667,
    53.854731,
    54.00661241666667,
    54.161182000000004,
    54.32516016666667,
    54.50257916666667,
    54.64505200000001,
    54.82650325,
    54.97300833333334,
    55.15983591666667,
    55.29693241666667,
    55.46091058333334,
    55.61682425,
    55.928651583333334,
    56.09128566666667,
    56.25391975,
    56.71225216666667,
    56.73106933333334,
    56.886983,
    57.048273,
    57.20687483333334,
    57.86009933333334,
    58.18267933333334,
    58.217625500000004,
    58.525420583333336,
    58.69074283333334,
    58.85203283333334,
    59.15982791666667,
    59.331870583333334,
    59.48240791666667,
    59.602031333333336,
    59.811708333333335,
    59.96627791666667,
    60.12756791666667,
    60.44745975,
    60.612782,
