{
  "Closed Hi Hat": [
    0.5355263604166667
  ],
  "Acoustic Snare": [
    0.9065790229166667,
    1.3907895895833333,
    1.5302632854166667,
    1.6750001395833334,
    1.8407896270833335
  ],
  "High Floor Tom": [
    0.9131579708333334
  ],
  "High Tom": [
    1.2223685229166668,
    1.9921054291666667
  ],
  "Low-Mid Tom": [
    1.2342106291666668,
    2.1500001791666667
  ]
}